section_id,ge_code
2025_Spring_81025,GE II: Science and Technology
2025_Spring_68050,GE III: Social & Behavioral Sciences
2025_Spring_12020,GE III: Social & Behavioral Sciences
2025_Spring_67450,GE Ib: Upper Division Writing
2025_Spring_54000,GE III: Social & Behavioral Sciences
2025_Spring_67100,GE III: Social & Behavioral Sciences
2025_Spring_67100,GE VII: Multicultural Studies
2025_Spring_69460,GE Ib: Upper Division Writing
2025_Spring_70220,GE III: Social & Behavioral Sciences
2025_Spring_70220,GE VII: Multicultural Studies
2025_Spring_27606,GE Ia: Lower Division Writing
2025_Spring_33016,GE Ia: Lower Division Writing
2025_Spring_33171,GE Ia: Lower Division Writing
2025_Spring_33172,GE Ia: Lower Division Writing
2025_Spring_33211,GE Ia: Lower Division Writing
2025_Spring_33212,GE Ia: Lower Division Writing
2025_Spring_28116,GE Ia: Lower Division Writing
2025_Spring_44220,GE Vb: Formal Reasoning
2025_Spring_50070,GE Ib: Upper Division Writing
2025_Spring_31310,GE VI: Language Other Than English
2025_Spring_24817,GE VI: Language Other Than English
2025_Spring_60000,GE III: Social & Behavioral Sciences
2025_Spring_60000,GE VIII: International/Global Issues
2025_Spring_31274,GE IV: Arts and Humanities
2025_Spring_31274,GE VIII: International/Global Issues
2025_Spring_31325,GE VIII: International/Global Issues
2025_Spring_60150,GE III: Social & Behavioral Sciences
2025_Spring_60150,GE VIII: International/Global Issues
2025_Spring_31352,GE VII: Multicultural Studies
2025_Spring_05815,GE Ib: Upper Division Writing
2025_Spring_33397,GE Ia: Lower Division Writing
2025_Spring_33400,GE Ia: Lower Division Writing
2025_Spring_24215,GE Ib: Upper Division Writing
2025_Spring_33346,GE Ia: Lower Division Writing
2025_Spring_44107,GE Vb: Formal Reasoning
2025_Spring_44115,GE Vb: Formal Reasoning
2025_Spring_44200,GE Vb: Formal Reasoning
2025_Spring_44620,GE II: Science and Technology
2025_Spring_44620,GE Vb: Formal Reasoning
2025_Spring_13301,GE Ib: Upper Division Writing
2025_Spring_22711,GE IV: Arts and Humanities
2025_Spring_22711,GE VIII: International/Global Issues
2025_Spring_24100,GE IV: Arts and Humanities
2025_Spring_47000,GE II: Science and Technology
2025_Spring_47000,GE Va: Quantitative Literacy
2025_Spring_47030,GE II: Science and Technology
2025_Spring_47030,GE Va: Quantitative Literacy
2025_Spring_44590,GE II: Science and Technology
2025_Spring_44590,GE Vb: Formal Reasoning
2025_Spring_60260,GE VIII: International/Global Issues
2025_Spring_60400,GE Ib: Upper Division Writing
2025_Spring_23370,GE IV: Arts and Humanities
2025_Spring_62370,GE Ib: Upper Division Writing
2025_Spring_64040,GE III: Social & Behavioral Sciences
2025_Spring_64040,GE VIII: International/Global Issues
2025_Spring_64070,GE III: Social & Behavioral Sciences
2025_Spring_64070,GE VIII: International/Global Issues
2025_Spring_64310,GE Ib: Upper Division Writing
2025_Spring_35890,GE Ib: Upper Division Writing
2025_Spring_47560,GE Ib: Upper Division Writing
2025_Spring_70300,GE VII: Multicultural Studies
2025_Spring_87650,GE III: Social & Behavioral Sciences
2025_Spring_42000,GE II: Science and Technology
2025_Spring_42000,GE Va: Quantitative Literacy
2025_Spring_03042,GE IV: Arts and Humanities
2025_Spring_03042,GE VIII: International/Global Issues
2025_Spring_03144,GE Ib: Upper Division Writing
2025_Spring_70150,GE Vb: Formal Reasoning
2025_Spring_70100,GE Va: Quantitative Literacy
2025_Spring_22060,GE VIII: International/Global Issues
2025_Spring_29331,GE VIII: International/Global Issues
2025_Spring_49210,GE Ib: Upper Division Writing
2025_Spring_33386,GE Ia: Lower Division Writing
2025_Spring_33418,GE Ia: Lower Division Writing
2025_Spring_67020,GE III: Social & Behavioral Sciences
2025_Spring_81010,GE II: Science and Technology
2025_Spring_05547,GE Ib: Upper Division Writing
2025_Spring_05851,GE Ib: Upper Division Writing
2025_Spring_28111,GE Ia: Lower Division Writing
2025_Spring_33303,GE Ia: Lower Division Writing
2025_Spring_33304,GE Ia: Lower Division Writing
2025_Spring_33394,GE Ia: Lower Division Writing
2025_Spring_33421,GE Ia: Lower Division Writing
2025_Spring_33422,GE Ia: Lower Division Writing
2025_Spring_33425,GE Ia: Lower Division Writing
2025_Spring_47155,GE II: Science and Technology
2025_Spring_47155,GE Va: Quantitative Literacy
2025_Spring_70000,GE III: Social & Behavioral Sciences
2025_Spring_53200,GE VII: Multicultural Studies
2025_Spring_69020,GE III: Social & Behavioral Sciences
2025_Spring_69020,GE VII: Multicultural Studies
2025_Spring_69040,GE III: Social & Behavioral Sciences
2025_Spring_69040,GE VII: Multicultural Studies
2025_Spring_69060,GE III: Social & Behavioral Sciences
2025_Spring_69060,GE VIII: International/Global Issues
2025_Spring_70065,GE III: Social & Behavioral Sciences
2025_Spring_70065,GE VIII: International/Global Issues
2025_Spring_71501,GE Ib: Upper Division Writing
2025_Spring_26550,GE IV: Arts and Humanities
2025_Spring_26550,GE VIII: International/Global Issues
2025_Spring_64060,GE III: Social & Behavioral Sciences
2025_Spring_64060,GE VIII: International/Global Issues
2025_Spring_68000,GE III: Social & Behavioral Sciences
2025_Spring_69000,GE III: Social & Behavioral Sciences
2025_Spring_69000,GE VII: Multicultural Studies
2025_Spring_37130,GE Va: Quantitative Literacy
2025_Spring_47140,GE II: Science and Technology
2025_Spring_47140,GE Va: Quantitative Literacy
2025_Spring_15405,GE III: Social & Behavioral Sciences
2025_Spring_25610,GE VI: Language Other Than English
2025_Spring_28922,GE VIII: International/Global Issues
2025_Spring_05780,GE Ib: Upper Division Writing
2025_Spring_33260,GE Ia: Lower Division Writing
2025_Spring_33262,GE Ia: Lower Division Writing
2025_Spring_33231,GE Ia: Lower Division Writing
2025_Spring_33245,GE Ia: Lower Division Writing
2025_Spring_33306,GE Ia: Lower Division Writing
2025_Spring_33369,GE Ia: Lower Division Writing
2025_Spring_33370,GE Ia: Lower Division Writing
2025_Spring_64615,GE Ib: Upper Division Writing
2025_Spring_65010,GE III: Social & Behavioral Sciences
2025_Spring_65010,GE Vb: Formal Reasoning
2025_Spring_70180,GE III: Social & Behavioral Sciences
2025_Spring_70180,GE VIII: International/Global Issues
2025_Spring_33034,GE Ia: Lower Division Writing
2025_Spring_05775,GE Ib: Upper Division Writing
2025_Spring_12000,GE III: Social & Behavioral Sciences
2025_Spring_28901,GE VI: Language Other Than English
2025_Spring_31271,GE VIII: International/Global Issues
2025_Spring_29820,GE IV: Arts and Humanities
2025_Spring_66110,GE Vb: Formal Reasoning
2025_Spring_66170,GE II: Science and Technology
2025_Spring_44000,GE Vb: Formal Reasoning
2025_Spring_62050,GE Va: Quantitative Literacy
2025_Spring_62030,GE Va: Quantitative Literacy
2025_Spring_44100,GE Vb: Formal Reasoning
2025_Spring_44300,GE Vb: Formal Reasoning
2025_Spring_53000,GE III: Social & Behavioral Sciences
2025_Spring_54030,GE III: Social & Behavioral Sciences
2025_Spring_66160,GE II: Science and Technology
2025_Spring_66160,GE III: Social & Behavioral Sciences
2025_Spring_70360,GE Ib: Upper Division Writing
2025_Spring_23002,GE IV: Arts and Humanities
2025_Spring_23002,GE VIII: International/Global Issues
2025_Spring_03044,GE IV: Arts and Humanities
2025_Spring_03044,GE VIII: International/Global Issues
2025_Spring_62100,GE III: Social & Behavioral Sciences
2025_Spring_81220,GE Ib: Upper Division Writing
2025_Spring_12231,GE Ib: Upper Division Writing
2025_Spring_35600,GE III: Social & Behavioral Sciences
2025_Spring_28904,GE VI: Language Other Than English
2025_Spring_65000,GE VII: Multicultural Studies
2025_Spring_66130,GE II: Science and Technology
2025_Spring_66130,GE Va: Quantitative Literacy
2025_Spring_67060,GE III: Social & Behavioral Sciences
2025_Spring_67060,GE VIII: International/Global Issues
2025_Spring_54070,GE III: Social & Behavioral Sciences
2025_Spring_53170,GE III: Social & Behavioral Sciences
2025_Spring_62000,GE II: Science and Technology
2025_Spring_62000,GE III: Social & Behavioral Sciences
2025_Spring_64090,GE III: Social & Behavioral Sciences
2025_Spring_64090,GE VIII: International/Global Issues
2025_Spring_70020,GE III: Social & Behavioral Sciences
2025_Spring_70170,GE III: Social & Behavioral Sciences
2025_Spring_70170,GE VIII: International/Global Issues
2025_Spring_87690,GE III: Social & Behavioral Sciences
2025_Spring_33460,GE Ib: Upper Division Writing
2025_Spring_05546,GE Ib: Upper Division Writing
2025_Spring_70363,GE Ib: Upper Division Writing
2025_Spring_68110,GE Vb: Formal Reasoning
2025_Spring_67010,GE III: Social & Behavioral Sciences
2025_Spring_67094,GE III: Social & Behavioral Sciences
2025_Spring_67094,GE VII: Multicultural Studies
2025_Spring_68030,GE III: Social & Behavioral Sciences
2025_Spring_50185,GE Ib: Upper Division Writing
2025_Spring_64080,GE III: Social & Behavioral Sciences
2025_Spring_64080,GE VIII: International/Global Issues
2025_Spring_62460,GE Ib: Upper Division Writing
2025_Spring_67072,GE III: Social & Behavioral Sciences
2025_Spring_67072,GE VIII: International/Global Issues
2025_Spring_26620,GE II: Science and Technology
2025_Spring_26620,GE IV: Arts and Humanities
2025_Spring_69565,GE Ib: Upper Division Writing
2025_Spring_33437,GE Ia: Lower Division Writing
2025_Spring_27800,GE IV: Arts and Humanities
2025_Spring_27800,GE VII: Multicultural Studies
2025_Spring_27800,GE VIII: International/Global Issues
2025_Spring_27707,GE Ia: Lower Division Writing
2025_Spring_27803,GE Ia: Lower Division Writing
2025_Spring_28125,GE Ia: Lower Division Writing
2025_Spring_05750,GE Ib: Upper Division Writing
2025_Spring_30300,GE IV: Arts and Humanities
2025_Spring_05518,GE Ib: Upper Division Writing
2025_Spring_05542,GE Ib: Upper Division Writing
2025_Spring_13270,GE Ib: Upper Division Writing
2025_Spring_30320,GE IV: Arts and Humanities
2025_Spring_30320,GE Vb: Formal Reasoning
2025_Spring_30550,GE II: Science and Technology
2025_Spring_30550,GE Va: Quantitative Literacy
2025_Spring_31330,GE VIII: International/Global Issues
2025_Spring_33223,GE Ia: Lower Division Writing
2025_Spring_28102,GE Ia: Lower Division Writing
2025_Spring_22022,GE VI: Language Other Than English
2025_Spring_33433,GE Ia: Lower Division Writing
2025_Spring_26580,GE IV: Arts and Humanities
2025_Spring_64000,GE III: Social & Behavioral Sciences
2025_Spring_64000,GE VIII: International/Global Issues
2025_Spring_29316,GE VI: Language Other Than English
2025_Spring_22080,GE VIII: International/Global Issues
2025_Spring_28126,GE Ia: Lower Division Writing
2025_Spring_01014,GE IV: Arts and Humanities
2025_Spring_05788,GE Ib: Upper Division Writing
2025_Spring_05152,GE II: Science and Technology
2025_Spring_12005,GE Va: Quantitative Literacy
2025_Spring_33376,GE Ia: Lower Division Writing
2025_Spring_27603,GE Ia: Lower Division Writing
2025_Spring_27705,GE Ia: Lower Division Writing
2025_Spring_28122,GE Ia: Lower Division Writing
2025_Spring_28124,GE Ia: Lower Division Writing
2025_Spring_28425,GE Ib: Upper Division Writing
2025_Spring_28180,GE IV: Arts and Humanities
2025_Spring_28180,GE VIII: International/Global Issues
2025_Spring_27600,GE IV: Arts and Humanities
2025_Spring_27600,GE VII: Multicultural Studies
2025_Spring_27600,GE VIII: International/Global Issues
2025_Spring_38442,GE Ib: Upper Division Writing
2025_Spring_40000,GE II: Science and Technology
2025_Spring_40000,GE Va: Quantitative Literacy
2025_Spring_33427,GE Ia: Lower Division Writing
2025_Spring_33435,GE Ia: Lower Division Writing
2025_Spring_03142,GE Ib: Upper Division Writing
2025_Spring_03148,GE Ib: Upper Division Writing
2025_Spring_05110,GE II: Science and Technology
2025_Spring_05160,GE II: Science and Technology
2025_Spring_12010,GE III: Social & Behavioral Sciences
2025_Spring_22028,GE VI: Language Other Than English
2025_Spring_33330,GE Ia: Lower Division Writing
2025_Spring_33345,GE Ia: Lower Division Writing
2025_Spring_33347,GE Ia: Lower Division Writing
2025_Spring_33350,GE Ia: Lower Division Writing
2025_Spring_33366,GE Ia: Lower Division Writing
2025_Spring_35430,GE III: Social & Behavioral Sciences
2025_Spring_40996,GE Ib: Upper Division Writing
2025_Spring_05770,GE Ib: Upper Division Writing
2025_Spring_06011,GE Ib: Upper Division Writing
2025_Spring_47470,GE II: Science and Technology
2025_Spring_47470,GE Va: Quantitative Literacy
2025_Spring_13508,GE II: Science and Technology
2025_Spring_13508,GE Va: Quantitative Literacy
2025_Spring_33040,GE Ia: Lower Division Writing
2025_Spring_33205,GE Ia: Lower Division Writing
2025_Spring_33202,GE Ia: Lower Division Writing
2025_Spring_33203,GE Ia: Lower Division Writing
2025_Spring_33234,GE Ia: Lower Division Writing
2025_Spring_33258,GE Ia: Lower Division Writing
2025_Spring_33259,GE Ia: Lower Division Writing
2025_Spring_33337,GE Ia: Lower Division Writing
2025_Spring_22300,GE IV: Arts and Humanities
2025_Spring_60410,GE Ib: Upper Division Writing
2025_Spring_33360,GE Ia: Lower Division Writing
2025_Spring_33362,GE Ia: Lower Division Writing
2025_Spring_23165,GE Ib: Upper Division Writing
2025_Spring_40280,GE II: Science and Technology
2025_Spring_40280,GE Va: Quantitative Literacy
2025_Spring_06013,GE Ib: Upper Division Writing
2025_Spring_06014,GE Ib: Upper Division Writing
2025_Spring_13295,GE Ib: Upper Division Writing
2025_Spring_05085,GE II: Science and Technology
2025_Spring_12107,GE VII: Multicultural Studies
2025_Spring_60190,GE Ib: Upper Division Writing
2025_Spring_62070,GE III: Social & Behavioral Sciences
2025_Spring_33363,GE Ia: Lower Division Writing
2025_Spring_33364,GE Ia: Lower Division Writing
2025_Spring_33377,GE Ia: Lower Division Writing
2025_Spring_33380,GE Ia: Lower Division Writing
2025_Spring_33381,GE Ia: Lower Division Writing
2025_Spring_33382,GE Ia: Lower Division Writing
2025_Spring_33339,GE Ia: Lower Division Writing
2025_Spring_24815,GE VI: Language Other Than English
2025_Spring_25645,GE VIII: International/Global Issues
2025_Spring_35880,GE Ib: Upper Division Writing
2025_Spring_27702,GE Ia: Lower Division Writing
2025_Spring_33371,GE Ia: Lower Division Writing
2025_Spring_33419,GE Ia: Lower Division Writing
2025_Spring_26310,GE VI: Language Other Than English
2025_Spring_20978,GE IV: Arts and Humanities
2025_Spring_20978,GE VIII: International/Global Issues
2025_Spring_33428,GE Ia: Lower Division Writing
2025_Spring_50030,GE Va: Quantitative Literacy
2025_Spring_05673,GE Ib: Upper Division Writing
2025_Spring_05732,GE Ib: Upper Division Writing
2025_Spring_47648,GE Ib: Upper Division Writing
2025_Spring_37120,GE Va: Quantitative Literacy
2025_Spring_05765,GE Ib: Upper Division Writing
2025_Spring_05793,GE Ib: Upper Division Writing
2025_Spring_70120,GE Vb: Formal Reasoning
2025_Spring_70185,GE III: Social & Behavioral Sciences
2025_Spring_70185,GE VIII: International/Global Issues
2025_Spring_47320,GE II: Science and Technology
2025_Spring_47320,GE Va: Quantitative Literacy
2025_Spring_70575,GE Ib: Upper Division Writing
2025_Spring_50190,GE Ib: Upper Division Writing
2025_Spring_23310,GE IV: Arts and Humanities
2025_Spring_24220,GE Ib: Upper Division Writing
2025_Spring_40020,GE II: Science and Technology
2025_Spring_40020,GE Va: Quantitative Literacy
2025_Spring_05550,GE Ib: Upper Division Writing
2025_Spring_05553,GE Ib: Upper Division Writing
2025_Spring_12105,GE VII: Multicultural Studies
2025_Spring_47450,GE II: Science and Technology
2025_Spring_47450,GE Va: Quantitative Literacy
2025_Spring_05734,GE Ib: Upper Division Writing
2025_Spring_05735,GE Ib: Upper Division Writing
2025_Spring_27701,GE Ia: Lower Division Writing
2025_Spring_27805,GE Ia: Lower Division Writing
2025_Spring_30350,GE IV: Arts and Humanities
2025_Spring_33388,GE Ia: Lower Division Writing
2025_Spring_12230,GE Ib: Upper Division Writing
2025_Spring_38012,GE III: Social & Behavioral Sciences
2025_Spring_28821,GE VI: Language Other Than English
2025_Spring_20220,GE III: Social & Behavioral Sciences
2025_Spring_20220,GE IV: Arts and Humanities
2025_Spring_20220,GE VII: Multicultural Studies
2025_Spring_22032,GE VI: Language Other Than English
2025_Spring_05785,GE Ib: Upper Division Writing
2025_Spring_61700,GE Vb: Formal Reasoning
2025_Spring_13262,GE Ib: Upper Division Writing
2025_Spring_35790,GE II: Science and Technology
2025_Spring_13274,GE Ib: Upper Division Writing
2025_Spring_13276,GE Ib: Upper Division Writing
2025_Spring_13500,GE II: Science and Technology
2025_Spring_13500,GE Va: Quantitative Literacy
2025_Spring_13502,GE II: Science and Technology
2025_Spring_13502,GE Va: Quantitative Literacy
2025_Spring_05341,GE Ib: Upper Division Writing
2025_Spring_13297,GE Ib: Upper Division Writing
2025_Spring_22220,GE IV: Arts and Humanities
2025_Spring_22707,GE IV: Arts and Humanities
2025_Spring_22707,GE VII: Multicultural Studies
2025_Spring_04160,GE IV: Arts and Humanities
2025_Spring_33173,GE Ia: Lower Division Writing
2025_Spring_33215,GE Ia: Lower Division Writing
2025_Spring_33384,GE Ia: Lower Division Writing
2025_Spring_33387,GE Ia: Lower Division Writing
2025_Spring_35670,GE II: Science and Technology
2025_Spring_12030,GE III: Social & Behavioral Sciences
2025_Spring_50230,GE Ib: Upper Division Writing
2025_Spring_50250,GE Ib: Upper Division Writing
2025_Spring_50260,GE Ib: Upper Division Writing
2025_Spring_23300,GE IV: Arts and Humanities
2025_Spring_23300,GE VII: Multicultural Studies
2025_Spring_28114,GE Ia: Lower Division Writing
2025_Spring_29314,GE VI: Language Other Than English
2025_Spring_31257,GE VI: Language Other Than English
2025_Spring_31350,GE VII: Multicultural Studies
2025_Spring_31320,GE VIII: International/Global Issues
2025_Spring_32430,GE VIII: International/Global Issues
2025_Spring_33351,GE Ia: Lower Division Writing
2025_Spring_37160,GE Va: Quantitative Literacy
2025_Spring_33379,GE Ia: Lower Division Writing
2025_Spring_33383,GE Ia: Lower Division Writing
2025_Spring_40200,GE II: Science and Technology
2025_Spring_40200,GE Va: Quantitative Literacy
2025_Spring_33312,GE Ia: Lower Division Writing
2025_Spring_33325,GE Ia: Lower Division Writing
2025_Spring_33372,GE Ia: Lower Division Writing
2025_Spring_33426,GE Ia: Lower Division Writing
2025_Spring_05347,GE Ib: Upper Division Writing
2025_Spring_05344,GE Ib: Upper Division Writing
2025_Spring_05343,GE Ib: Upper Division Writing
2025_Spring_05675,GE Ib: Upper Division Writing
2025_Spring_05342,GE Ib: Upper Division Writing
2025_Spring_32410,GE VI: Language Other Than English
2025_Spring_05760,GE Ib: Upper Division Writing
2025_Spring_33352,GE Ia: Lower Division Writing
2025_Spring_13299,GE Ib: Upper Division Writing
2025_Spring_28104,GE Ia: Lower Division Writing
2025_Spring_26610,GE IV: Arts and Humanities
2025_Spring_29904,GE Ib: Upper Division Writing
2025_Spring_33010,GE Ia: Lower Division Writing
2025_Spring_28950,GE VIII: International/Global Issues
2025_Spring_05852,GE Ib: Upper Division Writing
2025_Spring_06015,GE Ib: Upper Division Writing
2025_Spring_30260,GE VI: Language Other Than English
2025_Spring_05853,GE Ib: Upper Division Writing
2025_Spring_31332,GE VIII: International/Global Issues
2025_Spring_33335,GE Ia: Lower Division Writing
2025_Spring_33341,GE Ia: Lower Division Writing
2025_Spring_29312,GE VI: Language Other Than English
2025_Spring_30340,GE IV: Arts and Humanities
2025_Spring_35680,GE II: Science and Technology
2025_Spring_35680,GE III: Social & Behavioral Sciences
2025_Spring_37190,GE Va: Quantitative Literacy
2025_Spring_40895,GE II: Science and Technology
2025_Spring_40895,GE Va: Quantitative Literacy
2025_Spring_05543,GE Ib: Upper Division Writing
2025_Spring_05549,GE Ib: Upper Division Writing
2025_Spring_40260,GE II: Science and Technology
2025_Spring_40260,GE Va: Quantitative Literacy
2025_Spring_05348,GE Ib: Upper Division Writing
2025_Spring_24870,GE VIII: International/Global Issues
2025_Spring_24816,GE VI: Language Other Than English
2025_Spring_26560,GE IV: Arts and Humanities
2025_Spring_26560,GE VIII: International/Global Issues
2025_Spring_27605,GE Ia: Lower Division Writing
2025_Spring_27704,GE Ia: Lower Division Writing
2025_Spring_33322,GE Ia: Lower Division Writing
2025_Spring_47270,GE II: Science and Technology
2025_Spring_47270,GE Va: Quantitative Literacy
2025_Spring_33310,GE Ia: Lower Division Writing
2025_Spring_05733,GE Ib: Upper Division Writing
2025_Spring_54050,GE III: Social & Behavioral Sciences
2025_Spring_23320,GE III: Social & Behavioral Sciences
2025_Spring_23320,GE IV: Arts and Humanities
2025_Spring_21015,GE IV: Arts and Humanities
2025_Spring_21015,GE VIII: International/Global Issues
2025_Spring_87655,GE II: Science and Technology
2025_Spring_37110,GE Va: Quantitative Literacy
2025_Spring_40440,GE II: Science and Technology
2025_Spring_40440,GE Va: Quantitative Literacy
2025_Spring_33248,GE Ia: Lower Division Writing
2025_Spring_67080,GE III: Social & Behavioral Sciences
2025_Spring_67080,GE VIII: International/Global Issues
2025_Spring_68100,GE Vb: Formal Reasoning
2025_Spring_28120,GE IV: Arts and Humanities
2025_Spring_28120,GE VII: Multicultural Studies
2025_Spring_28120,GE VIII: International/Global Issues
2025_Spring_27602,GE Ia: Lower Division Writing
2025_Spring_31316,GE VI: Language Other Than English
2025_Spring_31319,GE VI: Language Other Than English
2025_Spring_33018,GE Ia: Lower Division Writing
2025_Spring_33038,GE Ia: Lower Division Writing
2025_Spring_33334,GE Ia: Lower Division Writing
2025_Spring_33331,GE Ia: Lower Division Writing
2025_Spring_50264,GE Ib: Upper Division Writing
2025_Spring_28920,GE VIII: International/Global Issues
2025_Spring_28861,GE VIII: International/Global Issues
2025_Spring_28862,GE VIII: International/Global Issues
2025_Spring_38016,GE Va: Quantitative Literacy
2025_Spring_26520,GE IV: Arts and Humanities
2025_Spring_33307,GE Ia: Lower Division Writing
2025_Spring_33375,GE Ia: Lower Division Writing
2025_Spring_33301,GE Ia: Lower Division Writing
2025_Spring_21490,GE VI: Language Other Than English
2025_Spring_27601,GE Ia: Lower Division Writing
2025_Spring_40920,GE Ib: Upper Division Writing
2025_Spring_50262,GE Ib: Upper Division Writing
2025_Spring_50270,GE Ib: Upper Division Writing
2025_Spring_60100,GE Vb: Formal Reasoning
2025_Spring_13250,GE Ib: Upper Division Writing
2025_Spring_41170,GE Ib: Upper Division Writing
2025_Spring_28822,GE VI: Language Other Than English
2025_Spring_29310,GE VI: Language Other Than English
2025_Spring_25611,GE VI: Language Other Than English
2025_Spring_33030,GE Ia: Lower Division Writing
2025_Spring_27802,GE Ia: Lower Division Writing
2025_Spring_27804,GE Ia: Lower Division Writing
2025_Spring_27809,GE Ia: Lower Division Writing
2025_Spring_04100,GE IV: Arts and Humanities
2025_Spring_04100,GE VIII: International/Global Issues
2025_Spring_26640,GE IV: Arts and Humanities
2025_Spring_26640,GE VIII: International/Global Issues
2025_Spring_33174,GE Ia: Lower Division Writing
2025_Spring_42020,GE II: Science and Technology
2025_Spring_42020,GE Va: Quantitative Literacy
2025_Spring_31314,GE VI: Language Other Than English
2025_Spring_33246,GE Ia: Lower Division Writing
2025_Spring_33247,GE Ia: Lower Division Writing
2025_Spring_33315,GE Ia: Lower Division Writing
2025_Spring_44005,GE Vb: Formal Reasoning
2025_Spring_33326,GE Ia: Lower Division Writing
2025_Spring_33316,GE Ia: Lower Division Writing
2025_Spring_33317,GE Ia: Lower Division Writing
2025_Spring_33323,GE Ia: Lower Division Writing
2025_Spring_33365,GE Ia: Lower Division Writing
2025_Spring_44560,GE Vb: Formal Reasoning
2025_Spring_31312,GE VI: Language Other Than English
2025_Spring_31334,GE VIII: International/Global Issues
2025_Spring_33158,GE Ia: Lower Division Writing
2025_Spring_33014,GE Ia: Lower Division Writing
2025_Spring_24003,GE III: Social & Behavioral Sciences
2025_Spring_24003,GE IV: Arts and Humanities
2025_Spring_24003,GE Vb: Formal Reasoning
2025_Spring_27806,GE Ia: Lower Division Writing
2025_Spring_28103,GE Ia: Lower Division Writing
2025_Spring_27700,GE IV: Arts and Humanities
2025_Spring_27700,GE VII: Multicultural Studies
2025_Spring_27700,GE VIII: International/Global Issues
2025_Spring_27607,GE Ia: Lower Division Writing
2025_Spring_28127,GE Ia: Lower Division Writing
2025_Spring_33032,GE Ia: Lower Division Writing
2025_Spring_33165,GE Ia: Lower Division Writing
2025_Spring_33166,GE Ia: Lower Division Writing
2025_Spring_33355,GE Ia: Lower Division Writing
2025_Spring_33357,GE Ia: Lower Division Writing
2025_Spring_33361,GE Ia: Lower Division Writing
2025_Spring_44608,GE II: Science and Technology
2025_Spring_44608,GE Vb: Formal Reasoning
2025_Spring_81005,GE III: Social & Behavioral Sciences
2025_Spring_69150,GE Vb: Formal Reasoning
2025_Spring_29330,GE VIII: International/Global Issues
2025_Spring_29350,GE VIII: International/Global Issues
2025_Spring_33348,GE Ia: Lower Division Writing
2025_Spring_05349,GE Ib: Upper Division Writing
2025_Spring_69510,GE Ib: Upper Division Writing
2025_Spring_05552,GE Ib: Upper Division Writing
2025_Spring_33227,GE Ia: Lower Division Writing
2025_Spring_29900,GE Ib: Upper Division Writing
2025_Spring_05545,GE Ib: Upper Division Writing
2025_Spring_05551,GE Ib: Upper Division Writing
2025_Spring_26530,GE IV: Arts and Humanities
2025_Spring_26530,GE VII: Multicultural Studies
2025_Spring_27604,GE Ia: Lower Division Writing
2025_Spring_21530,GE III: Social & Behavioral Sciences
2025_Spring_21530,GE VII: Multicultural Studies
2025_Spring_33256,GE Ia: Lower Division Writing
2025_Spring_23410,GE Ib: Upper Division Writing
2025_Spring_69100,GE III: Social & Behavioral Sciences
2025_Spring_69100,GE VII: Multicultural Studies
2025_Spring_50254,GE Ib: Upper Division Writing
2025_Spring_26680,GE Ib: Upper Division Writing
2025_Spring_67330,GE Ib: Upper Division Writing
2025_Spring_27801,GE Ia: Lower Division Writing
2025_Spring_33438,GE Ia: Lower Division Writing
2025_Spring_33328,GE Ia: Lower Division Writing
2025_Spring_33329,GE Ia: Lower Division Writing
2025_Spring_33336,GE Ia: Lower Division Writing
2025_Spring_33353,GE Ia: Lower Division Writing
2025_Spring_38432,GE Ib: Upper Division Writing
2025_Spring_47250,GE II: Science and Technology
2025_Spring_47250,GE Va: Quantitative Literacy
2025_Spring_24814,GE VI: Language Other Than English
2025_Spring_47645,GE Ib: Upper Division Writing
2025_Spring_26630,GE IV: Arts and Humanities
2025_Spring_26630,GE VIII: International/Global Issues
2025_Spring_61710,GE Vb: Formal Reasoning
2025_Spring_28112,GE Ia: Lower Division Writing
2025_Spring_31200,GE IV: Arts and Humanities
2025_Spring_31200,GE VIII: International/Global Issues
2025_Spring_33224,GE Ia: Lower Division Writing
2025_Spring_37170,GE Va: Quantitative Literacy
2025_Spring_66150,GE II: Science and Technology
2025_Spring_66150,GE IV: Arts and Humanities
2025_Spring_20192,GE Ib: Upper Division Writing
2025_Spring_21000,GE IV: Arts and Humanities
2025_Spring_21000,GE VIII: International/Global Issues
2025_Spring_28101,GE Ia: Lower Division Writing
2025_Spring_28866,GE IV: Arts and Humanities
2025_Spring_28866,GE VIII: International/Global Issues
2025_Spring_28903,GE VI: Language Other Than English
2025_Spring_33012,GE Ia: Lower Division Writing
2025_Spring_33168,GE Ia: Lower Division Writing
2025_Spring_33399,GE Ia: Lower Division Writing
2025_Spring_35630,GE Vb: Formal Reasoning
2025_Spring_35690,GE II: Science and Technology
2025_Spring_35690,GE Vb: Formal Reasoning
2025_Spring_37140,GE Va: Quantitative Literacy
2025_Spring_42065,GE II: Science and Technology
2025_Spring_42065,GE Va: Quantitative Literacy
2025_Spring_44550,GE Vb: Formal Reasoning
2025_Spring_50252,GE Ib: Upper Division Writing
2025_Spring_62120,GE III: Social & Behavioral Sciences
2025_Spring_01830,GE IV: Arts and Humanities
2025_Spring_05854,GE Ib: Upper Division Writing
2025_Spring_05855,GE Ib: Upper Division Writing
2025_Spring_06012,GE Ib: Upper Division Writing
2025_Spring_13285,GE Ib: Upper Division Writing
2025_Spring_13266,GE Ib: Upper Division Writing
2025_Spring_22720,GE IV: Arts and Humanities
2025_Spring_22720,GE VIII: International/Global Issues
2025_Spring_23360,GE IV: Arts and Humanities
2025_Spring_28129,GE Ia: Lower Division Writing
2025_Spring_30395,GE Vb: Formal Reasoning
2025_Spring_33431,GE Ia: Lower Division Writing
2025_Spring_33252,GE Ia: Lower Division Writing
2025_Spring_33257,GE Ia: Lower Division Writing
2025_Spring_33163,GE Ia: Lower Division Writing
2025_Spring_33385,GE Ia: Lower Division Writing
2025_Spring_33396,GE Ia: Lower Division Writing
2025_Spring_28115,GE Ia: Lower Division Writing
2025_Spring_33217,GE Ia: Lower Division Writing
2025_Spring_35850,GE III: Social & Behavioral Sciences
2025_Spring_33232,GE Ia: Lower Division Writing
2025_Spring_33233,GE Ia: Lower Division Writing
2025_Spring_40240,GE II: Science and Technology
2025_Spring_40240,GE Va: Quantitative Literacy
2025_Spring_22250,GE IV: Arts and Humanities
2025_Spring_65495,GE Ib: Upper Division Writing
2025_Spring_67040,GE III: Social & Behavioral Sciences
2025_Spring_33319,GE Ia: Lower Division Writing
2025_Spring_33343,GE Ia: Lower Division Writing
2025_Spring_33344,GE Ia: Lower Division Writing
2025_Spring_33391,GE Ia: Lower Division Writing
2025_Spring_33327,GE Ia: Lower Division Writing
2025_Spring_13504,GE II: Science and Technology
2025_Spring_13504,GE Va: Quantitative Literacy
2025_Spring_33167,GE Ia: Lower Division Writing
2025_Spring_33036,GE Ia: Lower Division Writing
2025_Spring_05541,GE Ib: Upper Division Writing
2025_Spring_33368,GE Ia: Lower Division Writing
2025_Spring_33398,GE Ia: Lower Division Writing
2025_Spring_35720,GE II: Science and Technology
2025_Spring_35720,GE Va: Quantitative Literacy
2025_Spring_35720,GE Vb: Formal Reasoning
2025_Spring_33243,GE Ia: Lower Division Writing
2025_Spring_26540,GE III: Social & Behavioral Sciences
2025_Spring_26540,GE IV: Arts and Humanities
2025_Spring_26540,GE VII: Multicultural Studies
2025_Spring_60080,GE III: Social & Behavioral Sciences
2025_Spring_60080,GE VII: Multicultural Studies
2025_Spring_33263,GE Ia: Lower Division Writing
2025_Spring_33207,GE Ia: Lower Division Writing
2025_Spring_33320,GE Ia: Lower Division Writing
2025_Spring_05544,GE Ib: Upper Division Writing
2025_Spring_33367,GE Ia: Lower Division Writing
2025_Spring_33373,GE Ia: Lower Division Writing
2025_Spring_33420,GE Ia: Lower Division Writing
2025_Spring_33423,GE Ia: Lower Division Writing
2025_Spring_33432,GE Ia: Lower Division Writing
2025_Spring_33164,GE Ia: Lower Division Writing
2025_Spring_20196,GE Ib: Upper Division Writing
2025_Spring_26660,GE Ib: Upper Division Writing
2025_Spring_35740,GE II: Science and Technology
2025_Spring_35740,GE Vb: Formal Reasoning
2025_Spring_35745,GE II: Science and Technology
2025_Spring_35745,GE Vb: Formal Reasoning
2025_Spring_33270,GE Ia: Lower Division Writing
2025_Spring_69560,GE Ib: Upper Division Writing
2025_Spring_02199,GE IV: Arts and Humanities
2025_Spring_04294,GE Ib: Upper Division Writing
2025_Spring_03046,GE IV: Arts and Humanities
2025_Spring_03046,GE VIII: International/Global Issues
2025_Spring_03040,GE IV: Arts and Humanities
2025_Spring_03040,GE VIII: International/Global Issues
2025_Spring_13254,GE Ib: Upper Division Writing
2025_Spring_13258,GE Ib: Upper Division Writing
2025_Spring_33321,GE Ia: Lower Division Writing
2025_Spring_33332,GE Ia: Lower Division Writing
2025_Spring_33333,GE Ia: Lower Division Writing
2025_Spring_33358,GE Ia: Lower Division Writing
2025_Spring_33359,GE Ia: Lower Division Writing
2025_Spring_05755,GE Ib: Upper Division Writing
2025_Spring_67115,GE III: Social & Behavioral Sciences
2025_Spring_89023,GE Ib: Upper Division Writing
2025_Spring_47120,GE II: Science and Technology
2025_Spring_47120,GE Va: Quantitative Literacy
2025_Spring_04274,GE IV: Arts and Humanities
2025_Spring_04274,GE VII: Multicultural Studies
2025_Spring_47240,GE II: Science and Technology
2025_Spring_47240,GE Va: Quantitative Literacy
2025_Spring_62010,GE III: Social & Behavioral Sciences
2025_Spring_62010,GE VIII: International/Global Issues
2025_Spring_28100,GE IV: Arts and Humanities
2025_Spring_28100,GE VII: Multicultural Studies
2025_Spring_28100,GE VIII: International/Global Issues
2025_Spring_28123,GE Ia: Lower Division Writing
2025_Spring_28823,GE VI: Language Other Than English
2025_Spring_81008,GE II: Science and Technology
2025_Spring_81012,GE Va: Quantitative Literacy
2025_Spring_69570,GE Ib: Upper Division Writing
2025_Spring_27608,GE Ia: Lower Division Writing
2025_Spring_27807,GE Ia: Lower Division Writing
2025_Spring_29902,GE Ib: Upper Division Writing
2025_Spring_33313,GE Ia: Lower Division Writing
2025_Spring_33314,GE Ia: Lower Division Writing
2025_Spring_65060,GE Vb: Formal Reasoning
2025_Spring_26600,GE IV: Arts and Humanities
2025_Spring_01032,GE IV: Arts and Humanities
2025_Spring_35640,GE Vb: Formal Reasoning
2025_Spring_33395,GE Ia: Lower Division Writing
2025_Spring_33389,GE Ia: Lower Division Writing
2025_Spring_33390,GE Ia: Lower Division Writing
2025_Spring_33392,GE Ia: Lower Division Writing
2025_Spring_33436,GE Ia: Lower Division Writing
2025_Spring_35870,GE Ib: Upper Division Writing
2025_Spring_28902,GE VI: Language Other Than English
2025_Spring_24865,GE VIII: International/Global Issues
2025_Spring_40220,GE II: Science and Technology
2025_Spring_40220,GE Va: Quantitative Literacy
2025_Spring_44310,GE Vb: Formal Reasoning
2025_Spring_53050,GE III: Social & Behavioral Sciences
2025_Spring_47200,GE II: Science and Technology
2025_Spring_47200,GE Va: Quantitative Literacy
2025_Spring_53070,GE VIII: International/Global Issues
2025_Spring_60040,GE III: Social & Behavioral Sciences
2025_Spring_35780,GE Vb: Formal Reasoning
2025_Spring_67085,GE III: Social & Behavioral Sciences
2025_Spring_67085,GE VIII: International/Global Issues
2025_Spring_67460,GE Ib: Upper Division Writing
2025_Spring_33374,GE Ia: Lower Division Writing
2025_Spring_33206,GE Ia: Lower Division Writing
2025_Spring_33225,GE Ia: Lower Division Writing
2025_Spring_44340,GE Vb: Formal Reasoning
2025_Spring_33244,GE Ia: Lower Division Writing
2025_Spring_35900,GE Ib: Upper Division Writing
2025_Spring_33229,GE Ia: Lower Division Writing
2025_Spring_33230,GE Ia: Lower Division Writing
2025_Spring_70110,GE Vb: Formal Reasoning
2025_Spring_70130,GE Vb: Formal Reasoning
2025_Spring_70365,GE Ib: Upper Division Writing
2025_Spring_62085,GE III: Social & Behavioral Sciences
2025_Spring_37100,GE Vb: Formal Reasoning
2025_Spring_31318,GE VI: Language Other Than English
2025_Spring_31365,GE IV: Arts and Humanities
2025_Spring_31365,GE VIII: International/Global Issues
2025_Spring_37200,GE Va: Quantitative Literacy
2025_Spring_67225,GE Ib: Upper Division Writing
2025_Spring_70555,GE Ib: Upper Division Writing
2025_Spring_05150,GE II: Science and Technology
2025_Spring_05346,GE Ib: Upper Division Writing
2025_Spring_06010,GE Ib: Upper Division Writing
2025_Spring_28110,GE IV: Arts and Humanities
2025_Spring_28110,GE VII: Multicultural Studies
2025_Spring_28110,GE VIII: International/Global Issues
2025_Spring_23420,GE Ib: Upper Division Writing
2025_Spring_35620,GE II: Science and Technology
2025_Spring_33302,GE Ia: Lower Division Writing
2025_Spring_33349,GE Ia: Lower Division Writing
2025_Spring_81002,GE III: Social & Behavioral Sciences
2025_Spring_89022,GE Ib: Upper Division Writing
2025_Spring_24866,GE VIII: International/Global Issues
2025_Spring_28837,GE VI: Language Other Than English
2025_Spring_33214,GE Ia: Lower Division Writing
2025_Spring_62125,GE III: Social & Behavioral Sciences
2025_Spring_05345,GE Ib: Upper Division Writing
2025_Spring_33434,GE Ia: Lower Division Writing
2025_Spring_33439,GE Ia: Lower Division Writing
2025_Spring_33429,GE Ia: Lower Division Writing
2025_Spring_25110,GE IV: Arts and Humanities
2025_Spring_25110,GE VII: Multicultural Studies
2025_Spring_64020,GE III: Social & Behavioral Sciences
2025_Spring_64020,GE VIII: International/Global Issues
2025_Spring_68070,GE III: Social & Behavioral Sciences
2025_Spring_05731,GE Ib: Upper Division Writing
2025_Spring_89020,GE Ib: Upper Division Writing
2025_Spring_26670,GE Ib: Upper Division Writing
2025_Spring_31256,GE VI: Language Other Than English
2025_Spring_20198,GE Ib: Upper Division Writing
2025_Spring_20197,GE Ib: Upper Division Writing
2025_Spring_20199,GE Ib: Upper Division Writing
2025_Spring_20190,GE Ib: Upper Division Writing
2025_Spring_20194,GE Ib: Upper Division Writing
2025_Spring_20195,GE Ib: Upper Division Writing
2025_Spring_20191,GE Ib: Upper Division Writing
2025_Spring_20193,GE Ib: Upper Division Writing
2025_Spring_20222,GE III: Social & Behavioral Sciences
2025_Spring_20222,GE IV: Arts and Humanities
2025_Spring_20222,GE VII: Multicultural Studies
2025_Spring_20223,GE III: Social & Behavioral Sciences
2025_Spring_20223,GE IV: Arts and Humanities
2025_Spring_20223,GE VII: Multicultural Studies
2025_Spring_20221,GE III: Social & Behavioral Sciences
2025_Spring_20221,GE IV: Arts and Humanities
2025_Spring_20221,GE VII: Multicultural Studies
2025_Spring_20224,GE III: Social & Behavioral Sciences
2025_Spring_20224,GE IV: Arts and Humanities
2025_Spring_20224,GE VII: Multicultural Studies
2025_Spring_60007,GE III: Social & Behavioral Sciences
2025_Spring_60007,GE VIII: International/Global Issues
2025_Spring_60004,GE III: Social & Behavioral Sciences
2025_Spring_60004,GE VIII: International/Global Issues
2025_Spring_60009,GE III: Social & Behavioral Sciences
2025_Spring_60009,GE VIII: International/Global Issues
2025_Spring_60001,GE III: Social & Behavioral Sciences
2025_Spring_60001,GE VIII: International/Global Issues
2025_Spring_60003,GE III: Social & Behavioral Sciences
2025_Spring_60003,GE VIII: International/Global Issues
2025_Spring_60005,GE III: Social & Behavioral Sciences
2025_Spring_60005,GE VIII: International/Global Issues
2025_Spring_60006,GE III: Social & Behavioral Sciences
2025_Spring_60006,GE VIII: International/Global Issues
2025_Spring_60010,GE III: Social & Behavioral Sciences
2025_Spring_60010,GE VIII: International/Global Issues
2025_Spring_60011,GE III: Social & Behavioral Sciences
2025_Spring_60011,GE VIII: International/Global Issues
2025_Spring_60012,GE III: Social & Behavioral Sciences
2025_Spring_60012,GE VIII: International/Global Issues
2025_Spring_60008,GE III: Social & Behavioral Sciences
2025_Spring_60008,GE VIII: International/Global Issues
2025_Spring_60002,GE III: Social & Behavioral Sciences
2025_Spring_60002,GE VIII: International/Global Issues
2025_Spring_60105,GE Vb: Formal Reasoning
2025_Spring_60101,GE Vb: Formal Reasoning
2025_Spring_60102,GE Vb: Formal Reasoning
2025_Spring_60103,GE Vb: Formal Reasoning
2025_Spring_60104,GE Vb: Formal Reasoning
2025_Spring_60106,GE Vb: Formal Reasoning
2025_Spring_60107,GE Vb: Formal Reasoning
2025_Spring_60108,GE Vb: Formal Reasoning
2025_Spring_60109,GE Vb: Formal Reasoning
2025_Spring_60049,GE III: Social & Behavioral Sciences
2025_Spring_60041,GE III: Social & Behavioral Sciences
2025_Spring_60042,GE III: Social & Behavioral Sciences
2025_Spring_60043,GE III: Social & Behavioral Sciences
2025_Spring_60044,GE III: Social & Behavioral Sciences
2025_Spring_60045,GE III: Social & Behavioral Sciences
2025_Spring_60046,GE III: Social & Behavioral Sciences
2025_Spring_60047,GE III: Social & Behavioral Sciences
2025_Spring_60048,GE III: Social & Behavioral Sciences
2025_Spring_60050,GE III: Social & Behavioral Sciences
2025_Spring_21006,GE IV: Arts and Humanities
2025_Spring_21006,GE VIII: International/Global Issues
2025_Spring_21003,GE IV: Arts and Humanities
2025_Spring_21003,GE VIII: International/Global Issues
2025_Spring_21002,GE IV: Arts and Humanities
2025_Spring_21002,GE VIII: International/Global Issues
2025_Spring_21007,GE IV: Arts and Humanities
2025_Spring_21007,GE VIII: International/Global Issues
2025_Spring_21004,GE IV: Arts and Humanities
2025_Spring_21004,GE VIII: International/Global Issues
2025_Spring_21005,GE IV: Arts and Humanities
2025_Spring_21005,GE VIII: International/Global Issues
2025_Spring_21008,GE IV: Arts and Humanities
2025_Spring_21008,GE VIII: International/Global Issues
2025_Spring_21001,GE IV: Arts and Humanities
2025_Spring_21001,GE VIII: International/Global Issues
2025_Spring_21019,GE IV: Arts and Humanities
2025_Spring_21019,GE VIII: International/Global Issues
2025_Spring_21020,GE IV: Arts and Humanities
2025_Spring_21020,GE VIII: International/Global Issues
2025_Spring_21016,GE IV: Arts and Humanities
2025_Spring_21016,GE VIII: International/Global Issues
2025_Spring_21017,GE IV: Arts and Humanities
2025_Spring_21017,GE VIII: International/Global Issues
2025_Spring_21018,GE IV: Arts and Humanities
2025_Spring_21018,GE VIII: International/Global Issues
2025_Spring_21021,GE IV: Arts and Humanities
2025_Spring_21021,GE VIII: International/Global Issues
2025_Spring_21532,GE III: Social & Behavioral Sciences
2025_Spring_21532,GE VII: Multicultural Studies
2025_Spring_21531,GE III: Social & Behavioral Sciences
2025_Spring_21531,GE VII: Multicultural Studies
2025_Spring_21533,GE III: Social & Behavioral Sciences
2025_Spring_21533,GE VII: Multicultural Studies
2025_Spring_21534,GE III: Social & Behavioral Sciences
2025_Spring_21534,GE VII: Multicultural Studies
2025_Spring_21535,GE III: Social & Behavioral Sciences
2025_Spring_21535,GE VII: Multicultural Studies
2025_Spring_21536,GE III: Social & Behavioral Sciences
2025_Spring_21536,GE VII: Multicultural Studies
2025_Spring_05340,GE Ib: Upper Division Writing
2025_Spring_05540,GE Ib: Upper Division Writing
2025_Spring_05730,GE Ib: Upper Division Writing
2025_Spring_05777,GE Ib: Upper Division Writing
2025_Spring_05771,GE Ib: Upper Division Writing
2025_Spring_05789,GE Ib: Upper Division Writing
2025_Spring_05766,GE Ib: Upper Division Writing
2025_Spring_05781,GE Ib: Upper Division Writing
2025_Spring_05782,GE Ib: Upper Division Writing
2025_Spring_05756,GE Ib: Upper Division Writing
2025_Spring_05757,GE Ib: Upper Division Writing
2025_Spring_05795,GE Ib: Upper Division Writing
2025_Spring_05761,GE Ib: Upper Division Writing
2025_Spring_05762,GE Ib: Upper Division Writing
2025_Spring_05752,GE Ib: Upper Division Writing
2025_Spring_05776,GE Ib: Upper Division Writing
2025_Spring_05751,GE Ib: Upper Division Writing
2025_Spring_05767,GE Ib: Upper Division Writing
2025_Spring_05772,GE Ib: Upper Division Writing
2025_Spring_05786,GE Ib: Upper Division Writing
2025_Spring_05787,GE Ib: Upper Division Writing
2025_Spring_05790,GE Ib: Upper Division Writing
2025_Spring_05794,GE Ib: Upper Division Writing
2025_Spring_05816,GE Ib: Upper Division Writing
2025_Spring_05850,GE Ib: Upper Division Writing
2025_Spring_05161,GE II: Science and Technology
2025_Spring_05162,GE II: Science and Technology
2025_Spring_05163,GE II: Science and Technology
2025_Spring_13506,GE II: Science and Technology
2025_Spring_13506,GE Va: Quantitative Literacy
2025_Spring_40008,GE II: Science and Technology
2025_Spring_40008,GE Va: Quantitative Literacy
2025_Spring_40027,GE II: Science and Technology
2025_Spring_40027,GE Va: Quantitative Literacy
2025_Spring_40029,GE II: Science and Technology
2025_Spring_40029,GE Va: Quantitative Literacy
2025_Spring_40010,GE II: Science and Technology
2025_Spring_40010,GE Va: Quantitative Literacy
2025_Spring_40001,GE II: Science and Technology
2025_Spring_40001,GE Va: Quantitative Literacy
2025_Spring_40002,GE II: Science and Technology
2025_Spring_40002,GE Va: Quantitative Literacy
2025_Spring_40003,GE II: Science and Technology
2025_Spring_40003,GE Va: Quantitative Literacy
2025_Spring_40004,GE II: Science and Technology
2025_Spring_40004,GE Va: Quantitative Literacy
2025_Spring_40005,GE II: Science and Technology
2025_Spring_40005,GE Va: Quantitative Literacy
2025_Spring_40006,GE II: Science and Technology
2025_Spring_40006,GE Va: Quantitative Literacy
2025_Spring_40007,GE II: Science and Technology
2025_Spring_40007,GE Va: Quantitative Literacy
2025_Spring_40009,GE II: Science and Technology
2025_Spring_40009,GE Va: Quantitative Literacy
2025_Spring_40021,GE II: Science and Technology
2025_Spring_40021,GE Va: Quantitative Literacy
2025_Spring_40022,GE II: Science and Technology
2025_Spring_40022,GE Va: Quantitative Literacy
2025_Spring_40023,GE II: Science and Technology
2025_Spring_40023,GE Va: Quantitative Literacy
2025_Spring_40024,GE II: Science and Technology
2025_Spring_40024,GE Va: Quantitative Literacy
2025_Spring_40025,GE II: Science and Technology
2025_Spring_40025,GE Va: Quantitative Literacy
2025_Spring_40026,GE II: Science and Technology
2025_Spring_40026,GE Va: Quantitative Literacy
2025_Spring_40028,GE II: Science and Technology
2025_Spring_40028,GE Va: Quantitative Literacy
2025_Spring_40030,GE II: Science and Technology
2025_Spring_40030,GE Va: Quantitative Literacy
2025_Spring_40203,GE II: Science and Technology
2025_Spring_40203,GE Va: Quantitative Literacy
2025_Spring_40286,GE II: Science and Technology
2025_Spring_40286,GE Va: Quantitative Literacy
2025_Spring_40287,GE II: Science and Technology
2025_Spring_40287,GE Va: Quantitative Literacy
2025_Spring_40210,GE II: Science and Technology
2025_Spring_40210,GE Va: Quantitative Literacy
2025_Spring_40261,GE II: Science and Technology
2025_Spring_40261,GE Va: Quantitative Literacy
2025_Spring_40262,GE II: Science and Technology
2025_Spring_40262,GE Va: Quantitative Literacy
2025_Spring_40265,GE II: Science and Technology
2025_Spring_40265,GE Va: Quantitative Literacy
2025_Spring_40270,GE II: Science and Technology
2025_Spring_40270,GE Va: Quantitative Literacy
2025_Spring_40206,GE II: Science and Technology
2025_Spring_40206,GE Va: Quantitative Literacy
2025_Spring_40207,GE II: Science and Technology
2025_Spring_40207,GE Va: Quantitative Literacy
2025_Spring_40228,GE II: Science and Technology
2025_Spring_40228,GE Va: Quantitative Literacy
2025_Spring_40229,GE II: Science and Technology
2025_Spring_40229,GE Va: Quantitative Literacy
2025_Spring_40250,GE II: Science and Technology
2025_Spring_40250,GE Va: Quantitative Literacy
2025_Spring_40221,GE II: Science and Technology
2025_Spring_40221,GE Va: Quantitative Literacy
2025_Spring_40222,GE II: Science and Technology
2025_Spring_40222,GE Va: Quantitative Literacy
2025_Spring_40281,GE II: Science and Technology
2025_Spring_40281,GE Va: Quantitative Literacy
2025_Spring_40227,GE II: Science and Technology
2025_Spring_40227,GE Va: Quantitative Literacy
2025_Spring_40244,GE II: Science and Technology
2025_Spring_40244,GE Va: Quantitative Literacy
2025_Spring_40225,GE II: Science and Technology
2025_Spring_40225,GE Va: Quantitative Literacy
2025_Spring_40226,GE II: Science and Technology
2025_Spring_40226,GE Va: Quantitative Literacy
2025_Spring_40284,GE II: Science and Technology
2025_Spring_40284,GE Va: Quantitative Literacy
2025_Spring_40201,GE II: Science and Technology
2025_Spring_40201,GE Va: Quantitative Literacy
2025_Spring_40202,GE II: Science and Technology
2025_Spring_40202,GE Va: Quantitative Literacy
2025_Spring_40204,GE II: Science and Technology
2025_Spring_40204,GE Va: Quantitative Literacy
2025_Spring_40205,GE II: Science and Technology
2025_Spring_40205,GE Va: Quantitative Literacy
2025_Spring_40208,GE II: Science and Technology
2025_Spring_40208,GE Va: Quantitative Literacy
2025_Spring_40209,GE II: Science and Technology
2025_Spring_40209,GE Va: Quantitative Literacy
2025_Spring_40223,GE II: Science and Technology
2025_Spring_40223,GE Va: Quantitative Literacy
2025_Spring_40224,GE II: Science and Technology
2025_Spring_40224,GE Va: Quantitative Literacy
2025_Spring_40230,GE II: Science and Technology
2025_Spring_40230,GE Va: Quantitative Literacy
2025_Spring_40241,GE II: Science and Technology
2025_Spring_40241,GE Va: Quantitative Literacy
2025_Spring_40242,GE II: Science and Technology
2025_Spring_40242,GE Va: Quantitative Literacy
2025_Spring_40243,GE II: Science and Technology
2025_Spring_40243,GE Va: Quantitative Literacy
2025_Spring_40245,GE II: Science and Technology
2025_Spring_40245,GE Va: Quantitative Literacy
2025_Spring_40246,GE II: Science and Technology
2025_Spring_40246,GE Va: Quantitative Literacy
2025_Spring_40247,GE II: Science and Technology
2025_Spring_40247,GE Va: Quantitative Literacy
2025_Spring_40248,GE II: Science and Technology
2025_Spring_40248,GE Va: Quantitative Literacy
2025_Spring_40249,GE II: Science and Technology
2025_Spring_40249,GE Va: Quantitative Literacy
2025_Spring_40263,GE II: Science and Technology
2025_Spring_40263,GE Va: Quantitative Literacy
2025_Spring_40264,GE II: Science and Technology
2025_Spring_40264,GE Va: Quantitative Literacy
2025_Spring_40266,GE II: Science and Technology
2025_Spring_40266,GE Va: Quantitative Literacy
2025_Spring_40267,GE II: Science and Technology
2025_Spring_40267,GE Va: Quantitative Literacy
2025_Spring_40268,GE II: Science and Technology
2025_Spring_40268,GE Va: Quantitative Literacy
2025_Spring_40269,GE II: Science and Technology
2025_Spring_40269,GE Va: Quantitative Literacy
2025_Spring_40282,GE II: Science and Technology
2025_Spring_40282,GE Va: Quantitative Literacy
2025_Spring_40283,GE II: Science and Technology
2025_Spring_40283,GE Va: Quantitative Literacy
2025_Spring_40285,GE II: Science and Technology
2025_Spring_40285,GE Va: Quantitative Literacy
2025_Spring_40288,GE II: Science and Technology
2025_Spring_40288,GE Va: Quantitative Literacy
2025_Spring_40289,GE II: Science and Technology
2025_Spring_40289,GE Va: Quantitative Literacy
2025_Spring_40290,GE II: Science and Technology
2025_Spring_40290,GE Va: Quantitative Literacy
2025_Spring_40442,GE II: Science and Technology
2025_Spring_40442,GE Va: Quantitative Literacy
2025_Spring_40443,GE II: Science and Technology
2025_Spring_40443,GE Va: Quantitative Literacy
2025_Spring_40441,GE II: Science and Technology
2025_Spring_40441,GE Va: Quantitative Literacy
2025_Spring_40444,GE II: Science and Technology
2025_Spring_40444,GE Va: Quantitative Literacy
2025_Spring_40896,GE II: Science and Technology
2025_Spring_40896,GE Va: Quantitative Literacy
2025_Spring_40897,GE II: Science and Technology
2025_Spring_40897,GE Va: Quantitative Literacy
2025_Spring_40997,GE Ib: Upper Division Writing
2025_Spring_40921,GE Ib: Upper Division Writing
2025_Spring_40922,GE Ib: Upper Division Writing
2025_Spring_22026,GE VI: Language Other Than English
2025_Spring_22251,GE IV: Arts and Humanities
2025_Spring_22306,GE IV: Arts and Humanities
2025_Spring_22301,GE IV: Arts and Humanities
2025_Spring_22305,GE IV: Arts and Humanities
2025_Spring_22302,GE IV: Arts and Humanities
2025_Spring_22303,GE IV: Arts and Humanities
2025_Spring_22304,GE IV: Arts and Humanities
2025_Spring_22224,GE IV: Arts and Humanities
2025_Spring_22223,GE IV: Arts and Humanities
2025_Spring_22221,GE IV: Arts and Humanities
2025_Spring_22222,GE IV: Arts and Humanities
2025_Spring_61711,GE Vb: Formal Reasoning
2025_Spring_61712,GE Vb: Formal Reasoning
2025_Spring_61704,GE Vb: Formal Reasoning
2025_Spring_61713,GE Vb: Formal Reasoning
2025_Spring_61701,GE Vb: Formal Reasoning
2025_Spring_61702,GE Vb: Formal Reasoning
2025_Spring_61703,GE Vb: Formal Reasoning
2025_Spring_61714,GE Vb: Formal Reasoning
2025_Spring_42021,GE II: Science and Technology
2025_Spring_42021,GE Va: Quantitative Literacy
2025_Spring_42024,GE II: Science and Technology
2025_Spring_42024,GE Va: Quantitative Literacy
2025_Spring_42023,GE II: Science and Technology
2025_Spring_42023,GE Va: Quantitative Literacy
2025_Spring_42022,GE II: Science and Technology
2025_Spring_42022,GE Va: Quantitative Literacy
2025_Spring_42004,GE II: Science and Technology
2025_Spring_42004,GE Va: Quantitative Literacy
2025_Spring_42005,GE II: Science and Technology
2025_Spring_42005,GE Va: Quantitative Literacy
2025_Spring_42008,GE II: Science and Technology
2025_Spring_42008,GE Va: Quantitative Literacy
2025_Spring_42007,GE II: Science and Technology
2025_Spring_42007,GE Va: Quantitative Literacy
2025_Spring_42003,GE II: Science and Technology
2025_Spring_42003,GE Va: Quantitative Literacy
2025_Spring_42006,GE II: Science and Technology
2025_Spring_42006,GE Va: Quantitative Literacy
2025_Spring_42001,GE II: Science and Technology
2025_Spring_42001,GE Va: Quantitative Literacy
2025_Spring_42002,GE II: Science and Technology
2025_Spring_42002,GE Va: Quantitative Literacy
2025_Spring_42067,GE II: Science and Technology
2025_Spring_42067,GE Va: Quantitative Literacy
2025_Spring_42066,GE II: Science and Technology
2025_Spring_42066,GE Va: Quantitative Literacy
2025_Spring_42068,GE II: Science and Technology
2025_Spring_42068,GE Va: Quantitative Literacy
2025_Spring_42069,GE II: Science and Technology
2025_Spring_42069,GE Va: Quantitative Literacy
2025_Spring_42070,GE II: Science and Technology
2025_Spring_42070,GE Va: Quantitative Literacy
2025_Spring_42071,GE II: Science and Technology
2025_Spring_42071,GE Va: Quantitative Literacy
2025_Spring_23003,GE IV: Arts and Humanities
2025_Spring_23003,GE VIII: International/Global Issues
2025_Spring_62073,GE III: Social & Behavioral Sciences
2025_Spring_62071,GE III: Social & Behavioral Sciences
2025_Spring_62072,GE III: Social & Behavioral Sciences
2025_Spring_62086,GE III: Social & Behavioral Sciences
2025_Spring_62087,GE III: Social & Behavioral Sciences
2025_Spring_62088,GE III: Social & Behavioral Sciences
2025_Spring_62089,GE III: Social & Behavioral Sciences
2025_Spring_62090,GE III: Social & Behavioral Sciences
2025_Spring_62121,GE III: Social & Behavioral Sciences
2025_Spring_62034,GE Va: Quantitative Literacy
2025_Spring_62032,GE Va: Quantitative Literacy
2025_Spring_62031,GE Va: Quantitative Literacy
2025_Spring_62033,GE Va: Quantitative Literacy
2025_Spring_62051,GE Va: Quantitative Literacy
2025_Spring_62055,GE Va: Quantitative Literacy
2025_Spring_62052,GE Va: Quantitative Literacy
2025_Spring_62053,GE Va: Quantitative Literacy
2025_Spring_62054,GE Va: Quantitative Literacy
2025_Spring_62001,GE II: Science and Technology
2025_Spring_62001,GE III: Social & Behavioral Sciences
2025_Spring_62002,GE II: Science and Technology
2025_Spring_62002,GE III: Social & Behavioral Sciences
2025_Spring_62102,GE III: Social & Behavioral Sciences
2025_Spring_62103,GE III: Social & Behavioral Sciences
2025_Spring_62105,GE III: Social & Behavioral Sciences
2025_Spring_62101,GE III: Social & Behavioral Sciences
2025_Spring_62104,GE III: Social & Behavioral Sciences
2025_Spring_62012,GE III: Social & Behavioral Sciences
2025_Spring_62012,GE VIII: International/Global Issues
2025_Spring_62014,GE III: Social & Behavioral Sciences
2025_Spring_62014,GE VIII: International/Global Issues
2025_Spring_62015,GE III: Social & Behavioral Sciences
2025_Spring_62015,GE VIII: International/Global Issues
2025_Spring_62011,GE III: Social & Behavioral Sciences
2025_Spring_62011,GE VIII: International/Global Issues
2025_Spring_62013,GE III: Social & Behavioral Sciences
2025_Spring_62013,GE VIII: International/Global Issues
2025_Spring_62016,GE III: Social & Behavioral Sciences
2025_Spring_62016,GE VIII: International/Global Issues
2025_Spring_12007,GE Va: Quantitative Literacy
2025_Spring_12006,GE Va: Quantitative Literacy
2025_Spring_12001,GE III: Social & Behavioral Sciences
2025_Spring_12002,GE III: Social & Behavioral Sciences
2025_Spring_12031,GE III: Social & Behavioral Sciences
2025_Spring_12032,GE III: Social & Behavioral Sciences
2025_Spring_12021,GE III: Social & Behavioral Sciences
2025_Spring_12024,GE III: Social & Behavioral Sciences
2025_Spring_12022,GE III: Social & Behavioral Sciences
2025_Spring_12023,GE III: Social & Behavioral Sciences
2025_Spring_12011,GE III: Social & Behavioral Sciences
2025_Spring_12012,GE III: Social & Behavioral Sciences
2025_Spring_23321,GE III: Social & Behavioral Sciences
2025_Spring_23321,GE IV: Arts and Humanities
2025_Spring_23322,GE III: Social & Behavioral Sciences
2025_Spring_23322,GE IV: Arts and Humanities
2025_Spring_23302,GE IV: Arts and Humanities
2025_Spring_23302,GE VII: Multicultural Studies
2025_Spring_23301,GE IV: Arts and Humanities
2025_Spring_23301,GE VII: Multicultural Studies
2025_Spring_23415,GE Ib: Upper Division Writing
2025_Spring_13298,GE Ib: Upper Division Writing
2025_Spring_13300,GE Ib: Upper Division Writing
2025_Spring_13296,GE Ib: Upper Division Writing
2025_Spring_13277,GE Ib: Upper Division Writing
2025_Spring_13271,GE Ib: Upper Division Writing
2025_Spring_13251,GE Ib: Upper Division Writing
2025_Spring_13275,GE Ib: Upper Division Writing
2025_Spring_13259,GE Ib: Upper Division Writing
2025_Spring_13263,GE Ib: Upper Division Writing
2025_Spring_13255,GE Ib: Upper Division Writing
2025_Spring_13267,GE Ib: Upper Division Writing
2025_Spring_13286,GE Ib: Upper Division Writing
2025_Spring_13302,GE Ib: Upper Division Writing
2025_Spring_15407,GE III: Social & Behavioral Sciences
2025_Spring_15406,GE III: Social & Behavioral Sciences
2025_Spring_24006,GE III: Social & Behavioral Sciences
2025_Spring_24006,GE IV: Arts and Humanities
2025_Spring_24006,GE Vb: Formal Reasoning
2025_Spring_24008,GE III: Social & Behavioral Sciences
2025_Spring_24008,GE IV: Arts and Humanities
2025_Spring_24008,GE Vb: Formal Reasoning
2025_Spring_24009,GE III: Social & Behavioral Sciences
2025_Spring_24009,GE IV: Arts and Humanities
2025_Spring_24009,GE Vb: Formal Reasoning
2025_Spring_24007,GE III: Social & Behavioral Sciences
2025_Spring_24007,GE IV: Arts and Humanities
2025_Spring_24007,GE Vb: Formal Reasoning
2025_Spring_24004,GE III: Social & Behavioral Sciences
2025_Spring_24004,GE IV: Arts and Humanities
2025_Spring_24004,GE Vb: Formal Reasoning
2025_Spring_24005,GE III: Social & Behavioral Sciences
2025_Spring_24005,GE IV: Arts and Humanities
2025_Spring_24005,GE Vb: Formal Reasoning
2025_Spring_24106,GE IV: Arts and Humanities
2025_Spring_24107,GE IV: Arts and Humanities
2025_Spring_24111,GE IV: Arts and Humanities
2025_Spring_24104,GE IV: Arts and Humanities
2025_Spring_24102,GE IV: Arts and Humanities
2025_Spring_24101,GE IV: Arts and Humanities
2025_Spring_24109,GE IV: Arts and Humanities
2025_Spring_24110,GE IV: Arts and Humanities
2025_Spring_24103,GE IV: Arts and Humanities
2025_Spring_24105,GE IV: Arts and Humanities
2025_Spring_24108,GE IV: Arts and Humanities
2025_Spring_24225,GE Ib: Upper Division Writing
2025_Spring_25116,GE IV: Arts and Humanities
2025_Spring_25116,GE VII: Multicultural Studies
2025_Spring_25113,GE IV: Arts and Humanities
2025_Spring_25113,GE VII: Multicultural Studies
2025_Spring_25114,GE IV: Arts and Humanities
2025_Spring_25114,GE VII: Multicultural Studies
2025_Spring_25115,GE IV: Arts and Humanities
2025_Spring_25115,GE VII: Multicultural Studies
2025_Spring_26546,GE III: Social & Behavioral Sciences
2025_Spring_26546,GE IV: Arts and Humanities
2025_Spring_26546,GE VII: Multicultural Studies
2025_Spring_26542,GE III: Social & Behavioral Sciences
2025_Spring_26542,GE IV: Arts and Humanities
2025_Spring_26542,GE VII: Multicultural Studies
2025_Spring_26544,GE III: Social & Behavioral Sciences
2025_Spring_26544,GE IV: Arts and Humanities
2025_Spring_26544,GE VII: Multicultural Studies
2025_Spring_26541,GE III: Social & Behavioral Sciences
2025_Spring_26541,GE IV: Arts and Humanities
2025_Spring_26541,GE VII: Multicultural Studies
2025_Spring_26543,GE III: Social & Behavioral Sciences
2025_Spring_26543,GE IV: Arts and Humanities
2025_Spring_26543,GE VII: Multicultural Studies
2025_Spring_26545,GE III: Social & Behavioral Sciences
2025_Spring_26545,GE IV: Arts and Humanities
2025_Spring_26545,GE VII: Multicultural Studies
2025_Spring_26564,GE IV: Arts and Humanities
2025_Spring_26564,GE VIII: International/Global Issues
2025_Spring_26561,GE IV: Arts and Humanities
2025_Spring_26561,GE VIII: International/Global Issues
2025_Spring_26565,GE IV: Arts and Humanities
2025_Spring_26565,GE VIII: International/Global Issues
2025_Spring_26562,GE IV: Arts and Humanities
2025_Spring_26562,GE VIII: International/Global Issues
2025_Spring_26566,GE IV: Arts and Humanities
2025_Spring_26566,GE VIII: International/Global Issues
2025_Spring_26563,GE IV: Arts and Humanities
2025_Spring_26563,GE VIII: International/Global Issues
2025_Spring_26634,GE IV: Arts and Humanities
2025_Spring_26634,GE VIII: International/Global Issues
2025_Spring_26632,GE IV: Arts and Humanities
2025_Spring_26632,GE VIII: International/Global Issues
2025_Spring_26631,GE IV: Arts and Humanities
2025_Spring_26631,GE VIII: International/Global Issues
2025_Spring_26633,GE IV: Arts and Humanities
2025_Spring_26633,GE VIII: International/Global Issues
2025_Spring_26650,GE Ib: Upper Division Writing
2025_Spring_26614,GE IV: Arts and Humanities
2025_Spring_26612,GE IV: Arts and Humanities
2025_Spring_26615,GE IV: Arts and Humanities
2025_Spring_26603,GE IV: Arts and Humanities
2025_Spring_26604,GE IV: Arts and Humanities
2025_Spring_26616,GE IV: Arts and Humanities
2025_Spring_26601,GE IV: Arts and Humanities
2025_Spring_26617,GE IV: Arts and Humanities
2025_Spring_26618,GE IV: Arts and Humanities
2025_Spring_26605,GE IV: Arts and Humanities
2025_Spring_26602,GE IV: Arts and Humanities
2025_Spring_26606,GE IV: Arts and Humanities
2025_Spring_26611,GE IV: Arts and Humanities
2025_Spring_26613,GE IV: Arts and Humanities
2025_Spring_26641,GE IV: Arts and Humanities
2025_Spring_26641,GE VIII: International/Global Issues
2025_Spring_26642,GE IV: Arts and Humanities
2025_Spring_26642,GE VIII: International/Global Issues
2025_Spring_26551,GE IV: Arts and Humanities
2025_Spring_26551,GE VIII: International/Global Issues
2025_Spring_26552,GE IV: Arts and Humanities
2025_Spring_26552,GE VIII: International/Global Issues
2025_Spring_26553,GE IV: Arts and Humanities
2025_Spring_26553,GE VIII: International/Global Issues
2025_Spring_26554,GE IV: Arts and Humanities
2025_Spring_26554,GE VIII: International/Global Issues
2025_Spring_26556,GE IV: Arts and Humanities
2025_Spring_26556,GE VIII: International/Global Issues
2025_Spring_26555,GE IV: Arts and Humanities
2025_Spring_26555,GE VIII: International/Global Issues
2025_Spring_26623,GE II: Science and Technology
2025_Spring_26623,GE IV: Arts and Humanities
2025_Spring_26622,GE II: Science and Technology
2025_Spring_26622,GE IV: Arts and Humanities
2025_Spring_26621,GE II: Science and Technology
2025_Spring_26621,GE IV: Arts and Humanities
2025_Spring_26624,GE II: Science and Technology
2025_Spring_26624,GE IV: Arts and Humanities
2025_Spring_26521,GE IV: Arts and Humanities
2025_Spring_26522,GE IV: Arts and Humanities
2025_Spring_26584,GE IV: Arts and Humanities
2025_Spring_26583,GE IV: Arts and Humanities
2025_Spring_26581,GE IV: Arts and Humanities
2025_Spring_26582,GE IV: Arts and Humanities
2025_Spring_27703,GE Ia: Lower Division Writing
2025_Spring_27708,GE Ia: Lower Division Writing
2025_Spring_27706,GE Ia: Lower Division Writing
2025_Spring_27709,GE Ia: Lower Division Writing
2025_Spring_27808,GE Ia: Lower Division Writing
2025_Spring_27810,GE Ia: Lower Division Writing
2025_Spring_28121,GE Ia: Lower Division Writing
2025_Spring_28105,GE Ia: Lower Division Writing
2025_Spring_28113,GE Ia: Lower Division Writing
2025_Spring_28128,GE Ia: Lower Division Writing
2025_Spring_28130,GE Ia: Lower Division Writing
2025_Spring_35752,GE II: Science and Technology
2025_Spring_35752,GE Vb: Formal Reasoning
2025_Spring_35751,GE II: Science and Technology
2025_Spring_35751,GE Vb: Formal Reasoning
2025_Spring_35756,GE II: Science and Technology
2025_Spring_35756,GE Vb: Formal Reasoning
2025_Spring_35750,GE II: Science and Technology
2025_Spring_35750,GE Vb: Formal Reasoning
2025_Spring_35753,GE II: Science and Technology
2025_Spring_35753,GE Vb: Formal Reasoning
2025_Spring_35754,GE II: Science and Technology
2025_Spring_35754,GE Vb: Formal Reasoning
2025_Spring_35755,GE II: Science and Technology
2025_Spring_35755,GE Vb: Formal Reasoning
2025_Spring_35757,GE II: Science and Technology
2025_Spring_35757,GE Vb: Formal Reasoning
2025_Spring_35758,GE II: Science and Technology
2025_Spring_35758,GE Vb: Formal Reasoning
2025_Spring_35759,GE II: Science and Technology
2025_Spring_35759,GE Vb: Formal Reasoning
2025_Spring_35761,GE II: Science and Technology
2025_Spring_35761,GE Vb: Formal Reasoning
2025_Spring_35762,GE II: Science and Technology
2025_Spring_35762,GE Vb: Formal Reasoning
2025_Spring_35871,GE Ib: Upper Division Writing
2025_Spring_35873,GE Ib: Upper Division Writing
2025_Spring_35901,GE Ib: Upper Division Writing
2025_Spring_35891,GE Ib: Upper Division Writing
2025_Spring_35892,GE Ib: Upper Division Writing
2025_Spring_35882,GE Ib: Upper Division Writing
2025_Spring_35893,GE Ib: Upper Division Writing
2025_Spring_35883,GE Ib: Upper Division Writing
2025_Spring_35884,GE Ib: Upper Division Writing
2025_Spring_35872,GE Ib: Upper Division Writing
2025_Spring_35881,GE Ib: Upper Division Writing
2025_Spring_35874,GE Ib: Upper Division Writing
2025_Spring_35894,GE Ib: Upper Division Writing
2025_Spring_35902,GE Ib: Upper Division Writing
2025_Spring_35903,GE Ib: Upper Division Writing
2025_Spring_35904,GE Ib: Upper Division Writing
2025_Spring_35691,GE II: Science and Technology
2025_Spring_35691,GE Vb: Formal Reasoning
2025_Spring_35692,GE II: Science and Technology
2025_Spring_35692,GE Vb: Formal Reasoning
2025_Spring_35694,GE II: Science and Technology
2025_Spring_35694,GE Vb: Formal Reasoning
2025_Spring_35693,GE II: Science and Technology
2025_Spring_35693,GE Vb: Formal Reasoning
2025_Spring_35791,GE II: Science and Technology
2025_Spring_35794,GE II: Science and Technology
2025_Spring_35799,GE II: Science and Technology
2025_Spring_35800,GE II: Science and Technology
2025_Spring_35795,GE II: Science and Technology
2025_Spring_35796,GE II: Science and Technology
2025_Spring_35797,GE II: Science and Technology
2025_Spring_35798,GE II: Science and Technology
2025_Spring_35801,GE II: Science and Technology
2025_Spring_35632,GE Vb: Formal Reasoning
2025_Spring_35631,GE Vb: Formal Reasoning
2025_Spring_35641,GE Vb: Formal Reasoning
2025_Spring_35681,GE II: Science and Technology
2025_Spring_35681,GE III: Social & Behavioral Sciences
2025_Spring_35682,GE II: Science and Technology
2025_Spring_35682,GE III: Social & Behavioral Sciences
2025_Spring_35726,GE II: Science and Technology
2025_Spring_35726,GE Va: Quantitative Literacy
2025_Spring_35726,GE Vb: Formal Reasoning
2025_Spring_35721,GE II: Science and Technology
2025_Spring_35721,GE Va: Quantitative Literacy
2025_Spring_35721,GE Vb: Formal Reasoning
2025_Spring_35722,GE II: Science and Technology
2025_Spring_35722,GE Va: Quantitative Literacy
2025_Spring_35722,GE Vb: Formal Reasoning
2025_Spring_35723,GE II: Science and Technology
2025_Spring_35723,GE Va: Quantitative Literacy
2025_Spring_35723,GE Vb: Formal Reasoning
2025_Spring_35724,GE II: Science and Technology
2025_Spring_35724,GE Va: Quantitative Literacy
2025_Spring_35724,GE Vb: Formal Reasoning
2025_Spring_35725,GE II: Science and Technology
2025_Spring_35725,GE Va: Quantitative Literacy
2025_Spring_35725,GE Vb: Formal Reasoning
2025_Spring_64001,GE III: Social & Behavioral Sciences
2025_Spring_64001,GE VIII: International/Global Issues
2025_Spring_64013,GE III: Social & Behavioral Sciences
2025_Spring_64013,GE VIII: International/Global Issues
2025_Spring_64012,GE III: Social & Behavioral Sciences
2025_Spring_64012,GE VIII: International/Global Issues
2025_Spring_64005,GE III: Social & Behavioral Sciences
2025_Spring_64005,GE VIII: International/Global Issues
2025_Spring_64006,GE III: Social & Behavioral Sciences
2025_Spring_64006,GE VIII: International/Global Issues
2025_Spring_64011,GE III: Social & Behavioral Sciences
2025_Spring_64011,GE VIII: International/Global Issues
2025_Spring_64002,GE III: Social & Behavioral Sciences
2025_Spring_64002,GE VIII: International/Global Issues
2025_Spring_64003,GE III: Social & Behavioral Sciences
2025_Spring_64003,GE VIII: International/Global Issues
2025_Spring_64004,GE III: Social & Behavioral Sciences
2025_Spring_64004,GE VIII: International/Global Issues
2025_Spring_64007,GE III: Social & Behavioral Sciences
2025_Spring_64007,GE VIII: International/Global Issues
2025_Spring_64008,GE III: Social & Behavioral Sciences
2025_Spring_64008,GE VIII: International/Global Issues
2025_Spring_64009,GE III: Social & Behavioral Sciences
2025_Spring_64009,GE VIII: International/Global Issues
2025_Spring_64010,GE III: Social & Behavioral Sciences
2025_Spring_64010,GE VIII: International/Global Issues
2025_Spring_64014,GE III: Social & Behavioral Sciences
2025_Spring_64014,GE VIII: International/Global Issues
2025_Spring_64015,GE III: Social & Behavioral Sciences
2025_Spring_64015,GE VIII: International/Global Issues
2025_Spring_64616,GE Ib: Upper Division Writing
2025_Spring_64617,GE Ib: Upper Division Writing
2025_Spring_64312,GE Ib: Upper Division Writing
2025_Spring_64311,GE Ib: Upper Division Writing
2025_Spring_64093,GE III: Social & Behavioral Sciences
2025_Spring_64093,GE VIII: International/Global Issues
2025_Spring_64092,GE III: Social & Behavioral Sciences
2025_Spring_64092,GE VIII: International/Global Issues
2025_Spring_64091,GE III: Social & Behavioral Sciences
2025_Spring_64091,GE VIII: International/Global Issues
2025_Spring_64065,GE III: Social & Behavioral Sciences
2025_Spring_64065,GE VIII: International/Global Issues
2025_Spring_64061,GE III: Social & Behavioral Sciences
2025_Spring_64061,GE VIII: International/Global Issues
2025_Spring_64062,GE III: Social & Behavioral Sciences
2025_Spring_64062,GE VIII: International/Global Issues
2025_Spring_64063,GE III: Social & Behavioral Sciences
2025_Spring_64063,GE VIII: International/Global Issues
2025_Spring_64064,GE III: Social & Behavioral Sciences
2025_Spring_64064,GE VIII: International/Global Issues
2025_Spring_64066,GE III: Social & Behavioral Sciences
2025_Spring_64066,GE VIII: International/Global Issues
2025_Spring_28924,GE VIII: International/Global Issues
2025_Spring_28905,GE VI: Language Other Than English
2025_Spring_66137,GE II: Science and Technology
2025_Spring_66137,GE Va: Quantitative Literacy
2025_Spring_66131,GE II: Science and Technology
2025_Spring_66131,GE Va: Quantitative Literacy
2025_Spring_66132,GE II: Science and Technology
2025_Spring_66132,GE Va: Quantitative Literacy
2025_Spring_66133,GE II: Science and Technology
2025_Spring_66133,GE Va: Quantitative Literacy
2025_Spring_66134,GE II: Science and Technology
2025_Spring_66134,GE Va: Quantitative Literacy
2025_Spring_66135,GE II: Science and Technology
2025_Spring_66135,GE Va: Quantitative Literacy
2025_Spring_66136,GE II: Science and Technology
2025_Spring_66136,GE Va: Quantitative Literacy
2025_Spring_66138,GE II: Science and Technology
2025_Spring_66138,GE Va: Quantitative Literacy
2025_Spring_66113,GE Vb: Formal Reasoning
2025_Spring_66117,GE Vb: Formal Reasoning
2025_Spring_66111,GE Vb: Formal Reasoning
2025_Spring_66112,GE Vb: Formal Reasoning
2025_Spring_66114,GE Vb: Formal Reasoning
2025_Spring_66115,GE Vb: Formal Reasoning
2025_Spring_66116,GE Vb: Formal Reasoning
2025_Spring_66118,GE Vb: Formal Reasoning
2025_Spring_66153,GE II: Science and Technology
2025_Spring_66153,GE IV: Arts and Humanities
2025_Spring_66152,GE II: Science and Technology
2025_Spring_66152,GE IV: Arts and Humanities
2025_Spring_66151,GE II: Science and Technology
2025_Spring_66151,GE IV: Arts and Humanities
2025_Spring_66154,GE II: Science and Technology
2025_Spring_66154,GE IV: Arts and Humanities
2025_Spring_65016,GE III: Social & Behavioral Sciences
2025_Spring_65016,GE Vb: Formal Reasoning
2025_Spring_65017,GE III: Social & Behavioral Sciences
2025_Spring_65017,GE Vb: Formal Reasoning
2025_Spring_65012,GE III: Social & Behavioral Sciences
2025_Spring_65012,GE Vb: Formal Reasoning
2025_Spring_65011,GE III: Social & Behavioral Sciences
2025_Spring_65011,GE Vb: Formal Reasoning
2025_Spring_65013,GE III: Social & Behavioral Sciences
2025_Spring_65013,GE Vb: Formal Reasoning
2025_Spring_65014,GE III: Social & Behavioral Sciences
2025_Spring_65014,GE Vb: Formal Reasoning
2025_Spring_65015,GE III: Social & Behavioral Sciences
2025_Spring_65015,GE Vb: Formal Reasoning
2025_Spring_65018,GE III: Social & Behavioral Sciences
2025_Spring_65018,GE Vb: Formal Reasoning
2025_Spring_65019,GE III: Social & Behavioral Sciences
2025_Spring_65019,GE Vb: Formal Reasoning
2025_Spring_65061,GE Vb: Formal Reasoning
2025_Spring_65062,GE Vb: Formal Reasoning
2025_Spring_65063,GE Vb: Formal Reasoning
2025_Spring_65064,GE Vb: Formal Reasoning
2025_Spring_65065,GE Vb: Formal Reasoning
2025_Spring_65066,GE Vb: Formal Reasoning
2025_Spring_65067,GE Vb: Formal Reasoning
2025_Spring_65068,GE Vb: Formal Reasoning
2025_Spring_65001,GE VII: Multicultural Studies
2025_Spring_65002,GE VII: Multicultural Studies
2025_Spring_65003,GE VII: Multicultural Studies
2025_Spring_44312,GE Vb: Formal Reasoning
2025_Spring_44313,GE Vb: Formal Reasoning
2025_Spring_44311,GE Vb: Formal Reasoning
2025_Spring_44341,GE Vb: Formal Reasoning
2025_Spring_44301,GE Vb: Formal Reasoning
2025_Spring_44302,GE Vb: Formal Reasoning
2025_Spring_44303,GE Vb: Formal Reasoning
2025_Spring_44342,GE Vb: Formal Reasoning
2025_Spring_44343,GE Vb: Formal Reasoning
2025_Spring_44595,GE II: Science and Technology
2025_Spring_44595,GE Vb: Formal Reasoning
2025_Spring_44610,GE II: Science and Technology
2025_Spring_44610,GE Vb: Formal Reasoning
2025_Spring_44552,GE Vb: Formal Reasoning
2025_Spring_44553,GE Vb: Formal Reasoning
2025_Spring_44551,GE Vb: Formal Reasoning
2025_Spring_44563,GE Vb: Formal Reasoning
2025_Spring_44561,GE Vb: Formal Reasoning
2025_Spring_44562,GE Vb: Formal Reasoning
2025_Spring_44004,GE Vb: Formal Reasoning
2025_Spring_44006,GE Vb: Formal Reasoning
2025_Spring_44002,GE Vb: Formal Reasoning
2025_Spring_44001,GE Vb: Formal Reasoning
2025_Spring_44003,GE Vb: Formal Reasoning
2025_Spring_44007,GE Vb: Formal Reasoning
2025_Spring_44008,GE Vb: Formal Reasoning
2025_Spring_44201,GE Vb: Formal Reasoning
2025_Spring_44223,GE Vb: Formal Reasoning
2025_Spring_44221,GE Vb: Formal Reasoning
2025_Spring_44202,GE Vb: Formal Reasoning
2025_Spring_44224,GE Vb: Formal Reasoning
2025_Spring_44204,GE Vb: Formal Reasoning
2025_Spring_44205,GE Vb: Formal Reasoning
2025_Spring_44222,GE Vb: Formal Reasoning
2025_Spring_44625,GE II: Science and Technology
2025_Spring_44625,GE Vb: Formal Reasoning
2025_Spring_44103,GE Vb: Formal Reasoning
2025_Spring_44110,GE Vb: Formal Reasoning
2025_Spring_44101,GE Vb: Formal Reasoning
2025_Spring_44109,GE Vb: Formal Reasoning
2025_Spring_44102,GE Vb: Formal Reasoning
2025_Spring_44108,GE Vb: Formal Reasoning
2025_Spring_44116,GE Vb: Formal Reasoning
2025_Spring_44117,GE Vb: Formal Reasoning
2025_Spring_44118,GE Vb: Formal Reasoning
2025_Spring_38433,GE Ib: Upper Division Writing
2025_Spring_38436,GE Ib: Upper Division Writing
2025_Spring_38434,GE Ib: Upper Division Writing
2025_Spring_38445,GE Ib: Upper Division Writing
2025_Spring_38435,GE Ib: Upper Division Writing
2025_Spring_38443,GE Ib: Upper Division Writing
2025_Spring_38444,GE Ib: Upper Division Writing
2025_Spring_38446,GE Ib: Upper Division Writing
2025_Spring_38447,GE Ib: Upper Division Writing
2025_Spring_04167,GE IV: Arts and Humanities
2025_Spring_04161,GE IV: Arts and Humanities
2025_Spring_04162,GE IV: Arts and Humanities
2025_Spring_04164,GE IV: Arts and Humanities
2025_Spring_04168,GE IV: Arts and Humanities
2025_Spring_04166,GE IV: Arts and Humanities
2025_Spring_04163,GE IV: Arts and Humanities
2025_Spring_04165,GE IV: Arts and Humanities
2025_Spring_04102,GE IV: Arts and Humanities
2025_Spring_04102,GE VIII: International/Global Issues
2025_Spring_04104,GE IV: Arts and Humanities
2025_Spring_04104,GE VIII: International/Global Issues
2025_Spring_30323,GE IV: Arts and Humanities
2025_Spring_30323,GE Vb: Formal Reasoning
2025_Spring_30326,GE IV: Arts and Humanities
2025_Spring_30326,GE Vb: Formal Reasoning
2025_Spring_30322,GE IV: Arts and Humanities
2025_Spring_30322,GE Vb: Formal Reasoning
2025_Spring_30324,GE IV: Arts and Humanities
2025_Spring_30324,GE Vb: Formal Reasoning
2025_Spring_30325,GE IV: Arts and Humanities
2025_Spring_30325,GE Vb: Formal Reasoning
2025_Spring_30321,GE IV: Arts and Humanities
2025_Spring_30321,GE Vb: Formal Reasoning
2025_Spring_30396,GE Vb: Formal Reasoning
2025_Spring_30397,GE Vb: Formal Reasoning
2025_Spring_30398,GE Vb: Formal Reasoning
2025_Spring_30399,GE Vb: Formal Reasoning
2025_Spring_30400,GE Vb: Formal Reasoning
2025_Spring_30401,GE Vb: Formal Reasoning
2025_Spring_30402,GE Vb: Formal Reasoning
2025_Spring_30403,GE Vb: Formal Reasoning
2025_Spring_30308,GE IV: Arts and Humanities
2025_Spring_30303,GE IV: Arts and Humanities
2025_Spring_30301,GE IV: Arts and Humanities
2025_Spring_30302,GE IV: Arts and Humanities
2025_Spring_30305,GE IV: Arts and Humanities
2025_Spring_30307,GE IV: Arts and Humanities
2025_Spring_30304,GE IV: Arts and Humanities
2025_Spring_30306,GE IV: Arts and Humanities
2025_Spring_30556,GE II: Science and Technology
2025_Spring_30556,GE Va: Quantitative Literacy
2025_Spring_30558,GE II: Science and Technology
2025_Spring_30558,GE Va: Quantitative Literacy
2025_Spring_30554,GE II: Science and Technology
2025_Spring_30554,GE Va: Quantitative Literacy
2025_Spring_30551,GE II: Science and Technology
2025_Spring_30551,GE Va: Quantitative Literacy
2025_Spring_30552,GE II: Science and Technology
2025_Spring_30552,GE Va: Quantitative Literacy
2025_Spring_30553,GE II: Science and Technology
2025_Spring_30553,GE Va: Quantitative Literacy
2025_Spring_30555,GE II: Science and Technology
2025_Spring_30555,GE Va: Quantitative Literacy
2025_Spring_30557,GE II: Science and Technology
2025_Spring_30557,GE Va: Quantitative Literacy
2025_Spring_30345,GE IV: Arts and Humanities
2025_Spring_30346,GE IV: Arts and Humanities
2025_Spring_30343,GE IV: Arts and Humanities
2025_Spring_30342,GE IV: Arts and Humanities
2025_Spring_30341,GE IV: Arts and Humanities
2025_Spring_30344,GE IV: Arts and Humanities
2025_Spring_30356,GE IV: Arts and Humanities
2025_Spring_30353,GE IV: Arts and Humanities
2025_Spring_30351,GE IV: Arts and Humanities
2025_Spring_30352,GE IV: Arts and Humanities
2025_Spring_30354,GE IV: Arts and Humanities
2025_Spring_30355,GE IV: Arts and Humanities
2025_Spring_89019,GE Ib: Upper Division Writing
2025_Spring_89021,GE Ib: Upper Division Writing
2025_Spring_89018,GE Ib: Upper Division Writing
2025_Spring_49215,GE Ib: Upper Division Writing
2025_Spring_47451,GE II: Science and Technology
2025_Spring_47451,GE Va: Quantitative Literacy
2025_Spring_47452,GE II: Science and Technology
2025_Spring_47452,GE Va: Quantitative Literacy
2025_Spring_47453,GE II: Science and Technology
2025_Spring_47453,GE Va: Quantitative Literacy
2025_Spring_47472,GE II: Science and Technology
2025_Spring_47472,GE Va: Quantitative Literacy
2025_Spring_47474,GE II: Science and Technology
2025_Spring_47474,GE Va: Quantitative Literacy
2025_Spring_47473,GE II: Science and Technology
2025_Spring_47473,GE Va: Quantitative Literacy
2025_Spring_47471,GE II: Science and Technology
2025_Spring_47471,GE Va: Quantitative Literacy
2025_Spring_47565,GE Ib: Upper Division Writing
2025_Spring_47005,GE II: Science and Technology
2025_Spring_47005,GE Va: Quantitative Literacy
2025_Spring_47001,GE II: Science and Technology
2025_Spring_47001,GE Va: Quantitative Literacy
2025_Spring_47007,GE II: Science and Technology
2025_Spring_47007,GE Va: Quantitative Literacy
2025_Spring_47002,GE II: Science and Technology
2025_Spring_47002,GE Va: Quantitative Literacy
2025_Spring_47003,GE II: Science and Technology
2025_Spring_47003,GE Va: Quantitative Literacy
2025_Spring_47004,GE II: Science and Technology
2025_Spring_47004,GE Va: Quantitative Literacy
2025_Spring_47006,GE II: Science and Technology
2025_Spring_47006,GE Va: Quantitative Literacy
2025_Spring_47121,GE II: Science and Technology
2025_Spring_47121,GE Va: Quantitative Literacy
2025_Spring_47149,GE II: Science and Technology
2025_Spring_47149,GE Va: Quantitative Literacy
2025_Spring_47122,GE II: Science and Technology
2025_Spring_47122,GE Va: Quantitative Literacy
2025_Spring_47123,GE II: Science and Technology
2025_Spring_47123,GE Va: Quantitative Literacy
2025_Spring_47142,GE II: Science and Technology
2025_Spring_47142,GE Va: Quantitative Literacy
2025_Spring_47145,GE II: Science and Technology
2025_Spring_47145,GE Va: Quantitative Literacy
2025_Spring_47124,GE II: Science and Technology
2025_Spring_47124,GE Va: Quantitative Literacy
2025_Spring_47125,GE II: Science and Technology
2025_Spring_47125,GE Va: Quantitative Literacy
2025_Spring_47126,GE II: Science and Technology
2025_Spring_47126,GE Va: Quantitative Literacy
2025_Spring_47127,GE II: Science and Technology
2025_Spring_47127,GE Va: Quantitative Literacy
2025_Spring_47128,GE II: Science and Technology
2025_Spring_47128,GE Va: Quantitative Literacy
2025_Spring_47141,GE II: Science and Technology
2025_Spring_47141,GE Va: Quantitative Literacy
2025_Spring_47143,GE II: Science and Technology
2025_Spring_47143,GE Va: Quantitative Literacy
2025_Spring_47144,GE II: Science and Technology
2025_Spring_47144,GE Va: Quantitative Literacy
2025_Spring_47146,GE II: Science and Technology
2025_Spring_47146,GE Va: Quantitative Literacy
2025_Spring_47156,GE II: Science and Technology
2025_Spring_47156,GE Va: Quantitative Literacy
2025_Spring_47157,GE II: Science and Technology
2025_Spring_47157,GE Va: Quantitative Literacy
2025_Spring_47148,GE II: Science and Technology
2025_Spring_47148,GE Va: Quantitative Literacy
2025_Spring_47272,GE II: Science and Technology
2025_Spring_47272,GE Va: Quantitative Literacy
2025_Spring_47253,GE II: Science and Technology
2025_Spring_47253,GE Va: Quantitative Literacy
2025_Spring_47273,GE II: Science and Technology
2025_Spring_47273,GE Va: Quantitative Literacy
2025_Spring_47243,GE II: Science and Technology
2025_Spring_47243,GE Va: Quantitative Literacy
2025_Spring_47274,GE II: Science and Technology
2025_Spring_47274,GE Va: Quantitative Literacy
2025_Spring_47275,GE II: Science and Technology
2025_Spring_47275,GE Va: Quantitative Literacy
2025_Spring_47278,GE II: Science and Technology
2025_Spring_47278,GE Va: Quantitative Literacy
2025_Spring_47241,GE II: Science and Technology
2025_Spring_47241,GE Va: Quantitative Literacy
2025_Spring_47244,GE II: Science and Technology
2025_Spring_47244,GE Va: Quantitative Literacy
2025_Spring_47251,GE II: Science and Technology
2025_Spring_47251,GE Va: Quantitative Literacy
2025_Spring_47252,GE II: Science and Technology
2025_Spring_47252,GE Va: Quantitative Literacy
2025_Spring_47255,GE II: Science and Technology
2025_Spring_47255,GE Va: Quantitative Literacy
2025_Spring_47259,GE II: Science and Technology
2025_Spring_47259,GE Va: Quantitative Literacy
2025_Spring_47277,GE II: Science and Technology
2025_Spring_47277,GE Va: Quantitative Literacy
2025_Spring_47242,GE II: Science and Technology
2025_Spring_47242,GE Va: Quantitative Literacy
2025_Spring_47254,GE II: Science and Technology
2025_Spring_47254,GE Va: Quantitative Literacy
2025_Spring_47258,GE II: Science and Technology
2025_Spring_47258,GE Va: Quantitative Literacy
2025_Spring_47260,GE II: Science and Technology
2025_Spring_47260,GE Va: Quantitative Literacy
2025_Spring_47271,GE II: Science and Technology
2025_Spring_47271,GE Va: Quantitative Literacy
2025_Spring_47276,GE II: Science and Technology
2025_Spring_47276,GE Va: Quantitative Literacy
2025_Spring_47323,GE II: Science and Technology
2025_Spring_47323,GE Va: Quantitative Literacy
2025_Spring_47324,GE II: Science and Technology
2025_Spring_47324,GE Va: Quantitative Literacy
2025_Spring_47321,GE II: Science and Technology
2025_Spring_47321,GE Va: Quantitative Literacy
2025_Spring_47325,GE II: Science and Technology
2025_Spring_47325,GE Va: Quantitative Literacy
2025_Spring_47328,GE II: Science and Technology
2025_Spring_47328,GE Va: Quantitative Literacy
2025_Spring_47330,GE II: Science and Technology
2025_Spring_47330,GE Va: Quantitative Literacy
2025_Spring_47327,GE II: Science and Technology
2025_Spring_47327,GE Va: Quantitative Literacy
2025_Spring_47326,GE II: Science and Technology
2025_Spring_47326,GE Va: Quantitative Literacy
2025_Spring_47201,GE II: Science and Technology
2025_Spring_47201,GE Va: Quantitative Literacy
2025_Spring_47204,GE II: Science and Technology
2025_Spring_47204,GE Va: Quantitative Literacy
2025_Spring_47207,GE II: Science and Technology
2025_Spring_47207,GE Va: Quantitative Literacy
2025_Spring_47203,GE II: Science and Technology
2025_Spring_47203,GE Va: Quantitative Literacy
2025_Spring_47206,GE II: Science and Technology
2025_Spring_47206,GE Va: Quantitative Literacy
2025_Spring_47202,GE II: Science and Technology
2025_Spring_47202,GE Va: Quantitative Literacy
2025_Spring_47205,GE II: Science and Technology
2025_Spring_47205,GE Va: Quantitative Literacy
2025_Spring_47208,GE II: Science and Technology
2025_Spring_47208,GE Va: Quantitative Literacy
2025_Spring_47031,GE II: Science and Technology
2025_Spring_47031,GE Va: Quantitative Literacy
2025_Spring_47036,GE II: Science and Technology
2025_Spring_47036,GE Va: Quantitative Literacy
2025_Spring_47032,GE II: Science and Technology
2025_Spring_47032,GE Va: Quantitative Literacy
2025_Spring_47033,GE II: Science and Technology
2025_Spring_47033,GE Va: Quantitative Literacy
2025_Spring_47035,GE II: Science and Technology
2025_Spring_47035,GE Va: Quantitative Literacy
2025_Spring_47037,GE II: Science and Technology
2025_Spring_47037,GE Va: Quantitative Literacy
2025_Spring_47038,GE II: Science and Technology
2025_Spring_47038,GE Va: Quantitative Literacy
2025_Spring_47646,GE Ib: Upper Division Writing
2025_Spring_47649,GE Ib: Upper Division Writing
2025_Spring_67064,GE III: Social & Behavioral Sciences
2025_Spring_67064,GE VIII: International/Global Issues
2025_Spring_67066,GE III: Social & Behavioral Sciences
2025_Spring_67066,GE VIII: International/Global Issues
2025_Spring_67065,GE III: Social & Behavioral Sciences
2025_Spring_67065,GE VIII: International/Global Issues
2025_Spring_67062,GE III: Social & Behavioral Sciences
2025_Spring_67062,GE VIII: International/Global Issues
2025_Spring_67063,GE III: Social & Behavioral Sciences
2025_Spring_67063,GE VIII: International/Global Issues
2025_Spring_67061,GE III: Social & Behavioral Sciences
2025_Spring_67061,GE VIII: International/Global Issues
2025_Spring_67012,GE III: Social & Behavioral Sciences
2025_Spring_67014,GE III: Social & Behavioral Sciences
2025_Spring_67026,GE III: Social & Behavioral Sciences
2025_Spring_67024,GE III: Social & Behavioral Sciences
2025_Spring_67027,GE III: Social & Behavioral Sciences
2025_Spring_67028,GE III: Social & Behavioral Sciences
2025_Spring_67013,GE III: Social & Behavioral Sciences
2025_Spring_67016,GE III: Social & Behavioral Sciences
2025_Spring_67022,GE III: Social & Behavioral Sciences
2025_Spring_67023,GE III: Social & Behavioral Sciences
2025_Spring_67011,GE III: Social & Behavioral Sciences
2025_Spring_67015,GE III: Social & Behavioral Sciences
2025_Spring_67021,GE III: Social & Behavioral Sciences
2025_Spring_67025,GE III: Social & Behavioral Sciences
2025_Spring_67029,GE III: Social & Behavioral Sciences
2025_Spring_67088,GE III: Social & Behavioral Sciences
2025_Spring_67088,GE VIII: International/Global Issues
2025_Spring_67089,GE III: Social & Behavioral Sciences
2025_Spring_67089,GE VIII: International/Global Issues
2025_Spring_67091,GE III: Social & Behavioral Sciences
2025_Spring_67091,GE VIII: International/Global Issues
2025_Spring_67090,GE III: Social & Behavioral Sciences
2025_Spring_67090,GE VIII: International/Global Issues
2025_Spring_67086,GE III: Social & Behavioral Sciences
2025_Spring_67086,GE VIII: International/Global Issues
2025_Spring_67087,GE III: Social & Behavioral Sciences
2025_Spring_67087,GE VIII: International/Global Issues
2025_Spring_67043,GE III: Social & Behavioral Sciences
2025_Spring_67041,GE III: Social & Behavioral Sciences
2025_Spring_67042,GE III: Social & Behavioral Sciences
2025_Spring_67118,GE III: Social & Behavioral Sciences
2025_Spring_67119,GE III: Social & Behavioral Sciences
2025_Spring_67120,GE III: Social & Behavioral Sciences
2025_Spring_67121,GE III: Social & Behavioral Sciences
2025_Spring_67116,GE III: Social & Behavioral Sciences
2025_Spring_67117,GE III: Social & Behavioral Sciences
2025_Spring_67097,GE III: Social & Behavioral Sciences
2025_Spring_67097,GE VII: Multicultural Studies
2025_Spring_67104,GE III: Social & Behavioral Sciences
2025_Spring_67104,GE VII: Multicultural Studies
2025_Spring_67101,GE III: Social & Behavioral Sciences
2025_Spring_67101,GE VII: Multicultural Studies
2025_Spring_67095,GE III: Social & Behavioral Sciences
2025_Spring_67095,GE VII: Multicultural Studies
2025_Spring_67103,GE III: Social & Behavioral Sciences
2025_Spring_67103,GE VII: Multicultural Studies
2025_Spring_67102,GE III: Social & Behavioral Sciences
2025_Spring_67102,GE VII: Multicultural Studies
2025_Spring_67105,GE III: Social & Behavioral Sciences
2025_Spring_67105,GE VII: Multicultural Studies
2025_Spring_67108,GE III: Social & Behavioral Sciences
2025_Spring_67108,GE VII: Multicultural Studies
2025_Spring_67096,GE III: Social & Behavioral Sciences
2025_Spring_67096,GE VII: Multicultural Studies
2025_Spring_67106,GE III: Social & Behavioral Sciences
2025_Spring_67106,GE VII: Multicultural Studies
2025_Spring_67107,GE III: Social & Behavioral Sciences
2025_Spring_67107,GE VII: Multicultural Studies
2025_Spring_67109,GE III: Social & Behavioral Sciences
2025_Spring_67109,GE VII: Multicultural Studies
2025_Spring_54033,GE III: Social & Behavioral Sciences
2025_Spring_54032,GE III: Social & Behavioral Sciences
2025_Spring_54038,GE III: Social & Behavioral Sciences
2025_Spring_54031,GE III: Social & Behavioral Sciences
2025_Spring_54034,GE III: Social & Behavioral Sciences
2025_Spring_54035,GE III: Social & Behavioral Sciences
2025_Spring_54036,GE III: Social & Behavioral Sciences
2025_Spring_54037,GE III: Social & Behavioral Sciences
2025_Spring_54076,GE III: Social & Behavioral Sciences
2025_Spring_54072,GE III: Social & Behavioral Sciences
2025_Spring_54074,GE III: Social & Behavioral Sciences
2025_Spring_54075,GE III: Social & Behavioral Sciences
2025_Spring_54071,GE III: Social & Behavioral Sciences
2025_Spring_54073,GE III: Social & Behavioral Sciences
2025_Spring_54052,GE III: Social & Behavioral Sciences
2025_Spring_54051,GE III: Social & Behavioral Sciences
2025_Spring_54053,GE III: Social & Behavioral Sciences
2025_Spring_54054,GE III: Social & Behavioral Sciences
2025_Spring_68051,GE III: Social & Behavioral Sciences
2025_Spring_68052,GE III: Social & Behavioral Sciences
2025_Spring_68054,GE III: Social & Behavioral Sciences
2025_Spring_68053,GE III: Social & Behavioral Sciences
2025_Spring_68033,GE III: Social & Behavioral Sciences
2025_Spring_68035,GE III: Social & Behavioral Sciences
2025_Spring_68037,GE III: Social & Behavioral Sciences
2025_Spring_68038,GE III: Social & Behavioral Sciences
2025_Spring_68032,GE III: Social & Behavioral Sciences
2025_Spring_68034,GE III: Social & Behavioral Sciences
2025_Spring_68031,GE III: Social & Behavioral Sciences
2025_Spring_68036,GE III: Social & Behavioral Sciences
2025_Spring_68072,GE III: Social & Behavioral Sciences
2025_Spring_68076,GE III: Social & Behavioral Sciences
2025_Spring_68074,GE III: Social & Behavioral Sciences
2025_Spring_68075,GE III: Social & Behavioral Sciences
2025_Spring_68073,GE III: Social & Behavioral Sciences
2025_Spring_68071,GE III: Social & Behavioral Sciences
2025_Spring_68112,GE Vb: Formal Reasoning
2025_Spring_68104,GE Vb: Formal Reasoning
2025_Spring_68114,GE Vb: Formal Reasoning
2025_Spring_68101,GE Vb: Formal Reasoning
2025_Spring_68103,GE Vb: Formal Reasoning
2025_Spring_68102,GE Vb: Formal Reasoning
2025_Spring_68111,GE Vb: Formal Reasoning
2025_Spring_68113,GE Vb: Formal Reasoning
2025_Spring_81015,GE Va: Quantitative Literacy
2025_Spring_81014,GE Va: Quantitative Literacy
2025_Spring_81016,GE Va: Quantitative Literacy
2025_Spring_81013,GE Va: Quantitative Literacy
2025_Spring_81223,GE Ib: Upper Division Writing
2025_Spring_81225,GE Ib: Upper Division Writing
2025_Spring_81226,GE Ib: Upper Division Writing
2025_Spring_81221,GE Ib: Upper Division Writing
2025_Spring_81222,GE Ib: Upper Division Writing
2025_Spring_81224,GE Ib: Upper Division Writing
2025_Spring_31205,GE IV: Arts and Humanities
2025_Spring_31205,GE VIII: International/Global Issues
2025_Spring_31202,GE IV: Arts and Humanities
2025_Spring_31202,GE VIII: International/Global Issues
2025_Spring_31203,GE IV: Arts and Humanities
2025_Spring_31203,GE VIII: International/Global Issues
2025_Spring_31204,GE IV: Arts and Humanities
2025_Spring_31204,GE VIII: International/Global Issues
2025_Spring_31206,GE IV: Arts and Humanities
2025_Spring_31206,GE VIII: International/Global Issues
2025_Spring_31201,GE IV: Arts and Humanities
2025_Spring_31201,GE VIII: International/Global Issues
2025_Spring_70121,GE Vb: Formal Reasoning
2025_Spring_70112,GE Vb: Formal Reasoning
2025_Spring_70122,GE Vb: Formal Reasoning
2025_Spring_70131,GE Vb: Formal Reasoning
2025_Spring_70132,GE Vb: Formal Reasoning
2025_Spring_70111,GE Vb: Formal Reasoning
2025_Spring_70151,GE Vb: Formal Reasoning
2025_Spring_70152,GE Vb: Formal Reasoning
2025_Spring_70102,GE Va: Quantitative Literacy
2025_Spring_70101,GE Va: Quantitative Literacy
2025_Spring_70066,GE III: Social & Behavioral Sciences
2025_Spring_70066,GE VIII: International/Global Issues
2025_Spring_70073,GE III: Social & Behavioral Sciences
2025_Spring_70073,GE VIII: International/Global Issues
2025_Spring_70080,GE III: Social & Behavioral Sciences
2025_Spring_70080,GE VIII: International/Global Issues
2025_Spring_70074,GE III: Social & Behavioral Sciences
2025_Spring_70074,GE VIII: International/Global Issues
2025_Spring_70076,GE III: Social & Behavioral Sciences
2025_Spring_70076,GE VIII: International/Global Issues
2025_Spring_70070,GE III: Social & Behavioral Sciences
2025_Spring_70070,GE VIII: International/Global Issues
2025_Spring_70071,GE III: Social & Behavioral Sciences
2025_Spring_70071,GE VIII: International/Global Issues
2025_Spring_70077,GE III: Social & Behavioral Sciences
2025_Spring_70077,GE VIII: International/Global Issues
2025_Spring_70068,GE III: Social & Behavioral Sciences
2025_Spring_70068,GE VIII: International/Global Issues
2025_Spring_70067,GE III: Social & Behavioral Sciences
2025_Spring_70067,GE VIII: International/Global Issues
2025_Spring_70069,GE III: Social & Behavioral Sciences
2025_Spring_70069,GE VIII: International/Global Issues
2025_Spring_70072,GE III: Social & Behavioral Sciences
2025_Spring_70072,GE VIII: International/Global Issues
2025_Spring_70078,GE III: Social & Behavioral Sciences
2025_Spring_70078,GE VIII: International/Global Issues
2025_Spring_70079,GE III: Social & Behavioral Sciences
2025_Spring_70079,GE VIII: International/Global Issues
2025_Spring_70075,GE III: Social & Behavioral Sciences
2025_Spring_70075,GE VIII: International/Global Issues
2025_Spring_70022,GE III: Social & Behavioral Sciences
2025_Spring_70027,GE III: Social & Behavioral Sciences
2025_Spring_70028,GE III: Social & Behavioral Sciences
2025_Spring_70025,GE III: Social & Behavioral Sciences
2025_Spring_70024,GE III: Social & Behavioral Sciences
2025_Spring_70026,GE III: Social & Behavioral Sciences
2025_Spring_70023,GE III: Social & Behavioral Sciences
2025_Spring_70021,GE III: Social & Behavioral Sciences
2025_Spring_70361,GE Ib: Upper Division Writing
2025_Spring_70366,GE Ib: Upper Division Writing
2025_Spring_70367,GE Ib: Upper Division Writing
2025_Spring_70362,GE Ib: Upper Division Writing
2025_Spring_70188,GE III: Social & Behavioral Sciences
2025_Spring_70188,GE VIII: International/Global Issues
2025_Spring_70186,GE III: Social & Behavioral Sciences
2025_Spring_70186,GE VIII: International/Global Issues
2025_Spring_70187,GE III: Social & Behavioral Sciences
2025_Spring_70187,GE VIII: International/Global Issues
2025_Spring_70556,GE Ib: Upper Division Writing
2025_Spring_70557,GE Ib: Upper Division Writing
2025_Spring_70222,GE III: Social & Behavioral Sciences
2025_Spring_70222,GE VII: Multicultural Studies
2025_Spring_70225,GE III: Social & Behavioral Sciences
2025_Spring_70225,GE VII: Multicultural Studies
2025_Spring_70221,GE III: Social & Behavioral Sciences
2025_Spring_70221,GE VII: Multicultural Studies
2025_Spring_70223,GE III: Social & Behavioral Sciences
2025_Spring_70223,GE VII: Multicultural Studies
2025_Spring_70224,GE III: Social & Behavioral Sciences
2025_Spring_70224,GE VII: Multicultural Studies
2025_Spring_70226,GE III: Social & Behavioral Sciences
2025_Spring_70226,GE VII: Multicultural Studies
2025_Spring_50032,GE Va: Quantitative Literacy
2025_Spring_50031,GE Va: Quantitative Literacy
2025_Spring_50033,GE Va: Quantitative Literacy
2025_Spring_50191,GE Ib: Upper Division Writing
2025_Spring_50192,GE Ib: Upper Division Writing
2025_Spring_50193,GE Ib: Upper Division Writing
2025_Spring_50194,GE Ib: Upper Division Writing
2025_Spring_69065,GE III: Social & Behavioral Sciences
2025_Spring_69065,GE VIII: International/Global Issues
2025_Spring_69064,GE III: Social & Behavioral Sciences
2025_Spring_69064,GE VIII: International/Global Issues
2025_Spring_69069,GE III: Social & Behavioral Sciences
2025_Spring_69069,GE VIII: International/Global Issues
2025_Spring_69061,GE III: Social & Behavioral Sciences
2025_Spring_69061,GE VIII: International/Global Issues
2025_Spring_69067,GE III: Social & Behavioral Sciences
2025_Spring_69067,GE VIII: International/Global Issues
2025_Spring_69068,GE III: Social & Behavioral Sciences
2025_Spring_69068,GE VIII: International/Global Issues
2025_Spring_69063,GE III: Social & Behavioral Sciences
2025_Spring_69063,GE VIII: International/Global Issues
2025_Spring_69062,GE III: Social & Behavioral Sciences
2025_Spring_69062,GE VIII: International/Global Issues
2025_Spring_69066,GE III: Social & Behavioral Sciences
2025_Spring_69066,GE VIII: International/Global Issues
2025_Spring_69156,GE Vb: Formal Reasoning
2025_Spring_69155,GE Vb: Formal Reasoning
2025_Spring_69157,GE Vb: Formal Reasoning
2025_Spring_69153,GE Vb: Formal Reasoning
2025_Spring_69151,GE Vb: Formal Reasoning
2025_Spring_69158,GE Vb: Formal Reasoning
2025_Spring_69159,GE Vb: Formal Reasoning
2025_Spring_69152,GE Vb: Formal Reasoning
2025_Spring_69154,GE Vb: Formal Reasoning
2025_Spring_69006,GE III: Social & Behavioral Sciences
2025_Spring_69006,GE VII: Multicultural Studies
2025_Spring_69007,GE III: Social & Behavioral Sciences
2025_Spring_69007,GE VII: Multicultural Studies
2025_Spring_69025,GE III: Social & Behavioral Sciences
2025_Spring_69025,GE VII: Multicultural Studies
2025_Spring_69026,GE III: Social & Behavioral Sciences
2025_Spring_69026,GE VII: Multicultural Studies
2025_Spring_69048,GE III: Social & Behavioral Sciences
2025_Spring_69048,GE VII: Multicultural Studies
2025_Spring_69023,GE III: Social & Behavioral Sciences
2025_Spring_69023,GE VII: Multicultural Studies
2025_Spring_69022,GE III: Social & Behavioral Sciences
2025_Spring_69022,GE VII: Multicultural Studies
2025_Spring_69003,GE III: Social & Behavioral Sciences
2025_Spring_69003,GE VII: Multicultural Studies
2025_Spring_69044,GE III: Social & Behavioral Sciences
2025_Spring_69044,GE VII: Multicultural Studies
2025_Spring_69045,GE III: Social & Behavioral Sciences
2025_Spring_69045,GE VII: Multicultural Studies
2025_Spring_69004,GE III: Social & Behavioral Sciences
2025_Spring_69004,GE VII: Multicultural Studies
2025_Spring_69005,GE III: Social & Behavioral Sciences
2025_Spring_69005,GE VII: Multicultural Studies
2025_Spring_69041,GE III: Social & Behavioral Sciences
2025_Spring_69041,GE VII: Multicultural Studies
2025_Spring_69001,GE III: Social & Behavioral Sciences
2025_Spring_69001,GE VII: Multicultural Studies
2025_Spring_69002,GE III: Social & Behavioral Sciences
2025_Spring_69002,GE VII: Multicultural Studies
2025_Spring_69042,GE III: Social & Behavioral Sciences
2025_Spring_69042,GE VII: Multicultural Studies
2025_Spring_69049,GE III: Social & Behavioral Sciences
2025_Spring_69049,GE VII: Multicultural Studies
2025_Spring_69008,GE III: Social & Behavioral Sciences
2025_Spring_69008,GE VII: Multicultural Studies
2025_Spring_69009,GE III: Social & Behavioral Sciences
2025_Spring_69009,GE VII: Multicultural Studies
2025_Spring_69021,GE III: Social & Behavioral Sciences
2025_Spring_69021,GE VII: Multicultural Studies
2025_Spring_69024,GE III: Social & Behavioral Sciences
2025_Spring_69024,GE VII: Multicultural Studies
2025_Spring_69027,GE III: Social & Behavioral Sciences
2025_Spring_69027,GE VII: Multicultural Studies
2025_Spring_69028,GE III: Social & Behavioral Sciences
2025_Spring_69028,GE VII: Multicultural Studies
2025_Spring_69029,GE III: Social & Behavioral Sciences
2025_Spring_69029,GE VII: Multicultural Studies
2025_Spring_69043,GE III: Social & Behavioral Sciences
2025_Spring_69043,GE VII: Multicultural Studies
2025_Spring_69046,GE III: Social & Behavioral Sciences
2025_Spring_69046,GE VII: Multicultural Studies
2025_Spring_69047,GE III: Social & Behavioral Sciences
2025_Spring_69047,GE VII: Multicultural Studies
2025_Spring_31366,GE IV: Arts and Humanities
2025_Spring_31366,GE VIII: International/Global Issues
2025_Spring_31368,GE IV: Arts and Humanities
2025_Spring_31368,GE VIII: International/Global Issues
2025_Spring_31367,GE IV: Arts and Humanities
2025_Spring_31367,GE VIII: International/Global Issues
2025_Spring_31369,GE IV: Arts and Humanities
2025_Spring_31369,GE VIII: International/Global Issues
2025_Spring_37143,GE Va: Quantitative Literacy
2025_Spring_37112,GE Va: Quantitative Literacy
2025_Spring_37113,GE Va: Quantitative Literacy
2025_Spring_37133,GE Va: Quantitative Literacy
2025_Spring_37121,GE Va: Quantitative Literacy
2025_Spring_37134,GE Va: Quantitative Literacy
2025_Spring_37144,GE Va: Quantitative Literacy
2025_Spring_37114,GE Va: Quantitative Literacy
2025_Spring_37122,GE Va: Quantitative Literacy
2025_Spring_37123,GE Va: Quantitative Literacy
2025_Spring_37124,GE Va: Quantitative Literacy
2025_Spring_37132,GE Va: Quantitative Literacy
2025_Spring_37141,GE Va: Quantitative Literacy
2025_Spring_37142,GE Va: Quantitative Literacy
2025_Spring_37131,GE Va: Quantitative Literacy
2025_Spring_37111,GE Va: Quantitative Literacy
2025_Spring_37161,GE Va: Quantitative Literacy
2025_Spring_37162,GE Va: Quantitative Literacy
2025_Spring_37164,GE Va: Quantitative Literacy
2025_Spring_37165,GE Va: Quantitative Literacy
2025_Spring_37192,GE Va: Quantitative Literacy
2025_Spring_37180,GE Va: Quantitative Literacy
2025_Spring_37191,GE Va: Quantitative Literacy
2025_Spring_37182,GE Va: Quantitative Literacy
2025_Spring_37202,GE Va: Quantitative Literacy
2025_Spring_37171,GE Va: Quantitative Literacy
2025_Spring_37172,GE Va: Quantitative Literacy
2025_Spring_37181,GE Va: Quantitative Literacy
2025_Spring_37201,GE Va: Quantitative Literacy
2025_Spring_87652,GE III: Social & Behavioral Sciences
2025_Spring_87651,GE III: Social & Behavioral Sciences
2025_Spring_33470,GE Ib: Upper Division Writing
2025_Spring_33184,GE Ia: Lower Division Writing
2025_Spring_33185,GE Ia: Lower Division Writing
2025_Spring_33161,GE Ia: Lower Division Writing
2025_Spring_33179,GE Ia: Lower Division Writing
2025_Spring_33175,GE Ia: Lower Division Writing
2025_Spring_33162,GE Ia: Lower Division Writing
2025_Spring_33157,GE Ia: Lower Division Writing
2025_Spring_33178,GE Ia: Lower Division Writing
2025_Spring_33182,GE Ia: Lower Division Writing
2025_Spring_33183,GE Ia: Lower Division Writing
2025_Spring_33177,GE Ia: Lower Division Writing
2025_Spring_33156,GE Ia: Lower Division Writing
2025_Spring_33159,GE Ia: Lower Division Writing
2025_Spring_33160,GE Ia: Lower Division Writing
2025_Spring_33169,GE Ia: Lower Division Writing
2025_Spring_33170,GE Ia: Lower Division Writing
2025_Spring_33176,GE Ia: Lower Division Writing
2025_Spring_33180,GE Ia: Lower Division Writing
2025_Spring_33181,GE Ia: Lower Division Writing
2025_Spring_33273,GE Ia: Lower Division Writing
2025_Spring_33274,GE Ia: Lower Division Writing
2025_Spring_33208,GE Ia: Lower Division Writing
2025_Spring_33201,GE Ia: Lower Division Writing
2025_Spring_33250,GE Ia: Lower Division Writing
2025_Spring_33251,GE Ia: Lower Division Writing
2025_Spring_33264,GE Ia: Lower Division Writing
2025_Spring_33249,GE Ia: Lower Division Writing
2025_Spring_33261,GE Ia: Lower Division Writing
2025_Spring_33238,GE Ia: Lower Division Writing
2025_Spring_33239,GE Ia: Lower Division Writing
2025_Spring_33269,GE Ia: Lower Division Writing
2025_Spring_33272,GE Ia: Lower Division Writing
2025_Spring_33266,GE Ia: Lower Division Writing
2025_Spring_33204,GE Ia: Lower Division Writing
2025_Spring_33209,GE Ia: Lower Division Writing
2025_Spring_33210,GE Ia: Lower Division Writing
2025_Spring_33213,GE Ia: Lower Division Writing
2025_Spring_33216,GE Ia: Lower Division Writing
2025_Spring_33218,GE Ia: Lower Division Writing
2025_Spring_33219,GE Ia: Lower Division Writing
2025_Spring_33220,GE Ia: Lower Division Writing
2025_Spring_33221,GE Ia: Lower Division Writing
2025_Spring_33222,GE Ia: Lower Division Writing
2025_Spring_33226,GE Ia: Lower Division Writing
2025_Spring_33228,GE Ia: Lower Division Writing
2025_Spring_33237,GE Ia: Lower Division Writing
2025_Spring_33240,GE Ia: Lower Division Writing
2025_Spring_33241,GE Ia: Lower Division Writing
2025_Spring_33242,GE Ia: Lower Division Writing
2025_Spring_33253,GE Ia: Lower Division Writing
2025_Spring_33254,GE Ia: Lower Division Writing
2025_Spring_33255,GE Ia: Lower Division Writing
2025_Spring_33265,GE Ia: Lower Division Writing
2025_Spring_33267,GE Ia: Lower Division Writing
2025_Spring_33268,GE Ia: Lower Division Writing
2025_Spring_33271,GE Ia: Lower Division Writing
2025_Spring_33275,GE Ia: Lower Division Writing
2025_Spring_33356,GE Ia: Lower Division Writing
2025_Spring_33393,GE Ia: Lower Division Writing
2025_Spring_33338,GE Ia: Lower Division Writing
2025_Spring_33340,GE Ia: Lower Division Writing
2025_Spring_33354,GE Ia: Lower Division Writing
2025_Spring_33318,GE Ia: Lower Division Writing
2025_Spring_33424,GE Ia: Lower Division Writing
2025_Spring_33309,GE Ia: Lower Division Writing
2025_Spring_33430,GE Ia: Lower Division Writing
2025_Spring_33305,GE Ia: Lower Division Writing
2025_Spring_33308,GE Ia: Lower Division Writing
2025_Spring_33311,GE Ia: Lower Division Writing
2025_Spring_33324,GE Ia: Lower Division Writing
2025_Spring_33342,GE Ia: Lower Division Writing
2025_Spring_33378,GE Ia: Lower Division Writing
2026_Spring_20196,GE Ib: Upper Division Writing
2026_Spring_20194,GE Ib: Upper Division Writing
2026_Spring_20199,GE Ib: Upper Division Writing
2026_Spring_20192,GE Ib: Upper Division Writing
2026_Spring_20190,GE Ib: Upper Division Writing
2026_Spring_20197,GE Ib: Upper Division Writing
2026_Spring_20193,GE Ib: Upper Division Writing
2026_Spring_20195,GE Ib: Upper Division Writing
2026_Spring_20191,GE Ib: Upper Division Writing
2026_Spring_20198,GE Ib: Upper Division Writing
2026_Spring_20220,GE III: Social & Behavioral Sciences
2026_Spring_20220,GE IV: Arts and Humanities
2026_Spring_20220,GE VII: Multicultural Studies
2026_Spring_20221,GE III: Social & Behavioral Sciences
2026_Spring_20221,GE IV: Arts and Humanities
2026_Spring_20221,GE VII: Multicultural Studies
2026_Spring_20222,GE III: Social & Behavioral Sciences
2026_Spring_20222,GE IV: Arts and Humanities
2026_Spring_20222,GE VII: Multicultural Studies
2026_Spring_20223,GE III: Social & Behavioral Sciences
2026_Spring_20223,GE IV: Arts and Humanities
2026_Spring_20223,GE VII: Multicultural Studies
2026_Spring_20224,GE III: Social & Behavioral Sciences
2026_Spring_20224,GE IV: Arts and Humanities
2026_Spring_20224,GE VII: Multicultural Studies
2026_Spring_60190,GE Ib: Upper Division Writing
2026_Spring_60271,GE Ib: Upper Division Writing
2026_Spring_60050,GE III: Social & Behavioral Sciences
2026_Spring_60050,GE VII: Multicultural Studies
2026_Spring_60270,GE Ib: Upper Division Writing
2026_Spring_60007,GE III: Social & Behavioral Sciences
2026_Spring_60007,GE VIII: International/Global Issues
2026_Spring_60022,GE III: Social & Behavioral Sciences
2026_Spring_60022,GE VIII: International/Global Issues
2026_Spring_60026,GE III: Social & Behavioral Sciences
2026_Spring_60026,GE VIII: International/Global Issues
2026_Spring_60006,GE III: Social & Behavioral Sciences
2026_Spring_60006,GE VIII: International/Global Issues
2026_Spring_60023,GE III: Social & Behavioral Sciences
2026_Spring_60023,GE VIII: International/Global Issues
2026_Spring_60008,GE III: Social & Behavioral Sciences
2026_Spring_60008,GE VIII: International/Global Issues
2026_Spring_60024,GE III: Social & Behavioral Sciences
2026_Spring_60024,GE VIII: International/Global Issues
2026_Spring_60004,GE III: Social & Behavioral Sciences
2026_Spring_60004,GE VIII: International/Global Issues
2026_Spring_60009,GE III: Social & Behavioral Sciences
2026_Spring_60009,GE VIII: International/Global Issues
2026_Spring_60001,GE III: Social & Behavioral Sciences
2026_Spring_60001,GE VIII: International/Global Issues
2026_Spring_60002,GE III: Social & Behavioral Sciences
2026_Spring_60002,GE VIII: International/Global Issues
2026_Spring_60005,GE III: Social & Behavioral Sciences
2026_Spring_60005,GE VIII: International/Global Issues
2026_Spring_60010,GE III: Social & Behavioral Sciences
2026_Spring_60010,GE VIII: International/Global Issues
2026_Spring_60020,GE III: Social & Behavioral Sciences
2026_Spring_60020,GE VIII: International/Global Issues
2026_Spring_60011,GE III: Social & Behavioral Sciences
2026_Spring_60011,GE VIII: International/Global Issues
2026_Spring_60003,GE III: Social & Behavioral Sciences
2026_Spring_60003,GE VIII: International/Global Issues
2026_Spring_60000,GE III: Social & Behavioral Sciences
2026_Spring_60000,GE VIII: International/Global Issues
2026_Spring_60025,GE III: Social & Behavioral Sciences
2026_Spring_60025,GE VIII: International/Global Issues
2026_Spring_60021,GE III: Social & Behavioral Sciences
2026_Spring_60021,GE VIII: International/Global Issues
2026_Spring_60012,GE III: Social & Behavioral Sciences
2026_Spring_60012,GE VIII: International/Global Issues
2026_Spring_60106,GE Vb: Formal Reasoning
2026_Spring_60105,GE Vb: Formal Reasoning
2026_Spring_60108,GE Vb: Formal Reasoning
2026_Spring_60101,GE Vb: Formal Reasoning
2026_Spring_60103,GE Vb: Formal Reasoning
2026_Spring_60107,GE Vb: Formal Reasoning
2026_Spring_60104,GE Vb: Formal Reasoning
2026_Spring_60109,GE Vb: Formal Reasoning
2026_Spring_60102,GE Vb: Formal Reasoning
2026_Spring_60100,GE Vb: Formal Reasoning
2026_Spring_60037,GE III: Social & Behavioral Sciences
2026_Spring_60033,GE III: Social & Behavioral Sciences
2026_Spring_60031,GE III: Social & Behavioral Sciences
2026_Spring_60030,GE III: Social & Behavioral Sciences
2026_Spring_60034,GE III: Social & Behavioral Sciences
2026_Spring_60035,GE III: Social & Behavioral Sciences
2026_Spring_60032,GE III: Social & Behavioral Sciences
2026_Spring_60036,GE III: Social & Behavioral Sciences
2026_Spring_60038,GE III: Social & Behavioral Sciences
2026_Spring_60150,GE III: Social & Behavioral Sciences
2026_Spring_60150,GE VIII: International/Global Issues
2026_Spring_60260,GE Ib: Upper Division Writing
2026_Spring_20978,GE IV: Arts and Humanities
2026_Spring_20978,GE VIII: International/Global Issues
2026_Spring_21490,GE VI: Language Other Than English
2026_Spring_01032,GE IV: Arts and Humanities
2026_Spring_01014,GE IV: Arts and Humanities
2026_Spring_21018,GE IV: Arts and Humanities
2026_Spring_21018,GE VIII: International/Global Issues
2026_Spring_21019,GE IV: Arts and Humanities
2026_Spring_21019,GE VIII: International/Global Issues
2026_Spring_21022,GE IV: Arts and Humanities
2026_Spring_21022,GE VIII: International/Global Issues
2026_Spring_21020,GE IV: Arts and Humanities
2026_Spring_21020,GE VIII: International/Global Issues
2026_Spring_21023,GE IV: Arts and Humanities
2026_Spring_21023,GE VIII: International/Global Issues
2026_Spring_21017,GE IV: Arts and Humanities
2026_Spring_21017,GE VIII: International/Global Issues
2026_Spring_21021,GE IV: Arts and Humanities
2026_Spring_21021,GE VIII: International/Global Issues
2026_Spring_21016,GE IV: Arts and Humanities
2026_Spring_21016,GE VIII: International/Global Issues
2026_Spring_21015,GE IV: Arts and Humanities
2026_Spring_21015,GE VIII: International/Global Issues
2026_Spring_21531,GE III: Social & Behavioral Sciences
2026_Spring_21531,GE VII: Multicultural Studies
2026_Spring_21532,GE III: Social & Behavioral Sciences
2026_Spring_21532,GE VII: Multicultural Studies
2026_Spring_21533,GE III: Social & Behavioral Sciences
2026_Spring_21533,GE VII: Multicultural Studies
2026_Spring_21530,GE III: Social & Behavioral Sciences
2026_Spring_21530,GE VII: Multicultural Studies
2026_Spring_21534,GE III: Social & Behavioral Sciences
2026_Spring_21534,GE VII: Multicultural Studies
2026_Spring_05526,GE Ib: Upper Division Writing
2026_Spring_05162,GE II: Science and Technology
2026_Spring_05160,GE II: Science and Technology
2026_Spring_05161,GE II: Science and Technology
2026_Spring_05163,GE II: Science and Technology
2026_Spring_05548,GE Ib: Upper Division Writing
2026_Spring_05549,GE Ib: Upper Division Writing
2026_Spring_05544,GE Ib: Upper Division Writing
2026_Spring_05540,GE Ib: Upper Division Writing
2026_Spring_05543,GE Ib: Upper Division Writing
2026_Spring_05545,GE Ib: Upper Division Writing
2026_Spring_05551,GE Ib: Upper Division Writing
2026_Spring_05542,GE Ib: Upper Division Writing
2026_Spring_05546,GE Ib: Upper Division Writing
2026_Spring_05547,GE Ib: Upper Division Writing
2026_Spring_05550,GE Ib: Upper Division Writing
2026_Spring_05816,GE Ib: Upper Division Writing
2026_Spring_05815,GE Ib: Upper Division Writing
2026_Spring_05085,GE II: Science and Technology
2026_Spring_05675,GE Ib: Upper Division Writing
2026_Spring_05673,GE Ib: Upper Division Writing
2026_Spring_05152,GE II: Science and Technology
2026_Spring_05734,GE Ib: Upper Division Writing
2026_Spring_05731,GE Ib: Upper Division Writing
2026_Spring_05735,GE Ib: Upper Division Writing
2026_Spring_05733,GE Ib: Upper Division Writing
2026_Spring_05730,GE Ib: Upper Division Writing
2026_Spring_05732,GE Ib: Upper Division Writing
2026_Spring_05786,GE Ib: Upper Division Writing
2026_Spring_05788,GE Ib: Upper Division Writing
2026_Spring_05794,GE Ib: Upper Division Writing
2026_Spring_05785,GE Ib: Upper Division Writing
2026_Spring_05780,GE Ib: Upper Division Writing
2026_Spring_05755,GE Ib: Upper Division Writing
2026_Spring_05795,GE Ib: Upper Division Writing
2026_Spring_05789,GE Ib: Upper Division Writing
2026_Spring_05761,GE Ib: Upper Division Writing
2026_Spring_05765,GE Ib: Upper Division Writing
2026_Spring_05750,GE Ib: Upper Division Writing
2026_Spring_05751,GE Ib: Upper Division Writing
2026_Spring_05793,GE Ib: Upper Division Writing
2026_Spring_05776,GE Ib: Upper Division Writing
2026_Spring_05762,GE Ib: Upper Division Writing
2026_Spring_05790,GE Ib: Upper Division Writing
2026_Spring_05767,GE Ib: Upper Division Writing
2026_Spring_05787,GE Ib: Upper Division Writing
2026_Spring_05756,GE Ib: Upper Division Writing
2026_Spring_05770,GE Ib: Upper Division Writing
2026_Spring_05772,GE Ib: Upper Division Writing
2026_Spring_05775,GE Ib: Upper Division Writing
2026_Spring_05777,GE Ib: Upper Division Writing
2026_Spring_05782,GE Ib: Upper Division Writing
2026_Spring_05781,GE Ib: Upper Division Writing
2026_Spring_05752,GE Ib: Upper Division Writing
2026_Spring_05757,GE Ib: Upper Division Writing
2026_Spring_05760,GE Ib: Upper Division Writing
2026_Spring_05766,GE Ib: Upper Division Writing
2026_Spring_05771,GE Ib: Upper Division Writing
2026_Spring_06013,GE Ib: Upper Division Writing
2026_Spring_06011,GE Ib: Upper Division Writing
2026_Spring_06010,GE Ib: Upper Division Writing
2026_Spring_06012,GE Ib: Upper Division Writing
2026_Spring_06015,GE Ib: Upper Division Writing
2026_Spring_06014,GE Ib: Upper Division Writing
2026_Spring_06016,GE Ib: Upper Division Writing
2026_Spring_05853,GE Ib: Upper Division Writing
2026_Spring_05854,GE Ib: Upper Division Writing
2026_Spring_05851,GE Ib: Upper Division Writing
2026_Spring_05852,GE Ib: Upper Division Writing
2026_Spring_05855,GE Ib: Upper Division Writing
2026_Spring_05850,GE Ib: Upper Division Writing
2026_Spring_05150,GE II: Science and Technology
2026_Spring_05110,GE II: Science and Technology
2026_Spring_13504,GE II: Science and Technology
2026_Spring_13504,GE Va: Quantitative Literacy
2026_Spring_13500,GE II: Science and Technology
2026_Spring_13500,GE Va: Quantitative Literacy
2026_Spring_13508,GE II: Science and Technology
2026_Spring_13508,GE Va: Quantitative Literacy
2026_Spring_13502,GE II: Science and Technology
2026_Spring_13502,GE Va: Quantitative Literacy
2026_Spring_13506,GE II: Science and Technology
2026_Spring_13506,GE Va: Quantitative Literacy
2026_Spring_40442,GE II: Science and Technology
2026_Spring_40442,GE Va: Quantitative Literacy
2026_Spring_40444,GE II: Science and Technology
2026_Spring_40444,GE Va: Quantitative Literacy
2026_Spring_40443,GE II: Science and Technology
2026_Spring_40443,GE Va: Quantitative Literacy
2026_Spring_40440,GE II: Science and Technology
2026_Spring_40440,GE Va: Quantitative Literacy
2026_Spring_40441,GE II: Science and Technology
2026_Spring_40441,GE Va: Quantitative Literacy
2026_Spring_40996,GE Ib: Upper Division Writing
2026_Spring_40997,GE Ib: Upper Division Writing
2026_Spring_41170,GE Ib: Upper Division Writing
2026_Spring_40896,GE II: Science and Technology
2026_Spring_40896,GE Va: Quantitative Literacy
2026_Spring_40895,GE II: Science and Technology
2026_Spring_40895,GE Va: Quantitative Literacy
2026_Spring_40000,GE II: Science and Technology
2026_Spring_40000,GE Va: Quantitative Literacy
2026_Spring_40003,GE II: Science and Technology
2026_Spring_40003,GE Va: Quantitative Literacy
2026_Spring_40027,GE II: Science and Technology
2026_Spring_40027,GE Va: Quantitative Literacy
2026_Spring_40006,GE II: Science and Technology
2026_Spring_40006,GE Va: Quantitative Literacy
2026_Spring_40009,GE II: Science and Technology
2026_Spring_40009,GE Va: Quantitative Literacy
2026_Spring_40004,GE II: Science and Technology
2026_Spring_40004,GE Va: Quantitative Literacy
2026_Spring_40029,GE II: Science and Technology
2026_Spring_40029,GE Va: Quantitative Literacy
2026_Spring_40020,GE II: Science and Technology
2026_Spring_40020,GE Va: Quantitative Literacy
2026_Spring_40025,GE II: Science and Technology
2026_Spring_40025,GE Va: Quantitative Literacy
2026_Spring_40002,GE II: Science and Technology
2026_Spring_40002,GE Va: Quantitative Literacy
2026_Spring_40001,GE II: Science and Technology
2026_Spring_40001,GE Va: Quantitative Literacy
2026_Spring_40005,GE II: Science and Technology
2026_Spring_40005,GE Va: Quantitative Literacy
2026_Spring_40028,GE II: Science and Technology
2026_Spring_40028,GE Va: Quantitative Literacy
2026_Spring_40026,GE II: Science and Technology
2026_Spring_40026,GE Va: Quantitative Literacy
2026_Spring_40023,GE II: Science and Technology
2026_Spring_40023,GE Va: Quantitative Literacy
2026_Spring_40024,GE II: Science and Technology
2026_Spring_40024,GE Va: Quantitative Literacy
2026_Spring_40010,GE II: Science and Technology
2026_Spring_40010,GE Va: Quantitative Literacy
2026_Spring_40021,GE II: Science and Technology
2026_Spring_40021,GE Va: Quantitative Literacy
2026_Spring_40022,GE II: Science and Technology
2026_Spring_40022,GE Va: Quantitative Literacy
2026_Spring_40007,GE II: Science and Technology
2026_Spring_40007,GE Va: Quantitative Literacy
2026_Spring_40008,GE II: Science and Technology
2026_Spring_40008,GE Va: Quantitative Literacy
2026_Spring_40030,GE II: Science and Technology
2026_Spring_40030,GE Va: Quantitative Literacy
2026_Spring_40901,GE Ib: Upper Division Writing
2026_Spring_40903,GE Ib: Upper Division Writing
2026_Spring_40902,GE Ib: Upper Division Writing
2026_Spring_40230,GE II: Science and Technology
2026_Spring_40230,GE Va: Quantitative Literacy
2026_Spring_40222,GE II: Science and Technology
2026_Spring_40222,GE Va: Quantitative Literacy
2026_Spring_40244,GE II: Science and Technology
2026_Spring_40244,GE Va: Quantitative Literacy
2026_Spring_40223,GE II: Science and Technology
2026_Spring_40223,GE Va: Quantitative Literacy
2026_Spring_40266,GE II: Science and Technology
2026_Spring_40266,GE Va: Quantitative Literacy
2026_Spring_40247,GE II: Science and Technology
2026_Spring_40247,GE Va: Quantitative Literacy
2026_Spring_40209,GE II: Science and Technology
2026_Spring_40209,GE Va: Quantitative Literacy
2026_Spring_40282,GE II: Science and Technology
2026_Spring_40282,GE Va: Quantitative Literacy
2026_Spring_40208,GE II: Science and Technology
2026_Spring_40208,GE Va: Quantitative Literacy
2026_Spring_40270,GE II: Science and Technology
2026_Spring_40270,GE Va: Quantitative Literacy
2026_Spring_40246,GE II: Science and Technology
2026_Spring_40246,GE Va: Quantitative Literacy
2026_Spring_40289,GE II: Science and Technology
2026_Spring_40289,GE Va: Quantitative Literacy
2026_Spring_40249,GE II: Science and Technology
2026_Spring_40249,GE Va: Quantitative Literacy
2026_Spring_40225,GE II: Science and Technology
2026_Spring_40225,GE Va: Quantitative Literacy
2026_Spring_40285,GE II: Science and Technology
2026_Spring_40285,GE Va: Quantitative Literacy
2026_Spring_40201,GE II: Science and Technology
2026_Spring_40201,GE Va: Quantitative Literacy
2026_Spring_40229,GE II: Science and Technology
2026_Spring_40229,GE Va: Quantitative Literacy
2026_Spring_40248,GE II: Science and Technology
2026_Spring_40248,GE Va: Quantitative Literacy
2026_Spring_40202,GE II: Science and Technology
2026_Spring_40202,GE Va: Quantitative Literacy
2026_Spring_40226,GE II: Science and Technology
2026_Spring_40226,GE Va: Quantitative Literacy
2026_Spring_40242,GE II: Science and Technology
2026_Spring_40242,GE Va: Quantitative Literacy
2026_Spring_40286,GE II: Science and Technology
2026_Spring_40286,GE Va: Quantitative Literacy
2026_Spring_40287,GE II: Science and Technology
2026_Spring_40287,GE Va: Quantitative Literacy
2026_Spring_40290,GE II: Science and Technology
2026_Spring_40290,GE Va: Quantitative Literacy
2026_Spring_40240,GE II: Science and Technology
2026_Spring_40240,GE Va: Quantitative Literacy
2026_Spring_40203,GE II: Science and Technology
2026_Spring_40203,GE Va: Quantitative Literacy
2026_Spring_40204,GE II: Science and Technology
2026_Spring_40204,GE Va: Quantitative Literacy
2026_Spring_40261,GE II: Science and Technology
2026_Spring_40261,GE Va: Quantitative Literacy
2026_Spring_40206,GE II: Science and Technology
2026_Spring_40206,GE Va: Quantitative Literacy
2026_Spring_40207,GE II: Science and Technology
2026_Spring_40207,GE Va: Quantitative Literacy
2026_Spring_40264,GE II: Science and Technology
2026_Spring_40264,GE Va: Quantitative Literacy
2026_Spring_40265,GE II: Science and Technology
2026_Spring_40265,GE Va: Quantitative Literacy
2026_Spring_40241,GE II: Science and Technology
2026_Spring_40241,GE Va: Quantitative Literacy
2026_Spring_40260,GE II: Science and Technology
2026_Spring_40260,GE Va: Quantitative Literacy
2026_Spring_40267,GE II: Science and Technology
2026_Spring_40267,GE Va: Quantitative Literacy
2026_Spring_40227,GE II: Science and Technology
2026_Spring_40227,GE Va: Quantitative Literacy
2026_Spring_40220,GE II: Science and Technology
2026_Spring_40220,GE Va: Quantitative Literacy
2026_Spring_40224,GE II: Science and Technology
2026_Spring_40224,GE Va: Quantitative Literacy
2026_Spring_40200,GE II: Science and Technology
2026_Spring_40200,GE Va: Quantitative Literacy
2026_Spring_40263,GE II: Science and Technology
2026_Spring_40263,GE Va: Quantitative Literacy
2026_Spring_40284,GE II: Science and Technology
2026_Spring_40284,GE Va: Quantitative Literacy
2026_Spring_40245,GE II: Science and Technology
2026_Spring_40245,GE Va: Quantitative Literacy
2026_Spring_40210,GE II: Science and Technology
2026_Spring_40210,GE Va: Quantitative Literacy
2026_Spring_40250,GE II: Science and Technology
2026_Spring_40250,GE Va: Quantitative Literacy
2026_Spring_40243,GE II: Science and Technology
2026_Spring_40243,GE Va: Quantitative Literacy
2026_Spring_40288,GE II: Science and Technology
2026_Spring_40288,GE Va: Quantitative Literacy
2026_Spring_40281,GE II: Science and Technology
2026_Spring_40281,GE Va: Quantitative Literacy
2026_Spring_40221,GE II: Science and Technology
2026_Spring_40221,GE Va: Quantitative Literacy
2026_Spring_40262,GE II: Science and Technology
2026_Spring_40262,GE Va: Quantitative Literacy
2026_Spring_40269,GE II: Science and Technology
2026_Spring_40269,GE Va: Quantitative Literacy
2026_Spring_40283,GE II: Science and Technology
2026_Spring_40283,GE Va: Quantitative Literacy
2026_Spring_40228,GE II: Science and Technology
2026_Spring_40228,GE Va: Quantitative Literacy
2026_Spring_40280,GE II: Science and Technology
2026_Spring_40280,GE Va: Quantitative Literacy
2026_Spring_40268,GE II: Science and Technology
2026_Spring_40268,GE Va: Quantitative Literacy
2026_Spring_40205,GE II: Science and Technology
2026_Spring_40205,GE Va: Quantitative Literacy
2026_Spring_22022,GE VI: Language Other Than English
2026_Spring_22026,GE VI: Language Other Than English
2026_Spring_22060,GE VIII: International/Global Issues
2026_Spring_22032,GE VI: Language Other Than English
2026_Spring_22230,GE IV: Arts and Humanities
2026_Spring_22231,GE IV: Arts and Humanities
2026_Spring_22300,GE IV: Arts and Humanities
2026_Spring_22304,GE IV: Arts and Humanities
2026_Spring_22302,GE IV: Arts and Humanities
2026_Spring_22301,GE IV: Arts and Humanities
2026_Spring_22303,GE IV: Arts and Humanities
2026_Spring_61571,GE Vb: Formal Reasoning
2026_Spring_61572,GE Vb: Formal Reasoning
2026_Spring_61573,GE Vb: Formal Reasoning
2026_Spring_61570,GE Vb: Formal Reasoning
2026_Spring_61574,GE Vb: Formal Reasoning
2026_Spring_22720,GE IV: Arts and Humanities
2026_Spring_22720,GE VIII: International/Global Issues
2026_Spring_22712,GE IV: Arts and Humanities
2026_Spring_22712,GE VIII: International/Global Issues
2026_Spring_22711,GE IV: Arts and Humanities
2026_Spring_22711,GE VIII: International/Global Issues
2026_Spring_22713,GE IV: Arts and Humanities
2026_Spring_22713,GE VIII: International/Global Issues
2026_Spring_02199,GE IV: Arts and Humanities
2026_Spring_03144,GE Ib: Upper Division Writing
2026_Spring_03142,GE Ib: Upper Division Writing
2026_Spring_03042,GE IV: Arts and Humanities
2026_Spring_03042,GE VIII: International/Global Issues
2026_Spring_03044,GE IV: Arts and Humanities
2026_Spring_03044,GE VIII: International/Global Issues
2026_Spring_03040,GE IV: Arts and Humanities
2026_Spring_03040,GE VIII: International/Global Issues
2026_Spring_03046,GE IV: Arts and Humanities
2026_Spring_03046,GE VIII: International/Global Issues
2026_Spring_42003,GE II: Science and Technology
2026_Spring_42003,GE Va: Quantitative Literacy
2026_Spring_42002,GE II: Science and Technology
2026_Spring_42002,GE Va: Quantitative Literacy
2026_Spring_42000,GE II: Science and Technology
2026_Spring_42000,GE Va: Quantitative Literacy
2026_Spring_42001,GE II: Science and Technology
2026_Spring_42001,GE Va: Quantitative Literacy
2026_Spring_42004,GE II: Science and Technology
2026_Spring_42004,GE Va: Quantitative Literacy
2026_Spring_42060,GE II: Science and Technology
2026_Spring_42060,GE Va: Quantitative Literacy
2026_Spring_42062,GE II: Science and Technology
2026_Spring_42062,GE Va: Quantitative Literacy
2026_Spring_42061,GE II: Science and Technology
2026_Spring_42061,GE Va: Quantitative Literacy
2026_Spring_23003,GE IV: Arts and Humanities
2026_Spring_23003,GE VIII: International/Global Issues
2026_Spring_23002,GE IV: Arts and Humanities
2026_Spring_23002,GE VIII: International/Global Issues
2026_Spring_23004,GE IV: Arts and Humanities
2026_Spring_23004,GE VIII: International/Global Issues
2026_Spring_62120,GE III: Social & Behavioral Sciences
2026_Spring_62111,GE III: Social & Behavioral Sciences
2026_Spring_62110,GE III: Social & Behavioral Sciences
2026_Spring_62430,GE Ib: Upper Division Writing
2026_Spring_62091,GE III: Social & Behavioral Sciences
2026_Spring_62092,GE III: Social & Behavioral Sciences
2026_Spring_62096,GE III: Social & Behavioral Sciences
2026_Spring_62094,GE III: Social & Behavioral Sciences
2026_Spring_62093,GE III: Social & Behavioral Sciences
2026_Spring_62090,GE III: Social & Behavioral Sciences
2026_Spring_62095,GE III: Social & Behavioral Sciences
2026_Spring_62075,GE III: Social & Behavioral Sciences
2026_Spring_62070,GE III: Social & Behavioral Sciences
2026_Spring_62071,GE III: Social & Behavioral Sciences
2026_Spring_62073,GE III: Social & Behavioral Sciences
2026_Spring_62074,GE III: Social & Behavioral Sciences
2026_Spring_62072,GE III: Social & Behavioral Sciences
2026_Spring_62034,GE Va: Quantitative Literacy
2026_Spring_62032,GE Va: Quantitative Literacy
2026_Spring_62033,GE Va: Quantitative Literacy
2026_Spring_62030,GE Va: Quantitative Literacy
2026_Spring_62031,GE Va: Quantitative Literacy
2026_Spring_62011,GE III: Social & Behavioral Sciences
2026_Spring_62011,GE VIII: International/Global Issues
2026_Spring_62014,GE III: Social & Behavioral Sciences
2026_Spring_62014,GE VIII: International/Global Issues
2026_Spring_62015,GE III: Social & Behavioral Sciences
2026_Spring_62015,GE VIII: International/Global Issues
2026_Spring_62017,GE III: Social & Behavioral Sciences
2026_Spring_62017,GE VIII: International/Global Issues
2026_Spring_62013,GE III: Social & Behavioral Sciences
2026_Spring_62013,GE VIII: International/Global Issues
2026_Spring_62016,GE III: Social & Behavioral Sciences
2026_Spring_62016,GE VIII: International/Global Issues
2026_Spring_62012,GE III: Social & Behavioral Sciences
2026_Spring_62012,GE VIII: International/Global Issues
2026_Spring_62010,GE III: Social & Behavioral Sciences
2026_Spring_62010,GE VIII: International/Global Issues
2026_Spring_62055,GE Va: Quantitative Literacy
2026_Spring_62050,GE Va: Quantitative Literacy
2026_Spring_62053,GE Va: Quantitative Literacy
2026_Spring_62051,GE Va: Quantitative Literacy
2026_Spring_62052,GE Va: Quantitative Literacy
2026_Spring_62054,GE Va: Quantitative Literacy
2026_Spring_62002,GE II: Science and Technology
2026_Spring_62002,GE III: Social & Behavioral Sciences
2026_Spring_62000,GE II: Science and Technology
2026_Spring_62000,GE III: Social & Behavioral Sciences
2026_Spring_62001,GE II: Science and Technology
2026_Spring_62001,GE III: Social & Behavioral Sciences
2026_Spring_12007,GE Va: Quantitative Literacy
2026_Spring_12005,GE Va: Quantitative Literacy
2026_Spring_12006,GE Va: Quantitative Literacy
2026_Spring_12030,GE III: Social & Behavioral Sciences
2026_Spring_12031,GE III: Social & Behavioral Sciences
2026_Spring_12032,GE III: Social & Behavioral Sciences
2026_Spring_12107,GE VII: Multicultural Studies
2026_Spring_12105,GE VII: Multicultural Studies
2026_Spring_12012,GE III: Social & Behavioral Sciences
2026_Spring_12010,GE III: Social & Behavioral Sciences
2026_Spring_12011,GE III: Social & Behavioral Sciences
2026_Spring_12001,GE III: Social & Behavioral Sciences
2026_Spring_12000,GE III: Social & Behavioral Sciences
2026_Spring_12002,GE III: Social & Behavioral Sciences
2026_Spring_12231,GE Ib: Upper Division Writing
2026_Spring_12230,GE Ib: Upper Division Writing
2026_Spring_12020,GE III: Social & Behavioral Sciences
2026_Spring_12022,GE III: Social & Behavioral Sciences
2026_Spring_12021,GE III: Social & Behavioral Sciences
2026_Spring_12023,GE III: Social & Behavioral Sciences
2026_Spring_12024,GE III: Social & Behavioral Sciences
2026_Spring_23415,GE Ib: Upper Division Writing
2026_Spring_23370,GE IV: Arts and Humanities
2026_Spring_23420,GE Ib: Upper Division Writing
2026_Spring_23410,GE Ib: Upper Division Writing
2026_Spring_23360,GE IV: Arts and Humanities
2026_Spring_23320,GE III: Social & Behavioral Sciences
2026_Spring_23320,GE IV: Arts and Humanities
2026_Spring_23310,GE IV: Arts and Humanities
2026_Spring_13298,GE Ib: Upper Division Writing
2026_Spring_13297,GE Ib: Upper Division Writing
2026_Spring_13286,GE Ib: Upper Division Writing
2026_Spring_13299,GE Ib: Upper Division Writing
2026_Spring_13259,GE Ib: Upper Division Writing
2026_Spring_13300,GE Ib: Upper Division Writing
2026_Spring_13295,GE Ib: Upper Division Writing
2026_Spring_13275,GE Ib: Upper Division Writing
2026_Spring_13277,GE Ib: Upper Division Writing
2026_Spring_13285,GE Ib: Upper Division Writing
2026_Spring_13258,GE Ib: Upper Division Writing
2026_Spring_13262,GE Ib: Upper Division Writing
2026_Spring_13266,GE Ib: Upper Division Writing
2026_Spring_13251,GE Ib: Upper Division Writing
2026_Spring_13302,GE Ib: Upper Division Writing
2026_Spring_13270,GE Ib: Upper Division Writing
2026_Spring_13276,GE Ib: Upper Division Writing
2026_Spring_13267,GE Ib: Upper Division Writing
2026_Spring_13263,GE Ib: Upper Division Writing
2026_Spring_13296,GE Ib: Upper Division Writing
2026_Spring_13274,GE Ib: Upper Division Writing
2026_Spring_13250,GE Ib: Upper Division Writing
2026_Spring_13254,GE Ib: Upper Division Writing
2026_Spring_13301,GE Ib: Upper Division Writing
2026_Spring_13255,GE Ib: Upper Division Writing
2026_Spring_13271,GE Ib: Upper Division Writing
2026_Spring_15414,GE III: Social & Behavioral Sciences
2026_Spring_15415,GE III: Social & Behavioral Sciences
2026_Spring_15416,GE III: Social & Behavioral Sciences
2026_Spring_24006,GE III: Social & Behavioral Sciences
2026_Spring_24006,GE IV: Arts and Humanities
2026_Spring_24006,GE Vb: Formal Reasoning
2026_Spring_24005,GE III: Social & Behavioral Sciences
2026_Spring_24005,GE IV: Arts and Humanities
2026_Spring_24005,GE Vb: Formal Reasoning
2026_Spring_24007,GE III: Social & Behavioral Sciences
2026_Spring_24007,GE IV: Arts and Humanities
2026_Spring_24007,GE Vb: Formal Reasoning
2026_Spring_24008,GE III: Social & Behavioral Sciences
2026_Spring_24008,GE IV: Arts and Humanities
2026_Spring_24008,GE Vb: Formal Reasoning
2026_Spring_24004,GE III: Social & Behavioral Sciences
2026_Spring_24004,GE IV: Arts and Humanities
2026_Spring_24004,GE Vb: Formal Reasoning
2026_Spring_24009,GE III: Social & Behavioral Sciences
2026_Spring_24009,GE IV: Arts and Humanities
2026_Spring_24009,GE Vb: Formal Reasoning
2026_Spring_24003,GE III: Social & Behavioral Sciences
2026_Spring_24003,GE IV: Arts and Humanities
2026_Spring_24003,GE Vb: Formal Reasoning
2026_Spring_24220,GE Ib: Upper Division Writing
2026_Spring_24215,GE Ib: Upper Division Writing
2026_Spring_24225,GE Ib: Upper Division Writing
2026_Spring_24106,GE IV: Arts and Humanities
2026_Spring_24107,GE IV: Arts and Humanities
2026_Spring_24100,GE IV: Arts and Humanities
2026_Spring_24110,GE IV: Arts and Humanities
2026_Spring_24111,GE IV: Arts and Humanities
2026_Spring_24103,GE IV: Arts and Humanities
2026_Spring_24102,GE IV: Arts and Humanities
2026_Spring_24109,GE IV: Arts and Humanities
2026_Spring_24101,GE IV: Arts and Humanities
2026_Spring_24104,GE IV: Arts and Humanities
2026_Spring_24108,GE IV: Arts and Humanities
2026_Spring_24105,GE IV: Arts and Humanities
2026_Spring_24866,GE VIII: International/Global Issues
2026_Spring_24865,GE VIII: International/Global Issues
2026_Spring_24816,GE VI: Language Other Than English
2026_Spring_24815,GE VI: Language Other Than English
2026_Spring_24814,GE VI: Language Other Than English
2026_Spring_24817,GE VI: Language Other Than English
2026_Spring_24870,GE VIII: International/Global Issues
2026_Spring_35430,GE III: Social & Behavioral Sciences
2026_Spring_25611,GE VI: Language Other Than English
2026_Spring_25610,GE VI: Language Other Than English
2026_Spring_25612,GE VI: Language Other Than English
2026_Spring_25645,GE VIII: International/Global Issues
2026_Spring_26310,GE VI: Language Other Than English
2026_Spring_26543,GE III: Social & Behavioral Sciences
2026_Spring_26543,GE IV: Arts and Humanities
2026_Spring_26543,GE VII: Multicultural Studies
2026_Spring_26540,GE III: Social & Behavioral Sciences
2026_Spring_26540,GE IV: Arts and Humanities
2026_Spring_26540,GE VII: Multicultural Studies
2026_Spring_26541,GE III: Social & Behavioral Sciences
2026_Spring_26541,GE IV: Arts and Humanities
2026_Spring_26541,GE VII: Multicultural Studies
2026_Spring_26542,GE III: Social & Behavioral Sciences
2026_Spring_26542,GE IV: Arts and Humanities
2026_Spring_26542,GE VII: Multicultural Studies
2026_Spring_26544,GE III: Social & Behavioral Sciences
2026_Spring_26544,GE IV: Arts and Humanities
2026_Spring_26544,GE VII: Multicultural Studies
2026_Spring_26521,GE IV: Arts and Humanities
2026_Spring_26520,GE IV: Arts and Humanities
2026_Spring_26522,GE IV: Arts and Humanities
2026_Spring_26523,GE IV: Arts and Humanities
2026_Spring_26524,GE IV: Arts and Humanities
2026_Spring_26612,GE II: Science and Technology
2026_Spring_26612,GE IV: Arts and Humanities
2026_Spring_26611,GE II: Science and Technology
2026_Spring_26611,GE IV: Arts and Humanities
2026_Spring_26610,GE II: Science and Technology
2026_Spring_26610,GE IV: Arts and Humanities
2026_Spring_26631,GE IV: Arts and Humanities
2026_Spring_26631,GE VIII: International/Global Issues
2026_Spring_26630,GE IV: Arts and Humanities
2026_Spring_26630,GE VIII: International/Global Issues
2026_Spring_26632,GE IV: Arts and Humanities
2026_Spring_26632,GE VIII: International/Global Issues
2026_Spring_26660,GE Ib: Upper Division Writing
2026_Spring_26550,GE IV: Arts and Humanities
2026_Spring_26550,GE VIII: International/Global Issues
2026_Spring_26555,GE IV: Arts and Humanities
2026_Spring_26555,GE VIII: International/Global Issues
2026_Spring_26554,GE IV: Arts and Humanities
2026_Spring_26554,GE VIII: International/Global Issues
2026_Spring_26551,GE IV: Arts and Humanities
2026_Spring_26551,GE VIII: International/Global Issues
2026_Spring_26552,GE IV: Arts and Humanities
2026_Spring_26552,GE VIII: International/Global Issues
2026_Spring_26553,GE IV: Arts and Humanities
2026_Spring_26553,GE VIII: International/Global Issues
2026_Spring_26556,GE IV: Arts and Humanities
2026_Spring_26556,GE VIII: International/Global Issues
2026_Spring_26640,GE IV: Arts and Humanities
2026_Spring_26640,GE VIII: International/Global Issues
2026_Spring_26641,GE IV: Arts and Humanities
2026_Spring_26641,GE VIII: International/Global Issues
2026_Spring_26642,GE IV: Arts and Humanities
2026_Spring_26642,GE VIII: International/Global Issues
2026_Spring_26580,GE IV: Arts and Humanities
2026_Spring_26581,GE IV: Arts and Humanities
2026_Spring_26650,GE Ib: Upper Division Writing
2026_Spring_28180,GE IV: Arts and Humanities
2026_Spring_28180,GE VIII: International/Global Issues
2026_Spring_28425,GE Ib: Upper Division Writing
2026_Spring_28120,GE IV: Arts and Humanities
2026_Spring_28120,GE VII: Multicultural Studies
2026_Spring_28120,GE VIII: International/Global Issues
2026_Spring_27700,GE IV: Arts and Humanities
2026_Spring_27700,GE VII: Multicultural Studies
2026_Spring_27700,GE VIII: International/Global Issues
2026_Spring_27600,GE IV: Arts and Humanities
2026_Spring_27600,GE VII: Multicultural Studies
2026_Spring_27600,GE VIII: International/Global Issues
2026_Spring_28110,GE IV: Arts and Humanities
2026_Spring_28110,GE VII: Multicultural Studies
2026_Spring_28110,GE VIII: International/Global Issues
2026_Spring_27800,GE IV: Arts and Humanities
2026_Spring_27800,GE VII: Multicultural Studies
2026_Spring_27800,GE VIII: International/Global Issues
2026_Spring_28100,GE IV: Arts and Humanities
2026_Spring_28100,GE VII: Multicultural Studies
2026_Spring_28100,GE VIII: International/Global Issues
2026_Spring_27809,GE Ia: Lower Division Writing
2026_Spring_27707,GE Ia: Lower Division Writing
2026_Spring_27705,GE Ia: Lower Division Writing
2026_Spring_27802,GE Ia: Lower Division Writing
2026_Spring_27701,GE Ia: Lower Division Writing
2026_Spring_27706,GE Ia: Lower Division Writing
2026_Spring_27602,GE Ia: Lower Division Writing
2026_Spring_27801,GE Ia: Lower Division Writing
2026_Spring_27804,GE Ia: Lower Division Writing
2026_Spring_27702,GE Ia: Lower Division Writing
2026_Spring_27805,GE Ia: Lower Division Writing
2026_Spring_27601,GE Ia: Lower Division Writing
2026_Spring_27603,GE Ia: Lower Division Writing
2026_Spring_27803,GE Ia: Lower Division Writing
2026_Spring_27806,GE Ia: Lower Division Writing
2026_Spring_27808,GE Ia: Lower Division Writing
2026_Spring_27604,GE Ia: Lower Division Writing
2026_Spring_27704,GE Ia: Lower Division Writing
2026_Spring_27605,GE Ia: Lower Division Writing
2026_Spring_27703,GE Ia: Lower Division Writing
2026_Spring_27807,GE Ia: Lower Division Writing
2026_Spring_27810,GE Ia: Lower Division Writing
2026_Spring_28101,GE Ia: Lower Division Writing
2026_Spring_28104,GE Ia: Lower Division Writing
2026_Spring_28121,GE Ia: Lower Division Writing
2026_Spring_28106,GE Ia: Lower Division Writing
2026_Spring_28105,GE Ia: Lower Division Writing
2026_Spring_28112,GE Ia: Lower Division Writing
2026_Spring_28116,GE Ia: Lower Division Writing
2026_Spring_28102,GE Ia: Lower Division Writing
2026_Spring_28114,GE Ia: Lower Division Writing
2026_Spring_28103,GE Ia: Lower Division Writing
2026_Spring_28122,GE Ia: Lower Division Writing
2026_Spring_28123,GE Ia: Lower Division Writing
2026_Spring_28126,GE Ia: Lower Division Writing
2026_Spring_28124,GE Ia: Lower Division Writing
2026_Spring_28115,GE Ia: Lower Division Writing
2026_Spring_28127,GE Ia: Lower Division Writing
2026_Spring_28111,GE Ia: Lower Division Writing
2026_Spring_28113,GE Ia: Lower Division Writing
2026_Spring_28125,GE Ia: Lower Division Writing
2026_Spring_35740,GE II: Science and Technology
2026_Spring_35740,GE Vb: Formal Reasoning
2026_Spring_35750,GE II: Science and Technology
2026_Spring_35750,GE Vb: Formal Reasoning
2026_Spring_35762,GE II: Science and Technology
2026_Spring_35762,GE Vb: Formal Reasoning
2026_Spring_35745,GE II: Science and Technology
2026_Spring_35745,GE Vb: Formal Reasoning
2026_Spring_35751,GE II: Science and Technology
2026_Spring_35751,GE Vb: Formal Reasoning
2026_Spring_35759,GE II: Science and Technology
2026_Spring_35759,GE Vb: Formal Reasoning
2026_Spring_35761,GE II: Science and Technology
2026_Spring_35761,GE Vb: Formal Reasoning
2026_Spring_35756,GE II: Science and Technology
2026_Spring_35756,GE Vb: Formal Reasoning
2026_Spring_35757,GE II: Science and Technology
2026_Spring_35757,GE Vb: Formal Reasoning
2026_Spring_35758,GE II: Science and Technology
2026_Spring_35758,GE Vb: Formal Reasoning
2026_Spring_35752,GE II: Science and Technology
2026_Spring_35752,GE Vb: Formal Reasoning
2026_Spring_35754,GE II: Science and Technology
2026_Spring_35754,GE Vb: Formal Reasoning
2026_Spring_35755,GE II: Science and Technology
2026_Spring_35755,GE Vb: Formal Reasoning
2026_Spring_35753,GE II: Science and Technology
2026_Spring_35753,GE Vb: Formal Reasoning
2026_Spring_35680,GE II: Science and Technology
2026_Spring_35680,GE III: Social & Behavioral Sciences
2026_Spring_35682,GE II: Science and Technology
2026_Spring_35682,GE III: Social & Behavioral Sciences
2026_Spring_35681,GE II: Science and Technology
2026_Spring_35681,GE III: Social & Behavioral Sciences
2026_Spring_35641,GE Vb: Formal Reasoning
2026_Spring_35650,GE Vb: Formal Reasoning
2026_Spring_35652,GE Vb: Formal Reasoning
2026_Spring_35651,GE Vb: Formal Reasoning
2026_Spring_35640,GE Vb: Formal Reasoning
2026_Spring_35850,GE III: Social & Behavioral Sciences
2026_Spring_35799,GE II: Science and Technology
2026_Spring_35791,GE II: Science and Technology
2026_Spring_35798,GE II: Science and Technology
2026_Spring_35795,GE II: Science and Technology
2026_Spring_35796,GE II: Science and Technology
2026_Spring_35790,GE II: Science and Technology
2026_Spring_35797,GE II: Science and Technology
2026_Spring_35800,GE II: Science and Technology
2026_Spring_35696,GE II: Science and Technology
2026_Spring_35696,GE Vb: Formal Reasoning
2026_Spring_35693,GE II: Science and Technology
2026_Spring_35693,GE Vb: Formal Reasoning
2026_Spring_35690,GE II: Science and Technology
2026_Spring_35690,GE Vb: Formal Reasoning
2026_Spring_35692,GE II: Science and Technology
2026_Spring_35692,GE Vb: Formal Reasoning
2026_Spring_35694,GE II: Science and Technology
2026_Spring_35694,GE Vb: Formal Reasoning
2026_Spring_35695,GE II: Science and Technology
2026_Spring_35695,GE Vb: Formal Reasoning
2026_Spring_35691,GE II: Science and Technology
2026_Spring_35691,GE Vb: Formal Reasoning
2026_Spring_35874,GE Ib: Upper Division Writing
2026_Spring_35883,GE Ib: Upper Division Writing
2026_Spring_35870,GE Ib: Upper Division Writing
2026_Spring_35871,GE Ib: Upper Division Writing
2026_Spring_35890,GE Ib: Upper Division Writing
2026_Spring_35881,GE Ib: Upper Division Writing
2026_Spring_35884,GE Ib: Upper Division Writing
2026_Spring_35891,GE Ib: Upper Division Writing
2026_Spring_35894,GE Ib: Upper Division Writing
2026_Spring_35873,GE Ib: Upper Division Writing
2026_Spring_35882,GE Ib: Upper Division Writing
2026_Spring_35872,GE Ib: Upper Division Writing
2026_Spring_35880,GE Ib: Upper Division Writing
2026_Spring_35892,GE Ib: Upper Division Writing
2026_Spring_35893,GE Ib: Upper Division Writing
2026_Spring_35726,GE II: Science and Technology
2026_Spring_35726,GE Va: Quantitative Literacy
2026_Spring_35726,GE Vb: Formal Reasoning
2026_Spring_35724,GE II: Science and Technology
2026_Spring_35724,GE Va: Quantitative Literacy
2026_Spring_35724,GE Vb: Formal Reasoning
2026_Spring_35721,GE II: Science and Technology
2026_Spring_35721,GE Va: Quantitative Literacy
2026_Spring_35721,GE Vb: Formal Reasoning
2026_Spring_35725,GE II: Science and Technology
2026_Spring_35725,GE Va: Quantitative Literacy
2026_Spring_35725,GE Vb: Formal Reasoning
2026_Spring_35720,GE II: Science and Technology
2026_Spring_35720,GE Va: Quantitative Literacy
2026_Spring_35720,GE Vb: Formal Reasoning
2026_Spring_35723,GE II: Science and Technology
2026_Spring_35723,GE Va: Quantitative Literacy
2026_Spring_35723,GE Vb: Formal Reasoning
2026_Spring_35722,GE II: Science and Technology
2026_Spring_35722,GE Va: Quantitative Literacy
2026_Spring_35722,GE Vb: Formal Reasoning
2026_Spring_35632,GE Vb: Formal Reasoning
2026_Spring_35631,GE Vb: Formal Reasoning
2026_Spring_35630,GE Vb: Formal Reasoning
2026_Spring_35780,GE Vb: Formal Reasoning
2026_Spring_35670,GE II: Science and Technology
2026_Spring_35600,GE III: Social & Behavioral Sciences
2026_Spring_64020,GE III: Social & Behavioral Sciences
2026_Spring_64020,GE VIII: International/Global Issues
2026_Spring_64040,GE III: Social & Behavioral Sciences
2026_Spring_64040,GE VIII: International/Global Issues
2026_Spring_64080,GE III: Social & Behavioral Sciences
2026_Spring_64080,GE VIII: International/Global Issues
2026_Spring_64615,GE Ib: Upper Division Writing
2026_Spring_64000,GE III: Social & Behavioral Sciences
2026_Spring_64000,GE VIII: International/Global Issues
2026_Spring_28861,GE VIII: International/Global Issues
2026_Spring_28824,GE VI: Language Other Than English
2026_Spring_28821,GE VI: Language Other Than English
2026_Spring_28823,GE VI: Language Other Than English
2026_Spring_28822,GE VI: Language Other Than English
2026_Spring_28902,GE VI: Language Other Than English
2026_Spring_28901,GE VI: Language Other Than English
2026_Spring_28903,GE VI: Language Other Than English
2026_Spring_28904,GE VI: Language Other Than English
2026_Spring_28905,GE VI: Language Other Than English
2026_Spring_28950,GE VIII: International/Global Issues
2026_Spring_28920,GE VIII: International/Global Issues
2026_Spring_28922,GE VIII: International/Global Issues
2026_Spring_29355,GE VIII: International/Global Issues
2026_Spring_29312,GE VI: Language Other Than English
2026_Spring_29314,GE VI: Language Other Than English
2026_Spring_29310,GE VI: Language Other Than English
2026_Spring_29330,GE VIII: International/Global Issues
2026_Spring_29331,GE VIII: International/Global Issues
2026_Spring_29900,GE Ib: Upper Division Writing
2026_Spring_29910,GE Ib: Upper Division Writing
2026_Spring_29905,GE Ib: Upper Division Writing
2026_Spring_29820,GE IV: Arts and Humanities
2026_Spring_66117,GE Vb: Formal Reasoning
2026_Spring_66114,GE Vb: Formal Reasoning
2026_Spring_66111,GE Vb: Formal Reasoning
2026_Spring_66119,GE Vb: Formal Reasoning
2026_Spring_66118,GE Vb: Formal Reasoning
2026_Spring_66115,GE Vb: Formal Reasoning
2026_Spring_66110,GE Vb: Formal Reasoning
2026_Spring_66112,GE Vb: Formal Reasoning
2026_Spring_66116,GE Vb: Formal Reasoning
2026_Spring_66113,GE Vb: Formal Reasoning
2026_Spring_66133,GE II: Science and Technology
2026_Spring_66133,GE Va: Quantitative Literacy
2026_Spring_66136,GE II: Science and Technology
2026_Spring_66136,GE Va: Quantitative Literacy
2026_Spring_66139,GE II: Science and Technology
2026_Spring_66139,GE Va: Quantitative Literacy
2026_Spring_66137,GE II: Science and Technology
2026_Spring_66137,GE Va: Quantitative Literacy
2026_Spring_66135,GE II: Science and Technology
2026_Spring_66135,GE Va: Quantitative Literacy
2026_Spring_66131,GE II: Science and Technology
2026_Spring_66131,GE Va: Quantitative Literacy
2026_Spring_66130,GE II: Science and Technology
2026_Spring_66130,GE Va: Quantitative Literacy
2026_Spring_66134,GE II: Science and Technology
2026_Spring_66134,GE Va: Quantitative Literacy
2026_Spring_66132,GE II: Science and Technology
2026_Spring_66132,GE Va: Quantitative Literacy
2026_Spring_66138,GE II: Science and Technology
2026_Spring_66138,GE Va: Quantitative Literacy
2026_Spring_66180,GE II: Science and Technology
2026_Spring_66151,GE II: Science and Technology
2026_Spring_66151,GE IV: Arts and Humanities
2026_Spring_66150,GE II: Science and Technology
2026_Spring_66150,GE IV: Arts and Humanities
2026_Spring_66152,GE II: Science and Technology
2026_Spring_66152,GE IV: Arts and Humanities
2026_Spring_65015,GE III: Social & Behavioral Sciences
2026_Spring_65015,GE Vb: Formal Reasoning
2026_Spring_65018,GE III: Social & Behavioral Sciences
2026_Spring_65018,GE Vb: Formal Reasoning
2026_Spring_65016,GE III: Social & Behavioral Sciences
2026_Spring_65016,GE Vb: Formal Reasoning
2026_Spring_65012,GE III: Social & Behavioral Sciences
2026_Spring_65012,GE Vb: Formal Reasoning
2026_Spring_65011,GE III: Social & Behavioral Sciences
2026_Spring_65011,GE Vb: Formal Reasoning
2026_Spring_65010,GE III: Social & Behavioral Sciences
2026_Spring_65010,GE Vb: Formal Reasoning
2026_Spring_65013,GE III: Social & Behavioral Sciences
2026_Spring_65013,GE Vb: Formal Reasoning
2026_Spring_65014,GE III: Social & Behavioral Sciences
2026_Spring_65014,GE Vb: Formal Reasoning
2026_Spring_65017,GE III: Social & Behavioral Sciences
2026_Spring_65017,GE Vb: Formal Reasoning
2026_Spring_65020,GE III: Social & Behavioral Sciences
2026_Spring_65020,GE Vb: Formal Reasoning
2026_Spring_65019,GE III: Social & Behavioral Sciences
2026_Spring_65019,GE Vb: Formal Reasoning
2026_Spring_65340,GE Ib: Upper Division Writing
2026_Spring_65065,GE Vb: Formal Reasoning
2026_Spring_65069,GE Vb: Formal Reasoning
2026_Spring_65063,GE Vb: Formal Reasoning
2026_Spring_65066,GE Vb: Formal Reasoning
2026_Spring_65064,GE Vb: Formal Reasoning
2026_Spring_65067,GE Vb: Formal Reasoning
2026_Spring_65068,GE Vb: Formal Reasoning
2026_Spring_65062,GE Vb: Formal Reasoning
2026_Spring_65060,GE Vb: Formal Reasoning
2026_Spring_65061,GE Vb: Formal Reasoning
2026_Spring_44071,GE Vb: Formal Reasoning
2026_Spring_44093,GE Vb: Formal Reasoning
2026_Spring_44070,GE Vb: Formal Reasoning
2026_Spring_44094,GE Vb: Formal Reasoning
2026_Spring_44085,GE Vb: Formal Reasoning
2026_Spring_44081,GE Vb: Formal Reasoning
2026_Spring_44083,GE Vb: Formal Reasoning
2026_Spring_44091,GE Vb: Formal Reasoning
2026_Spring_44074,GE Vb: Formal Reasoning
2026_Spring_44090,GE Vb: Formal Reasoning
2026_Spring_44092,GE Vb: Formal Reasoning
2026_Spring_44084,GE Vb: Formal Reasoning
2026_Spring_44072,GE Vb: Formal Reasoning
2026_Spring_44073,GE Vb: Formal Reasoning
2026_Spring_44080,GE Vb: Formal Reasoning
2026_Spring_44380,GE II: Science and Technology
2026_Spring_44380,GE Vb: Formal Reasoning
2026_Spring_44381,GE II: Science and Technology
2026_Spring_44381,GE Vb: Formal Reasoning
2026_Spring_44009,GE Vb: Formal Reasoning
2026_Spring_44010,GE Vb: Formal Reasoning
2026_Spring_44011,GE Vb: Formal Reasoning
2026_Spring_44006,GE Vb: Formal Reasoning
2026_Spring_44005,GE Vb: Formal Reasoning
2026_Spring_44000,GE Vb: Formal Reasoning
2026_Spring_44007,GE Vb: Formal Reasoning
2026_Spring_44008,GE Vb: Formal Reasoning
2026_Spring_44132,GE Vb: Formal Reasoning
2026_Spring_44140,GE Vb: Formal Reasoning
2026_Spring_44131,GE Vb: Formal Reasoning
2026_Spring_44143,GE Vb: Formal Reasoning
2026_Spring_44144,GE Vb: Formal Reasoning
2026_Spring_44130,GE Vb: Formal Reasoning
2026_Spring_44141,GE Vb: Formal Reasoning
2026_Spring_44142,GE Vb: Formal Reasoning
2026_Spring_44133,GE Vb: Formal Reasoning
2026_Spring_44134,GE Vb: Formal Reasoning
2026_Spring_44290,GE Vb: Formal Reasoning
2026_Spring_44294,GE Vb: Formal Reasoning
2026_Spring_44293,GE Vb: Formal Reasoning
2026_Spring_44291,GE Vb: Formal Reasoning
2026_Spring_44292,GE Vb: Formal Reasoning
2026_Spring_44313,GE Vb: Formal Reasoning
2026_Spring_44314,GE Vb: Formal Reasoning
2026_Spring_44310,GE Vb: Formal Reasoning
2026_Spring_44312,GE Vb: Formal Reasoning
2026_Spring_44311,GE Vb: Formal Reasoning
2026_Spring_44350,GE II: Science and Technology
2026_Spring_44350,GE Vb: Formal Reasoning
2026_Spring_44361,GE II: Science and Technology
2026_Spring_44361,GE Vb: Formal Reasoning
2026_Spring_44351,GE II: Science and Technology
2026_Spring_44351,GE Vb: Formal Reasoning
2026_Spring_44360,GE II: Science and Technology
2026_Spring_44360,GE Vb: Formal Reasoning
2026_Spring_44235,GE Vb: Formal Reasoning
2026_Spring_44221,GE Vb: Formal Reasoning
2026_Spring_44231,GE Vb: Formal Reasoning
2026_Spring_44210,GE Vb: Formal Reasoning
2026_Spring_44234,GE Vb: Formal Reasoning
2026_Spring_44233,GE Vb: Formal Reasoning
2026_Spring_44232,GE Vb: Formal Reasoning
2026_Spring_44213,GE Vb: Formal Reasoning
2026_Spring_44214,GE Vb: Formal Reasoning
2026_Spring_44223,GE Vb: Formal Reasoning
2026_Spring_44211,GE Vb: Formal Reasoning
2026_Spring_44222,GE Vb: Formal Reasoning
2026_Spring_44212,GE Vb: Formal Reasoning
2026_Spring_44220,GE Vb: Formal Reasoning
2026_Spring_38012,GE III: Social & Behavioral Sciences
2026_Spring_38433,GE Ib: Upper Division Writing
2026_Spring_38437,GE Ib: Upper Division Writing
2026_Spring_38434,GE Ib: Upper Division Writing
2026_Spring_38435,GE Ib: Upper Division Writing
2026_Spring_38436,GE Ib: Upper Division Writing
2026_Spring_38432,GE Ib: Upper Division Writing
2026_Spring_38446,GE Ib: Upper Division Writing
2026_Spring_38443,GE Ib: Upper Division Writing
2026_Spring_38447,GE Ib: Upper Division Writing
2026_Spring_38445,GE Ib: Upper Division Writing
2026_Spring_38442,GE Ib: Upper Division Writing
2026_Spring_38444,GE Ib: Upper Division Writing
2026_Spring_38016,GE Va: Quantitative Literacy
2026_Spring_04165,GE IV: Arts and Humanities
2026_Spring_04161,GE IV: Arts and Humanities
2026_Spring_04164,GE IV: Arts and Humanities
2026_Spring_04162,GE IV: Arts and Humanities
2026_Spring_04160,GE IV: Arts and Humanities
2026_Spring_04168,GE IV: Arts and Humanities
2026_Spring_04166,GE IV: Arts and Humanities
2026_Spring_04167,GE IV: Arts and Humanities
2026_Spring_04163,GE IV: Arts and Humanities
2026_Spring_04104,GE IV: Arts and Humanities
2026_Spring_04104,GE VIII: International/Global Issues
2026_Spring_04100,GE IV: Arts and Humanities
2026_Spring_04100,GE VIII: International/Global Issues
2026_Spring_04102,GE IV: Arts and Humanities
2026_Spring_04102,GE VIII: International/Global Issues
2026_Spring_30260,GE VI: Language Other Than English
2026_Spring_30400,GE Vb: Formal Reasoning
2026_Spring_30399,GE Vb: Formal Reasoning
2026_Spring_30402,GE Vb: Formal Reasoning
2026_Spring_30404,GE Vb: Formal Reasoning
2026_Spring_30403,GE Vb: Formal Reasoning
2026_Spring_30396,GE Vb: Formal Reasoning
2026_Spring_30397,GE Vb: Formal Reasoning
2026_Spring_30395,GE Vb: Formal Reasoning
2026_Spring_30398,GE Vb: Formal Reasoning
2026_Spring_30401,GE Vb: Formal Reasoning
2026_Spring_30345,GE IV: Arts and Humanities
2026_Spring_30342,GE IV: Arts and Humanities
2026_Spring_30343,GE IV: Arts and Humanities
2026_Spring_30347,GE IV: Arts and Humanities
2026_Spring_30341,GE IV: Arts and Humanities
2026_Spring_30348,GE IV: Arts and Humanities
2026_Spring_30346,GE IV: Arts and Humanities
2026_Spring_30340,GE IV: Arts and Humanities
2026_Spring_30344,GE IV: Arts and Humanities
2026_Spring_30353,GE IV: Arts and Humanities
2026_Spring_30354,GE IV: Arts and Humanities
2026_Spring_30356,GE IV: Arts and Humanities
2026_Spring_30350,GE IV: Arts and Humanities
2026_Spring_30352,GE IV: Arts and Humanities
2026_Spring_30355,GE IV: Arts and Humanities
2026_Spring_30351,GE IV: Arts and Humanities
2026_Spring_30553,GE II: Science and Technology
2026_Spring_30553,GE Va: Quantitative Literacy
2026_Spring_30556,GE II: Science and Technology
2026_Spring_30556,GE Va: Quantitative Literacy
2026_Spring_30552,GE II: Science and Technology
2026_Spring_30552,GE Va: Quantitative Literacy
2026_Spring_30550,GE II: Science and Technology
2026_Spring_30550,GE Va: Quantitative Literacy
2026_Spring_30555,GE II: Science and Technology
2026_Spring_30555,GE Va: Quantitative Literacy
2026_Spring_30559,GE II: Science and Technology
2026_Spring_30559,GE Va: Quantitative Literacy
2026_Spring_30557,GE II: Science and Technology
2026_Spring_30557,GE Va: Quantitative Literacy
2026_Spring_30551,GE II: Science and Technology
2026_Spring_30551,GE Va: Quantitative Literacy
2026_Spring_30554,GE II: Science and Technology
2026_Spring_30554,GE Va: Quantitative Literacy
2026_Spring_30558,GE II: Science and Technology
2026_Spring_30558,GE Va: Quantitative Literacy
2026_Spring_30302,GE IV: Arts and Humanities
2026_Spring_30307,GE IV: Arts and Humanities
2026_Spring_30303,GE IV: Arts and Humanities
2026_Spring_30305,GE IV: Arts and Humanities
2026_Spring_30304,GE IV: Arts and Humanities
2026_Spring_30306,GE IV: Arts and Humanities
2026_Spring_30301,GE IV: Arts and Humanities
2026_Spring_30300,GE IV: Arts and Humanities
2026_Spring_30308,GE IV: Arts and Humanities
2026_Spring_89023,GE Ib: Upper Division Writing
2026_Spring_89022,GE Ib: Upper Division Writing
2026_Spring_89024,GE Ib: Upper Division Writing
2026_Spring_89025,GE Ib: Upper Division Writing
2026_Spring_89020,GE Ib: Upper Division Writing
2026_Spring_89021,GE Ib: Upper Division Writing
2026_Spring_49215,GE Ib: Upper Division Writing
2026_Spring_49210,GE Ib: Upper Division Writing
2026_Spring_47036,GE II: Science and Technology
2026_Spring_47036,GE Va: Quantitative Literacy
2026_Spring_47033,GE II: Science and Technology
2026_Spring_47033,GE Va: Quantitative Literacy
2026_Spring_47032,GE II: Science and Technology
2026_Spring_47032,GE Va: Quantitative Literacy
2026_Spring_47035,GE II: Science and Technology
2026_Spring_47035,GE Va: Quantitative Literacy
2026_Spring_47030,GE II: Science and Technology
2026_Spring_47030,GE Va: Quantitative Literacy
2026_Spring_47038,GE II: Science and Technology
2026_Spring_47038,GE Va: Quantitative Literacy
2026_Spring_47037,GE II: Science and Technology
2026_Spring_47037,GE Va: Quantitative Literacy
2026_Spring_47031,GE II: Science and Technology
2026_Spring_47031,GE Va: Quantitative Literacy
2026_Spring_47565,GE Ib: Upper Division Writing
2026_Spring_47560,GE Ib: Upper Division Writing
2026_Spring_47002,GE II: Science and Technology
2026_Spring_47002,GE Va: Quantitative Literacy
2026_Spring_47001,GE II: Science and Technology
2026_Spring_47001,GE Va: Quantitative Literacy
2026_Spring_47005,GE II: Science and Technology
2026_Spring_47005,GE Va: Quantitative Literacy
2026_Spring_47006,GE II: Science and Technology
2026_Spring_47006,GE Va: Quantitative Literacy
2026_Spring_47003,GE II: Science and Technology
2026_Spring_47003,GE Va: Quantitative Literacy
2026_Spring_47007,GE II: Science and Technology
2026_Spring_47007,GE Va: Quantitative Literacy
2026_Spring_47000,GE II: Science and Technology
2026_Spring_47000,GE Va: Quantitative Literacy
2026_Spring_47004,GE II: Science and Technology
2026_Spring_47004,GE Va: Quantitative Literacy
2026_Spring_47127,GE II: Science and Technology
2026_Spring_47127,GE Va: Quantitative Literacy
2026_Spring_47143,GE II: Science and Technology
2026_Spring_47143,GE Va: Quantitative Literacy
2026_Spring_47123,GE II: Science and Technology
2026_Spring_47123,GE Va: Quantitative Literacy
2026_Spring_47122,GE II: Science and Technology
2026_Spring_47122,GE Va: Quantitative Literacy
2026_Spring_47125,GE II: Science and Technology
2026_Spring_47125,GE Va: Quantitative Literacy
2026_Spring_47144,GE II: Science and Technology
2026_Spring_47144,GE Va: Quantitative Literacy
2026_Spring_47155,GE II: Science and Technology
2026_Spring_47155,GE Va: Quantitative Literacy
2026_Spring_47141,GE II: Science and Technology
2026_Spring_47141,GE Va: Quantitative Literacy
2026_Spring_47120,GE II: Science and Technology
2026_Spring_47120,GE Va: Quantitative Literacy
2026_Spring_47140,GE II: Science and Technology
2026_Spring_47140,GE Va: Quantitative Literacy
2026_Spring_47121,GE II: Science and Technology
2026_Spring_47121,GE Va: Quantitative Literacy
2026_Spring_47146,GE II: Science and Technology
2026_Spring_47146,GE Va: Quantitative Literacy
2026_Spring_47148,GE II: Science and Technology
2026_Spring_47148,GE Va: Quantitative Literacy
2026_Spring_47128,GE II: Science and Technology
2026_Spring_47128,GE Va: Quantitative Literacy
2026_Spring_47145,GE II: Science and Technology
2026_Spring_47145,GE Va: Quantitative Literacy
2026_Spring_47149,GE II: Science and Technology
2026_Spring_47149,GE Va: Quantitative Literacy
2026_Spring_47157,GE II: Science and Technology
2026_Spring_47157,GE Va: Quantitative Literacy
2026_Spring_47142,GE II: Science and Technology
2026_Spring_47142,GE Va: Quantitative Literacy
2026_Spring_47156,GE II: Science and Technology
2026_Spring_47156,GE Va: Quantitative Literacy
2026_Spring_47124,GE II: Science and Technology
2026_Spring_47124,GE Va: Quantitative Literacy
2026_Spring_47126,GE II: Science and Technology
2026_Spring_47126,GE Va: Quantitative Literacy
2026_Spring_47648,GE Ib: Upper Division Writing
2026_Spring_47645,GE Ib: Upper Division Writing
2026_Spring_47646,GE Ib: Upper Division Writing
2026_Spring_47649,GE Ib: Upper Division Writing
2026_Spring_47204,GE II: Science and Technology
2026_Spring_47204,GE Va: Quantitative Literacy
2026_Spring_47205,GE II: Science and Technology
2026_Spring_47205,GE Va: Quantitative Literacy
2026_Spring_47201,GE II: Science and Technology
2026_Spring_47201,GE Va: Quantitative Literacy
2026_Spring_47208,GE II: Science and Technology
2026_Spring_47208,GE Va: Quantitative Literacy
2026_Spring_47206,GE II: Science and Technology
2026_Spring_47206,GE Va: Quantitative Literacy
2026_Spring_47202,GE II: Science and Technology
2026_Spring_47202,GE Va: Quantitative Literacy
2026_Spring_47203,GE II: Science and Technology
2026_Spring_47203,GE Va: Quantitative Literacy
2026_Spring_47207,GE II: Science and Technology
2026_Spring_47207,GE Va: Quantitative Literacy
2026_Spring_47200,GE II: Science and Technology
2026_Spring_47200,GE Va: Quantitative Literacy
2026_Spring_47342,GE II: Science and Technology
2026_Spring_47342,GE Va: Quantitative Literacy
2026_Spring_47321,GE II: Science and Technology
2026_Spring_47321,GE Va: Quantitative Literacy
2026_Spring_47323,GE II: Science and Technology
2026_Spring_47323,GE Va: Quantitative Literacy
2026_Spring_47325,GE II: Science and Technology
2026_Spring_47325,GE Va: Quantitative Literacy
2026_Spring_47320,GE II: Science and Technology
2026_Spring_47320,GE Va: Quantitative Literacy
2026_Spring_47345,GE II: Science and Technology
2026_Spring_47345,GE Va: Quantitative Literacy
2026_Spring_47341,GE II: Science and Technology
2026_Spring_47341,GE Va: Quantitative Literacy
2026_Spring_47344,GE II: Science and Technology
2026_Spring_47344,GE Va: Quantitative Literacy
2026_Spring_47326,GE II: Science and Technology
2026_Spring_47326,GE Va: Quantitative Literacy
2026_Spring_47328,GE II: Science and Technology
2026_Spring_47328,GE Va: Quantitative Literacy
2026_Spring_47330,GE II: Science and Technology
2026_Spring_47330,GE Va: Quantitative Literacy
2026_Spring_47340,GE II: Science and Technology
2026_Spring_47340,GE Va: Quantitative Literacy
2026_Spring_47346,GE II: Science and Technology
2026_Spring_47346,GE Va: Quantitative Literacy
2026_Spring_47324,GE II: Science and Technology
2026_Spring_47324,GE Va: Quantitative Literacy
2026_Spring_47343,GE II: Science and Technology
2026_Spring_47343,GE Va: Quantitative Literacy
2026_Spring_47327,GE II: Science and Technology
2026_Spring_47327,GE Va: Quantitative Literacy
2026_Spring_47471,GE II: Science and Technology
2026_Spring_47471,GE Va: Quantitative Literacy
2026_Spring_47472,GE II: Science and Technology
2026_Spring_47472,GE Va: Quantitative Literacy
2026_Spring_47473,GE II: Science and Technology
2026_Spring_47473,GE Va: Quantitative Literacy
2026_Spring_47470,GE II: Science and Technology
2026_Spring_47470,GE Va: Quantitative Literacy
2026_Spring_47474,GE II: Science and Technology
2026_Spring_47474,GE Va: Quantitative Literacy
2026_Spring_47451,GE II: Science and Technology
2026_Spring_47451,GE Va: Quantitative Literacy
2026_Spring_47450,GE II: Science and Technology
2026_Spring_47450,GE Va: Quantitative Literacy
2026_Spring_47452,GE II: Science and Technology
2026_Spring_47452,GE Va: Quantitative Literacy
2026_Spring_47453,GE II: Science and Technology
2026_Spring_47453,GE Va: Quantitative Literacy
2026_Spring_47253,GE II: Science and Technology
2026_Spring_47253,GE Va: Quantitative Literacy
2026_Spring_47252,GE II: Science and Technology
2026_Spring_47252,GE Va: Quantitative Literacy
2026_Spring_47270,GE II: Science and Technology
2026_Spring_47270,GE Va: Quantitative Literacy
2026_Spring_47244,GE II: Science and Technology
2026_Spring_47244,GE Va: Quantitative Literacy
2026_Spring_47258,GE II: Science and Technology
2026_Spring_47258,GE Va: Quantitative Literacy
2026_Spring_47276,GE II: Science and Technology
2026_Spring_47276,GE Va: Quantitative Literacy
2026_Spring_47274,GE II: Science and Technology
2026_Spring_47274,GE Va: Quantitative Literacy
2026_Spring_47251,GE II: Science and Technology
2026_Spring_47251,GE Va: Quantitative Literacy
2026_Spring_47275,GE II: Science and Technology
2026_Spring_47275,GE Va: Quantitative Literacy
2026_Spring_47273,GE II: Science and Technology
2026_Spring_47273,GE Va: Quantitative Literacy
2026_Spring_47255,GE II: Science and Technology
2026_Spring_47255,GE Va: Quantitative Literacy
2026_Spring_47240,GE II: Science and Technology
2026_Spring_47240,GE Va: Quantitative Literacy
2026_Spring_47243,GE II: Science and Technology
2026_Spring_47243,GE Va: Quantitative Literacy
2026_Spring_47250,GE II: Science and Technology
2026_Spring_47250,GE Va: Quantitative Literacy
2026_Spring_47241,GE II: Science and Technology
2026_Spring_47241,GE Va: Quantitative Literacy
2026_Spring_47242,GE II: Science and Technology
2026_Spring_47242,GE Va: Quantitative Literacy
2026_Spring_47278,GE II: Science and Technology
2026_Spring_47278,GE Va: Quantitative Literacy
2026_Spring_47272,GE II: Science and Technology
2026_Spring_47272,GE Va: Quantitative Literacy
2026_Spring_47254,GE II: Science and Technology
2026_Spring_47254,GE Va: Quantitative Literacy
2026_Spring_47259,GE II: Science and Technology
2026_Spring_47259,GE Va: Quantitative Literacy
2026_Spring_47277,GE II: Science and Technology
2026_Spring_47277,GE Va: Quantitative Literacy
2026_Spring_47260,GE II: Science and Technology
2026_Spring_47260,GE Va: Quantitative Literacy
2026_Spring_47271,GE II: Science and Technology
2026_Spring_47271,GE Va: Quantitative Literacy
2026_Spring_67460,GE Ib: Upper Division Writing
2026_Spring_67121,GE III: Social & Behavioral Sciences
2026_Spring_67124,GE III: Social & Behavioral Sciences
2026_Spring_67117,GE III: Social & Behavioral Sciences
2026_Spring_67116,GE III: Social & Behavioral Sciences
2026_Spring_67120,GE III: Social & Behavioral Sciences
2026_Spring_67122,GE III: Social & Behavioral Sciences
2026_Spring_67118,GE III: Social & Behavioral Sciences
2026_Spring_67123,GE III: Social & Behavioral Sciences
2026_Spring_67115,GE III: Social & Behavioral Sciences
2026_Spring_67119,GE III: Social & Behavioral Sciences
2026_Spring_67065,GE III: Social & Behavioral Sciences
2026_Spring_67065,GE VIII: International/Global Issues
2026_Spring_67060,GE III: Social & Behavioral Sciences
2026_Spring_67060,GE VIII: International/Global Issues
2026_Spring_67062,GE III: Social & Behavioral Sciences
2026_Spring_67062,GE VIII: International/Global Issues
2026_Spring_67061,GE III: Social & Behavioral Sciences
2026_Spring_67061,GE VIII: International/Global Issues
2026_Spring_67063,GE III: Social & Behavioral Sciences
2026_Spring_67063,GE VIII: International/Global Issues
2026_Spring_67064,GE III: Social & Behavioral Sciences
2026_Spring_67064,GE VIII: International/Global Issues
2026_Spring_67066,GE III: Social & Behavioral Sciences
2026_Spring_67066,GE VIII: International/Global Issues
2026_Spring_67085,GE III: Social & Behavioral Sciences
2026_Spring_67085,GE VIII: International/Global Issues
2026_Spring_67086,GE III: Social & Behavioral Sciences
2026_Spring_67086,GE VIII: International/Global Issues
2026_Spring_67089,GE III: Social & Behavioral Sciences
2026_Spring_67089,GE VIII: International/Global Issues
2026_Spring_67082,GE III: Social & Behavioral Sciences
2026_Spring_67082,GE VIII: International/Global Issues
2026_Spring_67081,GE III: Social & Behavioral Sciences
2026_Spring_67081,GE VIII: International/Global Issues
2026_Spring_67087,GE III: Social & Behavioral Sciences
2026_Spring_67087,GE VIII: International/Global Issues
2026_Spring_67080,GE III: Social & Behavioral Sciences
2026_Spring_67080,GE VIII: International/Global Issues
2026_Spring_67083,GE III: Social & Behavioral Sciences
2026_Spring_67083,GE VIII: International/Global Issues
2026_Spring_67084,GE III: Social & Behavioral Sciences
2026_Spring_67084,GE VIII: International/Global Issues
2026_Spring_67088,GE III: Social & Behavioral Sciences
2026_Spring_67088,GE VIII: International/Global Issues
2026_Spring_67108,GE III: Social & Behavioral Sciences
2026_Spring_67108,GE VII: Multicultural Studies
2026_Spring_67107,GE III: Social & Behavioral Sciences
2026_Spring_67107,GE VII: Multicultural Studies
2026_Spring_67093,GE III: Social & Behavioral Sciences
2026_Spring_67093,GE VII: Multicultural Studies
2026_Spring_67096,GE III: Social & Behavioral Sciences
2026_Spring_67096,GE VII: Multicultural Studies
2026_Spring_67101,GE III: Social & Behavioral Sciences
2026_Spring_67101,GE VII: Multicultural Studies
2026_Spring_67102,GE III: Social & Behavioral Sciences
2026_Spring_67102,GE VII: Multicultural Studies
2026_Spring_67097,GE III: Social & Behavioral Sciences
2026_Spring_67097,GE VII: Multicultural Studies
2026_Spring_67106,GE III: Social & Behavioral Sciences
2026_Spring_67106,GE VII: Multicultural Studies
2026_Spring_67091,GE III: Social & Behavioral Sciences
2026_Spring_67091,GE VII: Multicultural Studies
2026_Spring_67092,GE III: Social & Behavioral Sciences
2026_Spring_67092,GE VII: Multicultural Studies
2026_Spring_67100,GE III: Social & Behavioral Sciences
2026_Spring_67100,GE VII: Multicultural Studies
2026_Spring_67094,GE III: Social & Behavioral Sciences
2026_Spring_67094,GE VII: Multicultural Studies
2026_Spring_67105,GE III: Social & Behavioral Sciences
2026_Spring_67105,GE VII: Multicultural Studies
2026_Spring_67104,GE III: Social & Behavioral Sciences
2026_Spring_67104,GE VII: Multicultural Studies
2026_Spring_67109,GE III: Social & Behavioral Sciences
2026_Spring_67109,GE VII: Multicultural Studies
2026_Spring_67103,GE III: Social & Behavioral Sciences
2026_Spring_67103,GE VII: Multicultural Studies
2026_Spring_67095,GE III: Social & Behavioral Sciences
2026_Spring_67095,GE VII: Multicultural Studies
2026_Spring_67020,GE III: Social & Behavioral Sciences
2026_Spring_67024,GE III: Social & Behavioral Sciences
2026_Spring_67026,GE III: Social & Behavioral Sciences
2026_Spring_67025,GE III: Social & Behavioral Sciences
2026_Spring_67022,GE III: Social & Behavioral Sciences
2026_Spring_67029,GE III: Social & Behavioral Sciences
2026_Spring_67014,GE III: Social & Behavioral Sciences
2026_Spring_67011,GE III: Social & Behavioral Sciences
2026_Spring_67015,GE III: Social & Behavioral Sciences
2026_Spring_67016,GE III: Social & Behavioral Sciences
2026_Spring_67031,GE III: Social & Behavioral Sciences
2026_Spring_67032,GE III: Social & Behavioral Sciences
2026_Spring_67010,GE III: Social & Behavioral Sciences
2026_Spring_67013,GE III: Social & Behavioral Sciences
2026_Spring_67023,GE III: Social & Behavioral Sciences
2026_Spring_67034,GE III: Social & Behavioral Sciences
2026_Spring_67021,GE III: Social & Behavioral Sciences
2026_Spring_67012,GE III: Social & Behavioral Sciences
2026_Spring_67027,GE III: Social & Behavioral Sciences
2026_Spring_67028,GE III: Social & Behavioral Sciences
2026_Spring_67033,GE III: Social & Behavioral Sciences
2026_Spring_67035,GE III: Social & Behavioral Sciences
2026_Spring_67030,GE III: Social & Behavioral Sciences
2026_Spring_67042,GE III: Social & Behavioral Sciences
2026_Spring_67043,GE III: Social & Behavioral Sciences
2026_Spring_67041,GE III: Social & Behavioral Sciences
2026_Spring_67040,GE III: Social & Behavioral Sciences
2026_Spring_54075,GE III: Social & Behavioral Sciences
2026_Spring_54076,GE III: Social & Behavioral Sciences
2026_Spring_54070,GE III: Social & Behavioral Sciences
2026_Spring_54071,GE III: Social & Behavioral Sciences
2026_Spring_54072,GE III: Social & Behavioral Sciences
2026_Spring_54073,GE III: Social & Behavioral Sciences
2026_Spring_54074,GE III: Social & Behavioral Sciences
2026_Spring_54000,GE III: Social & Behavioral Sciences
2026_Spring_54032,GE III: Social & Behavioral Sciences
2026_Spring_54031,GE III: Social & Behavioral Sciences
2026_Spring_54030,GE III: Social & Behavioral Sciences
2026_Spring_54034,GE III: Social & Behavioral Sciences
2026_Spring_54033,GE III: Social & Behavioral Sciences
2026_Spring_54052,GE III: Social & Behavioral Sciences
2026_Spring_54050,GE III: Social & Behavioral Sciences
2026_Spring_54051,GE III: Social & Behavioral Sciences
2026_Spring_54053,GE III: Social & Behavioral Sciences
2026_Spring_54054,GE III: Social & Behavioral Sciences
2026_Spring_81220,GE Ib: Upper Division Writing
2026_Spring_81226,GE Ib: Upper Division Writing
2026_Spring_81223,GE Ib: Upper Division Writing
2026_Spring_81224,GE Ib: Upper Division Writing
2026_Spring_81222,GE Ib: Upper Division Writing
2026_Spring_81225,GE Ib: Upper Division Writing
2026_Spring_81227,GE Ib: Upper Division Writing
2026_Spring_81221,GE Ib: Upper Division Writing
2026_Spring_81010,GE II: Science and Technology
2026_Spring_81008,GE II: Science and Technology
2026_Spring_81009,GE II: Science and Technology
2026_Spring_81015,GE Va: Quantitative Literacy
2026_Spring_81016,GE Va: Quantitative Literacy
2026_Spring_81012,GE Va: Quantitative Literacy
2026_Spring_81013,GE Va: Quantitative Literacy
2026_Spring_81002,GE III: Social & Behavioral Sciences
2026_Spring_81005,GE III: Social & Behavioral Sciences
2026_Spring_81006,GE III: Social & Behavioral Sciences
2026_Spring_81025,GE II: Science and Technology
2026_Spring_31200,GE IV: Arts and Humanities
2026_Spring_31200,GE VIII: International/Global Issues
2026_Spring_31204,GE IV: Arts and Humanities
2026_Spring_31204,GE VIII: International/Global Issues
2026_Spring_31202,GE IV: Arts and Humanities
2026_Spring_31202,GE VIII: International/Global Issues
2026_Spring_31201,GE IV: Arts and Humanities
2026_Spring_31201,GE VIII: International/Global Issues
2026_Spring_31203,GE IV: Arts and Humanities
2026_Spring_31203,GE VIII: International/Global Issues
2026_Spring_31206,GE IV: Arts and Humanities
2026_Spring_31206,GE VIII: International/Global Issues
2026_Spring_31205,GE IV: Arts and Humanities
2026_Spring_31205,GE VIII: International/Global Issues
2026_Spring_31271,GE VIII: International/Global Issues
2026_Spring_31274,GE IV: Arts and Humanities
2026_Spring_31274,GE VIII: International/Global Issues
2026_Spring_31256,GE VI: Language Other Than English
2026_Spring_31257,GE VI: Language Other Than English
2026_Spring_70555,GE Ib: Upper Division Writing
2026_Spring_70180,GE III: Social & Behavioral Sciences
2026_Spring_70180,GE VIII: International/Global Issues
2026_Spring_70120,GE Vb: Formal Reasoning
2026_Spring_70151,GE Vb: Formal Reasoning
2026_Spring_70130,GE Vb: Formal Reasoning
2026_Spring_70152,GE Vb: Formal Reasoning
2026_Spring_70110,GE Vb: Formal Reasoning
2026_Spring_70150,GE Vb: Formal Reasoning
2026_Spring_70222,GE III: Social & Behavioral Sciences
2026_Spring_70222,GE VII: Multicultural Studies
2026_Spring_70224,GE III: Social & Behavioral Sciences
2026_Spring_70224,GE VII: Multicultural Studies
2026_Spring_70223,GE III: Social & Behavioral Sciences
2026_Spring_70223,GE VII: Multicultural Studies
2026_Spring_70221,GE III: Social & Behavioral Sciences
2026_Spring_70221,GE VII: Multicultural Studies
2026_Spring_70220,GE III: Social & Behavioral Sciences
2026_Spring_70220,GE VII: Multicultural Studies
2026_Spring_70366,GE Ib: Upper Division Writing
2026_Spring_70362,GE Ib: Upper Division Writing
2026_Spring_70361,GE Ib: Upper Division Writing
2026_Spring_70367,GE Ib: Upper Division Writing
2026_Spring_70365,GE Ib: Upper Division Writing
2026_Spring_70360,GE Ib: Upper Division Writing
2026_Spring_70363,GE Ib: Upper Division Writing
2026_Spring_70021,GE III: Social & Behavioral Sciences
2026_Spring_70025,GE III: Social & Behavioral Sciences
2026_Spring_70020,GE III: Social & Behavioral Sciences
2026_Spring_70024,GE III: Social & Behavioral Sciences
2026_Spring_70026,GE III: Social & Behavioral Sciences
2026_Spring_70027,GE III: Social & Behavioral Sciences
2026_Spring_70023,GE III: Social & Behavioral Sciences
2026_Spring_70028,GE III: Social & Behavioral Sciences
2026_Spring_70022,GE III: Social & Behavioral Sciences
2026_Spring_70102,GE Va: Quantitative Literacy
2026_Spring_70100,GE Va: Quantitative Literacy
2026_Spring_70101,GE Va: Quantitative Literacy
2026_Spring_70000,GE III: Social & Behavioral Sciences
2026_Spring_70575,GE Ib: Upper Division Writing
2026_Spring_71501,GE Ib: Upper Division Writing
2026_Spring_70065,GE III: Social & Behavioral Sciences
2026_Spring_70065,GE VIII: International/Global Issues
2026_Spring_50070,GE Ib: Upper Division Writing
2026_Spring_50031,GE Va: Quantitative Literacy
2026_Spring_50033,GE Va: Quantitative Literacy
2026_Spring_50030,GE Va: Quantitative Literacy
2026_Spring_50032,GE Va: Quantitative Literacy
2026_Spring_50185,GE Ib: Upper Division Writing
2026_Spring_50260,GE Ib: Upper Division Writing
2026_Spring_50270,GE Ib: Upper Division Writing
2026_Spring_50250,GE Ib: Upper Division Writing
2026_Spring_50272,GE Ib: Upper Division Writing
2026_Spring_50191,GE Ib: Upper Division Writing
2026_Spring_50190,GE Ib: Upper Division Writing
2026_Spring_50193,GE Ib: Upper Division Writing
2026_Spring_50194,GE Ib: Upper Division Writing
2026_Spring_50192,GE Ib: Upper Division Writing
2026_Spring_50230,GE Ib: Upper Division Writing
2026_Spring_69510,GE Ib: Upper Division Writing
2026_Spring_69550,GE Ib: Upper Division Writing
2026_Spring_69560,GE Ib: Upper Division Writing
2026_Spring_69104,GE III: Social & Behavioral Sciences
2026_Spring_69104,GE VII: Multicultural Studies
2026_Spring_69103,GE III: Social & Behavioral Sciences
2026_Spring_69103,GE VII: Multicultural Studies
2026_Spring_69101,GE III: Social & Behavioral Sciences
2026_Spring_69101,GE VII: Multicultural Studies
2026_Spring_69108,GE III: Social & Behavioral Sciences
2026_Spring_69108,GE VII: Multicultural Studies
2026_Spring_69110,GE III: Social & Behavioral Sciences
2026_Spring_69110,GE VII: Multicultural Studies
2026_Spring_69100,GE III: Social & Behavioral Sciences
2026_Spring_69100,GE VII: Multicultural Studies
2026_Spring_69102,GE III: Social & Behavioral Sciences
2026_Spring_69102,GE VII: Multicultural Studies
2026_Spring_69106,GE III: Social & Behavioral Sciences
2026_Spring_69106,GE VII: Multicultural Studies
2026_Spring_69107,GE III: Social & Behavioral Sciences
2026_Spring_69107,GE VII: Multicultural Studies
2026_Spring_69109,GE III: Social & Behavioral Sciences
2026_Spring_69109,GE VII: Multicultural Studies
2026_Spring_69105,GE III: Social & Behavioral Sciences
2026_Spring_69105,GE VII: Multicultural Studies
2026_Spring_69152,GE Vb: Formal Reasoning
2026_Spring_69157,GE Vb: Formal Reasoning
2026_Spring_69155,GE Vb: Formal Reasoning
2026_Spring_69150,GE Vb: Formal Reasoning
2026_Spring_69156,GE Vb: Formal Reasoning
2026_Spring_69154,GE Vb: Formal Reasoning
2026_Spring_69158,GE Vb: Formal Reasoning
2026_Spring_69151,GE Vb: Formal Reasoning
2026_Spring_69159,GE Vb: Formal Reasoning
2026_Spring_69153,GE Vb: Formal Reasoning
2026_Spring_69570,GE Ib: Upper Division Writing
2026_Spring_69003,GE III: Social & Behavioral Sciences
2026_Spring_69003,GE VII: Multicultural Studies
2026_Spring_69005,GE III: Social & Behavioral Sciences
2026_Spring_69005,GE VII: Multicultural Studies
2026_Spring_69024,GE III: Social & Behavioral Sciences
2026_Spring_69024,GE VII: Multicultural Studies
2026_Spring_69045,GE III: Social & Behavioral Sciences
2026_Spring_69045,GE VII: Multicultural Studies
2026_Spring_69004,GE III: Social & Behavioral Sciences
2026_Spring_69004,GE VII: Multicultural Studies
2026_Spring_69006,GE III: Social & Behavioral Sciences
2026_Spring_69006,GE VII: Multicultural Studies
2026_Spring_69040,GE III: Social & Behavioral Sciences
2026_Spring_69040,GE VII: Multicultural Studies
2026_Spring_69046,GE III: Social & Behavioral Sciences
2026_Spring_69046,GE VII: Multicultural Studies
2026_Spring_69041,GE III: Social & Behavioral Sciences
2026_Spring_69041,GE VII: Multicultural Studies
2026_Spring_69027,GE III: Social & Behavioral Sciences
2026_Spring_69027,GE VII: Multicultural Studies
2026_Spring_69000,GE III: Social & Behavioral Sciences
2026_Spring_69000,GE VII: Multicultural Studies
2026_Spring_69042,GE III: Social & Behavioral Sciences
2026_Spring_69042,GE VII: Multicultural Studies
2026_Spring_69020,GE III: Social & Behavioral Sciences
2026_Spring_69020,GE VII: Multicultural Studies
2026_Spring_69022,GE III: Social & Behavioral Sciences
2026_Spring_69022,GE VII: Multicultural Studies
2026_Spring_69028,GE III: Social & Behavioral Sciences
2026_Spring_69028,GE VII: Multicultural Studies
2026_Spring_69044,GE III: Social & Behavioral Sciences
2026_Spring_69044,GE VII: Multicultural Studies
2026_Spring_69043,GE III: Social & Behavioral Sciences
2026_Spring_69043,GE VII: Multicultural Studies
2026_Spring_69029,GE III: Social & Behavioral Sciences
2026_Spring_69029,GE VII: Multicultural Studies
2026_Spring_69001,GE III: Social & Behavioral Sciences
2026_Spring_69001,GE VII: Multicultural Studies
2026_Spring_69002,GE III: Social & Behavioral Sciences
2026_Spring_69002,GE VII: Multicultural Studies
2026_Spring_69021,GE III: Social & Behavioral Sciences
2026_Spring_69021,GE VII: Multicultural Studies
2026_Spring_69023,GE III: Social & Behavioral Sciences
2026_Spring_69023,GE VII: Multicultural Studies
2026_Spring_69025,GE III: Social & Behavioral Sciences
2026_Spring_69025,GE VII: Multicultural Studies
2026_Spring_69026,GE III: Social & Behavioral Sciences
2026_Spring_69026,GE VII: Multicultural Studies
2026_Spring_69065,GE III: Social & Behavioral Sciences
2026_Spring_69065,GE VIII: International/Global Issues
2026_Spring_69066,GE III: Social & Behavioral Sciences
2026_Spring_69066,GE VIII: International/Global Issues
2026_Spring_69064,GE III: Social & Behavioral Sciences
2026_Spring_69064,GE VIII: International/Global Issues
2026_Spring_69061,GE III: Social & Behavioral Sciences
2026_Spring_69061,GE VIII: International/Global Issues
2026_Spring_69062,GE III: Social & Behavioral Sciences
2026_Spring_69062,GE VIII: International/Global Issues
2026_Spring_69063,GE III: Social & Behavioral Sciences
2026_Spring_69063,GE VIII: International/Global Issues
2026_Spring_69060,GE III: Social & Behavioral Sciences
2026_Spring_69060,GE VIII: International/Global Issues
2026_Spring_31320,GE VIII: International/Global Issues
2026_Spring_31334,GE VIII: International/Global Issues
2026_Spring_31330,GE VIII: International/Global Issues
2026_Spring_31332,GE VIII: International/Global Issues
2026_Spring_31340,GE VII: Multicultural Studies
2026_Spring_31342,GE VII: Multicultural Studies
2026_Spring_31325,GE VIII: International/Global Issues
2026_Spring_31318,GE VI: Language Other Than English
2026_Spring_31312,GE VI: Language Other Than English
2026_Spring_31310,GE VI: Language Other Than English
2026_Spring_31314,GE VI: Language Other Than English
2026_Spring_31319,GE VI: Language Other Than English
2026_Spring_31316,GE VI: Language Other Than English
2026_Spring_37123,GE Va: Quantitative Literacy
2026_Spring_37133,GE Va: Quantitative Literacy
2026_Spring_37124,GE Va: Quantitative Literacy
2026_Spring_37130,GE Va: Quantitative Literacy
2026_Spring_37114,GE Va: Quantitative Literacy
2026_Spring_37112,GE Va: Quantitative Literacy
2026_Spring_37110,GE Va: Quantitative Literacy
2026_Spring_37113,GE Va: Quantitative Literacy
2026_Spring_37121,GE Va: Quantitative Literacy
2026_Spring_37120,GE Va: Quantitative Literacy
2026_Spring_37132,GE Va: Quantitative Literacy
2026_Spring_37131,GE Va: Quantitative Literacy
2026_Spring_37111,GE Va: Quantitative Literacy
2026_Spring_37134,GE Va: Quantitative Literacy
2026_Spring_37122,GE Va: Quantitative Literacy
2026_Spring_37164,GE Va: Quantitative Literacy
2026_Spring_37161,GE Va: Quantitative Literacy
2026_Spring_37162,GE Va: Quantitative Literacy
2026_Spring_37165,GE Va: Quantitative Literacy
2026_Spring_37160,GE Va: Quantitative Literacy
2026_Spring_37100,GE Vb: Formal Reasoning
2026_Spring_37172,GE Va: Quantitative Literacy
2026_Spring_37180,GE Va: Quantitative Literacy
2026_Spring_37190,GE Va: Quantitative Literacy
2026_Spring_37191,GE Va: Quantitative Literacy
2026_Spring_37192,GE Va: Quantitative Literacy
2026_Spring_37171,GE Va: Quantitative Literacy
2026_Spring_37181,GE Va: Quantitative Literacy
2026_Spring_37182,GE Va: Quantitative Literacy
2026_Spring_37170,GE Va: Quantitative Literacy
2026_Spring_87690,GE III: Social & Behavioral Sciences
2026_Spring_87651,GE III: Social & Behavioral Sciences
2026_Spring_87650,GE III: Social & Behavioral Sciences
2026_Spring_87652,GE III: Social & Behavioral Sciences
2026_Spring_87655,GE II: Science and Technology
2026_Spring_53010,GE III: Social & Behavioral Sciences
2026_Spring_53000,GE III: Social & Behavioral Sciences
2026_Spring_53200,GE VII: Multicultural Studies
2026_Spring_32430,GE VIII: International/Global Issues
2026_Spring_32410,GE VI: Language Other Than English
2026_Spring_33162,GE Ia: Lower Division Writing
2026_Spring_33163,GE Ia: Lower Division Writing
2026_Spring_33158,GE Ia: Lower Division Writing
2026_Spring_33164,GE Ia: Lower Division Writing
2026_Spring_33185,GE Ia: Lower Division Writing
2026_Spring_33178,GE Ia: Lower Division Writing
2026_Spring_33157,GE Ia: Lower Division Writing
2026_Spring_33167,GE Ia: Lower Division Writing
2026_Spring_33182,GE Ia: Lower Division Writing
2026_Spring_33184,GE Ia: Lower Division Writing
2026_Spring_33175,GE Ia: Lower Division Writing
2026_Spring_33181,GE Ia: Lower Division Writing
2026_Spring_33165,GE Ia: Lower Division Writing
2026_Spring_33160,GE Ia: Lower Division Writing
2026_Spring_33159,GE Ia: Lower Division Writing
2026_Spring_33180,GE Ia: Lower Division Writing
2026_Spring_33161,GE Ia: Lower Division Writing
2026_Spring_33172,GE Ia: Lower Division Writing
2026_Spring_33173,GE Ia: Lower Division Writing
2026_Spring_33170,GE Ia: Lower Division Writing
2026_Spring_33171,GE Ia: Lower Division Writing
2026_Spring_33174,GE Ia: Lower Division Writing
2026_Spring_33176,GE Ia: Lower Division Writing
2026_Spring_33179,GE Ia: Lower Division Writing
2026_Spring_33183,GE Ia: Lower Division Writing
2026_Spring_33177,GE Ia: Lower Division Writing
2026_Spring_33168,GE Ia: Lower Division Writing
2026_Spring_33166,GE Ia: Lower Division Writing
2026_Spring_33156,GE Ia: Lower Division Writing
2026_Spring_33169,GE Ia: Lower Division Writing
2026_Spring_33465,GE Ib: Upper Division Writing
2026_Spring_33055,GE Ia: Lower Division Writing
2026_Spring_33060,GE Ia: Lower Division Writing
2026_Spring_33050,GE Ia: Lower Division Writing
2026_Spring_33045,GE Ia: Lower Division Writing
2026_Spring_33040,GE Ia: Lower Division Writing
2026_Spring_33241,GE Ia: Lower Division Writing
2026_Spring_33234,GE Ia: Lower Division Writing
2026_Spring_33266,GE Ia: Lower Division Writing
2026_Spring_33275,GE Ia: Lower Division Writing
2026_Spring_33270,GE Ia: Lower Division Writing
2026_Spring_33273,GE Ia: Lower Division Writing
2026_Spring_33202,GE Ia: Lower Division Writing
2026_Spring_33250,GE Ia: Lower Division Writing
2026_Spring_33255,GE Ia: Lower Division Writing
2026_Spring_33237,GE Ia: Lower Division Writing
2026_Spring_33246,GE Ia: Lower Division Writing
2026_Spring_33242,GE Ia: Lower Division Writing
2026_Spring_33286,GE Ia: Lower Division Writing
2026_Spring_33223,GE Ia: Lower Division Writing
2026_Spring_33277,GE Ia: Lower Division Writing
2026_Spring_33284,GE Ia: Lower Division Writing
2026_Spring_33207,GE Ia: Lower Division Writing
2026_Spring_33213,GE Ia: Lower Division Writing
2026_Spring_33269,GE Ia: Lower Division Writing
2026_Spring_33204,GE Ia: Lower Division Writing
2026_Spring_33220,GE Ia: Lower Division Writing
2026_Spring_33216,GE Ia: Lower Division Writing
2026_Spring_33203,GE Ia: Lower Division Writing
2026_Spring_33221,GE Ia: Lower Division Writing
2026_Spring_33228,GE Ia: Lower Division Writing
2026_Spring_33259,GE Ia: Lower Division Writing
2026_Spring_33225,GE Ia: Lower Division Writing
2026_Spring_33285,GE Ia: Lower Division Writing
2026_Spring_33214,GE Ia: Lower Division Writing
2026_Spring_33230,GE Ia: Lower Division Writing
2026_Spring_33231,GE Ia: Lower Division Writing
2026_Spring_33260,GE Ia: Lower Division Writing
2026_Spring_33279,GE Ia: Lower Division Writing
2026_Spring_33264,GE Ia: Lower Division Writing
2026_Spring_33215,GE Ia: Lower Division Writing
2026_Spring_33227,GE Ia: Lower Division Writing
2026_Spring_33218,GE Ia: Lower Division Writing
2026_Spring_33276,GE Ia: Lower Division Writing
2026_Spring_33280,GE Ia: Lower Division Writing
2026_Spring_33282,GE Ia: Lower Division Writing
2026_Spring_33283,GE Ia: Lower Division Writing
2026_Spring_33224,GE Ia: Lower Division Writing
2026_Spring_33267,GE Ia: Lower Division Writing
2026_Spring_33208,GE Ia: Lower Division Writing
2026_Spring_33217,GE Ia: Lower Division Writing
2026_Spring_33238,GE Ia: Lower Division Writing
2026_Spring_33239,GE Ia: Lower Division Writing
2026_Spring_33254,GE Ia: Lower Division Writing
2026_Spring_33281,GE Ia: Lower Division Writing
2026_Spring_33274,GE Ia: Lower Division Writing
2026_Spring_33206,GE Ia: Lower Division Writing
2026_Spring_33211,GE Ia: Lower Division Writing
2026_Spring_33212,GE Ia: Lower Division Writing
2026_Spring_33253,GE Ia: Lower Division Writing
2026_Spring_33256,GE Ia: Lower Division Writing
2026_Spring_33244,GE Ia: Lower Division Writing
2026_Spring_33245,GE Ia: Lower Division Writing
2026_Spring_33247,GE Ia: Lower Division Writing
2026_Spring_33249,GE Ia: Lower Division Writing
2026_Spring_33258,GE Ia: Lower Division Writing
2026_Spring_33261,GE Ia: Lower Division Writing
2026_Spring_33243,GE Ia: Lower Division Writing
2026_Spring_33201,GE Ia: Lower Division Writing
2026_Spring_33205,GE Ia: Lower Division Writing
2026_Spring_33209,GE Ia: Lower Division Writing
2026_Spring_33219,GE Ia: Lower Division Writing
2026_Spring_33226,GE Ia: Lower Division Writing
2026_Spring_33229,GE Ia: Lower Division Writing
2026_Spring_33278,GE Ia: Lower Division Writing
2026_Spring_33262,GE Ia: Lower Division Writing
2026_Spring_33263,GE Ia: Lower Division Writing
2026_Spring_33268,GE Ia: Lower Division Writing
2026_Spring_33251,GE Ia: Lower Division Writing
2026_Spring_33257,GE Ia: Lower Division Writing
2026_Spring_33265,GE Ia: Lower Division Writing
2026_Spring_33232,GE Ia: Lower Division Writing
2026_Spring_33233,GE Ia: Lower Division Writing
2026_Spring_33240,GE Ia: Lower Division Writing
2026_Spring_33252,GE Ia: Lower Division Writing
2026_Spring_33222,GE Ia: Lower Division Writing
2026_Spring_33210,GE Ia: Lower Division Writing
2026_Spring_33248,GE Ia: Lower Division Writing
2026_Spring_33271,GE Ia: Lower Division Writing
2026_Spring_33272,GE Ia: Lower Division Writing
2026_Spring_33460,GE Ib: Upper Division Writing
2026_Spring_33400,GE Ia: Lower Division Writing
2026_Spring_33352,GE Ia: Lower Division Writing
2026_Spring_33336,GE Ia: Lower Division Writing
2026_Spring_33430,GE Ia: Lower Division Writing
2026_Spring_33431,GE Ia: Lower Division Writing
2026_Spring_33438,GE Ia: Lower Division Writing
2026_Spring_33377,GE Ia: Lower Division Writing
2026_Spring_33355,GE Ia: Lower Division Writing
2026_Spring_33389,GE Ia: Lower Division Writing
2026_Spring_33432,GE Ia: Lower Division Writing
2026_Spring_33305,GE Ia: Lower Division Writing
2026_Spring_33324,GE Ia: Lower Division Writing
2026_Spring_33338,GE Ia: Lower Division Writing
2026_Spring_33339,GE Ia: Lower Division Writing
2026_Spring_33342,GE Ia: Lower Division Writing
2026_Spring_33369,GE Ia: Lower Division Writing
2026_Spring_33394,GE Ia: Lower Division Writing
2026_Spring_33396,GE Ia: Lower Division Writing
2026_Spring_33399,GE Ia: Lower Division Writing
2026_Spring_33410,GE Ia: Lower Division Writing
2026_Spring_33378,GE Ia: Lower Division Writing
2026_Spring_33379,GE Ia: Lower Division Writing
2026_Spring_33435,GE Ia: Lower Division Writing
2026_Spring_33335,GE Ia: Lower Division Writing
2026_Spring_33322,GE Ia: Lower Division Writing
2026_Spring_33328,GE Ia: Lower Division Writing
2026_Spring_33344,GE Ia: Lower Division Writing
2026_Spring_33332,GE Ia: Lower Division Writing
2026_Spring_33381,GE Ia: Lower Division Writing
2026_Spring_33315,GE Ia: Lower Division Writing
2026_Spring_33334,GE Ia: Lower Division Writing
2026_Spring_33418,GE Ia: Lower Division Writing
2026_Spring_33407,GE Ia: Lower Division Writing
2026_Spring_33415,GE Ia: Lower Division Writing
2026_Spring_33401,GE Ia: Lower Division Writing
2026_Spring_33405,GE Ia: Lower Division Writing
2026_Spring_33426,GE Ia: Lower Division Writing
2026_Spring_33314,GE Ia: Lower Division Writing
2026_Spring_33439,GE Ia: Lower Division Writing
2026_Spring_33333,GE Ia: Lower Division Writing
2026_Spring_33374,GE Ia: Lower Division Writing
2026_Spring_33386,GE Ia: Lower Division Writing
2026_Spring_33340,GE Ia: Lower Division Writing
2026_Spring_33368,GE Ia: Lower Division Writing
2026_Spring_33380,GE Ia: Lower Division Writing
2026_Spring_33433,GE Ia: Lower Division Writing
2026_Spring_33308,GE Ia: Lower Division Writing
2026_Spring_33346,GE Ia: Lower Division Writing
2026_Spring_33347,GE Ia: Lower Division Writing
2026_Spring_33351,GE Ia: Lower Division Writing
2026_Spring_33360,GE Ia: Lower Division Writing
2026_Spring_33372,GE Ia: Lower Division Writing
2026_Spring_33375,GE Ia: Lower Division Writing
2026_Spring_33406,GE Ia: Lower Division Writing
2026_Spring_33421,GE Ia: Lower Division Writing
2026_Spring_33422,GE Ia: Lower Division Writing
2026_Spring_33423,GE Ia: Lower Division Writing
2026_Spring_33330,GE Ia: Lower Division Writing
2026_Spring_33345,GE Ia: Lower Division Writing
2026_Spring_33367,GE Ia: Lower Division Writing
2026_Spring_33303,GE Ia: Lower Division Writing
2026_Spring_33376,GE Ia: Lower Division Writing
2026_Spring_33403,GE Ia: Lower Division Writing
2026_Spring_33416,GE Ia: Lower Division Writing
2026_Spring_33309,GE Ia: Lower Division Writing
2026_Spring_33414,GE Ia: Lower Division Writing
2026_Spring_33371,GE Ia: Lower Division Writing
2026_Spring_33382,GE Ia: Lower Division Writing
2026_Spring_33388,GE Ia: Lower Division Writing
2026_Spring_33320,GE Ia: Lower Division Writing
2026_Spring_33319,GE Ia: Lower Division Writing
2026_Spring_33409,GE Ia: Lower Division Writing
2026_Spring_33354,GE Ia: Lower Division Writing
2026_Spring_33353,GE Ia: Lower Division Writing
2026_Spring_33436,GE Ia: Lower Division Writing
2026_Spring_33437,GE Ia: Lower Division Writing
2026_Spring_33356,GE Ia: Lower Division Writing
2026_Spring_33357,GE Ia: Lower Division Writing
2026_Spring_33361,GE Ia: Lower Division Writing
2026_Spring_33362,GE Ia: Lower Division Writing
2026_Spring_33383,GE Ia: Lower Division Writing
2026_Spring_33392,GE Ia: Lower Division Writing
2026_Spring_33384,GE Ia: Lower Division Writing
2026_Spring_33363,GE Ia: Lower Division Writing
2026_Spring_33412,GE Ia: Lower Division Writing
2026_Spring_33427,GE Ia: Lower Division Writing
2026_Spring_33428,GE Ia: Lower Division Writing
2026_Spring_33391,GE Ia: Lower Division Writing
2026_Spring_33395,GE Ia: Lower Division Writing
2026_Spring_33397,GE Ia: Lower Division Writing
2026_Spring_33398,GE Ia: Lower Division Writing
2026_Spring_33313,GE Ia: Lower Division Writing
2026_Spring_33316,GE Ia: Lower Division Writing
2026_Spring_33318,GE Ia: Lower Division Writing
2026_Spring_33321,GE Ia: Lower Division Writing
2026_Spring_33323,GE Ia: Lower Division Writing
2026_Spring_33337,GE Ia: Lower Division Writing
2026_Spring_33348,GE Ia: Lower Division Writing
2026_Spring_33301,GE Ia: Lower Division Writing
2026_Spring_33302,GE Ia: Lower Division Writing
2026_Spring_33306,GE Ia: Lower Division Writing
2026_Spring_33317,GE Ia: Lower Division Writing
2026_Spring_33311,GE Ia: Lower Division Writing
2026_Spring_33312,GE Ia: Lower Division Writing
2026_Spring_33327,GE Ia: Lower Division Writing
2026_Spring_33343,GE Ia: Lower Division Writing
2026_Spring_33411,GE Ia: Lower Division Writing
2026_Spring_33413,GE Ia: Lower Division Writing
2026_Spring_33402,GE Ia: Lower Division Writing
2026_Spring_33419,GE Ia: Lower Division Writing
2026_Spring_33393,GE Ia: Lower Division Writing
2026_Spring_33404,GE Ia: Lower Division Writing
2026_Spring_33417,GE Ia: Lower Division Writing
2026_Spring_33434,GE Ia: Lower Division Writing
2026_Spring_33420,GE Ia: Lower Division Writing
2026_Spring_33326,GE Ia: Lower Division Writing
2026_Spring_33329,GE Ia: Lower Division Writing
2026_Spring_33331,GE Ia: Lower Division Writing
2026_Spring_33341,GE Ia: Lower Division Writing
2026_Spring_33304,GE Ia: Lower Division Writing
2026_Spring_33307,GE Ia: Lower Division Writing
2026_Spring_33310,GE Ia: Lower Division Writing
2026_Spring_33325,GE Ia: Lower Division Writing
2026_Spring_33364,GE Ia: Lower Division Writing
2026_Spring_33365,GE Ia: Lower Division Writing
2026_Spring_33370,GE Ia: Lower Division Writing
2026_Spring_33350,GE Ia: Lower Division Writing
2026_Spring_33358,GE Ia: Lower Division Writing
2026_Spring_33349,GE Ia: Lower Division Writing
2026_Spring_33373,GE Ia: Lower Division Writing
2026_Spring_33390,GE Ia: Lower Division Writing
2026_Spring_33408,GE Ia: Lower Division Writing
2026_Spring_33425,GE Ia: Lower Division Writing
2026_Spring_33429,GE Ia: Lower Division Writing
2026_Spring_33366,GE Ia: Lower Division Writing
2026_Spring_33387,GE Ia: Lower Division Writing
2026_Spring_33424,GE Ia: Lower Division Writing
2026_Spring_33385,GE Ia: Lower Division Writing
2026_Spring_33359,GE Ia: Lower Division Writing
2026_Spring_33015,GE Ia: Lower Division Writing
2026_Spring_33010,GE Ia: Lower Division Writing
2026_Spring_33025,GE Ia: Lower Division Writing
2026_Spring_33020,GE Ia: Lower Division Writing
