legacyId,firstName,lastName,department,avgRating,avgDifficulty,numRatings,wouldTakeAgainPercent
168167,Susan,King,Chemistry,4,3.8,317,68.9922
1029235,Nancy,Aguilar-Roca,Biological Sciences,4.2,2.8,185,82.3129
1480671,Benjamin,Mis,Psychology,4.1,3,73,69.4915
824972,Matthew,McHenry,Biological Sciences,3.4,3.8,71,59.0909
567442,Elizabeth,Allen,English,2.9,3.6,44,57.1429
2045913,J. B.,Manchak,Logic  Philosophy,5,1.6,38,100
1407879,Ricardo,Matthews,Writing,3.1,3.5,36,44
2120555,Jennifer,Geraci,Writing,4.3,2.4,29,85.1852
3125604,Tom,Stoiber,Mathematics,2.8,3.2,23,52.1739
3077781,Katelyn,Sullivan,Biology,3.3,3.6,22,45.4545
2534002,Penghui,Cao,Materials Engineering,3.6,2.2,18,77.7778
3020149,Yanning ,Shen,Electrical Engineering,3.5,3.7,6,66.6667
1785713,Pavan,Kadandale,Biological Sciences,2.9,4.2,370,39.0756
2122575,Amanda,Holton,Chemistry,3.3,3.5,243,64.3154
2109884,Luke,Smith,Mathematics,4.5,2.8,106,89
331731,Kevin,Olson,Political Science,3.8,3.3,85,55.5556
90406,Andre,Van Der Hoek,Computer Science,2.5,4,74,23.5294
2552471,Asaf,Ferber,Mathematics,3.1,3.5,62,53.2258
2976638,Pablo ,Torres,Sociology,5,1.4,5,100
3166919,Ryan,Keeley,Physics & Astronomy,0,0,0,-1
162907,Kimberly Diane,Edwards,Chemistry,1.7,4.3,564,7.839
1106396,Charles,Smith,Political Science,4.4,2.1,69,100
2229800,James (Jim),Jones,Informatics,4.6,1.8,49,91.6667
2267298,Matthew,Inlay,Biological Sciences,4.9,2.4,24,100
3068128,Shih-Kai,Chiu,Mathematics,3,2.9,23,52.1739
2323358,Amber,Clontz,Writing,3.5,3.6,23,60.8696
2913035,Steve,Bilakovics,Political Science,3.4,3.3,9,55.5556
2968026,Becky,King,Writing,4.4,2.6,9,88.8889
17490,Ray,Klefstad,Computer Science,2.6,3.9,319,38.2353
2096486,Hamed,Youssefpour,Mathematics,4.6,3.2,271,91.3534
1994628,Daniel,Siakel,Humanities,4.8,3.5,104,94.1176
1112713,Miles,Corwin,Journalism,4.6,2.9,37,80
410240,Rufus,Edwards,Health Science,3.2,3.5,36,45
1500661,Adam,Martiny,Earth Science,3,3.5,22,36.3636
810048,Catherine,Liu,Film,3.8,2.5,16,85.7143
2709783,Jing,Zhang,Computer Science,4.7,2.1,12,100
966014,Rossella,Santagata,Education,3.9,2,11,100
2111075,Jennifer,Prescher,Chemistry,3.8,3.4,10,75
2805621,Amanda,Geller,"Criminology, Law & Society",2.6,3.5,8,50
2986114,Lori ,Digal,Chemistry,2.4,4,5,40
3084203,Anna,Leshinskaya,Social Science,3,3,1,100
3181536,Xiaokang,Wang,Mathematics,0,0,0,-1
3055094,Anastasia,Berg,Philosophy,0,0,0,-1
1510518,George,Sarraf,Economics,3.8,2.7,155,70.3704
325626,Ian,Harris,Engineering,2.7,3.7,72,32.2034
2242739,Jianming,Bian,Physics  Astronomy,4,2.1,61,83.6066
967006,Suzanne,Blum,Chemistry,3.9,3.1,53,72.2222
2893263,Dequina,Nicholas,Biology,2.8,3.8,38,44.7368
240643,Scott A.,Jordan,Engineering,2.1,4.8,35,8.3333
1103764,David,Timberlake,Health Science,3.5,3.2,35,30.7692
266399,Etel,Solingen,Political Science,2.5,2.7,21,55.5556
2907153,Travis,Wiles,Biology,5,2.1,17,100
1411074,Erika,Hayasaki,Journalism,4,3,10,42.8571
3108074,Jeffrey,Swindle,Criminal Justice,5,2.8,4,100
1907411,Shannon,Alfaro,Computer Science,2.1,4,483,29.5806
238223,Arnold,Guerra,Physics,4.4,3.1,259,90.3226
215117,Stephen,Bach,Political Science,4.2,3.8,157,71.0526
956017,Neil,Donaldson,Mathematics,3.7,3.7,149,71.831
1999159,Laura,Tucker,Physics  Astronomy,2.4,4,143,40.2174
2476036,Joe,Patterson,Chemistry,4.1,3.4,93,80.6452
2344352,Danhua,Wang,Mathematics,2.9,3.4,72,43.0556
2466852,Juan Pedro,Ochoa Ricoux,Physics & Astronomy,4.9,3,65,98.4615
2555271,Katherine,Thompson-Peer,Biological Sciences,3.3,3.6,62,53.2258
2841933,Joshua,Lieber,Mathematics,4.3,2.4,43,86.0465
1215058,Lyle,Massey,Art History,3.5,3.2,36,60
938966,Jay,Jayakrishnan,Civil Engineering,2,3.7,33,5.8824
2548950,Wilson,Ho,Physics amp Astronomy,1.9,4.2,30,16.6667
2824025,Mathew,Griffin,Chemistry,4.6,3.1,29,89.6552
534124,David,Reinkensmeyer,Engineering,4,3,28,75
2380063,Richard,Snyder,Humanities,3.7,2.9,27,62.963
2990345,Pavlos,Kalantzopoulos,Mathematics,4.2,2.8,25,80
2534986,Javier,Sanchez-Yamagishi,Physical Education,4.6,2.8,25,96
3160928,Aaron,Kennon,Mathematics,3.1,2.8,22,59.0909
1556826,James,Weatherall,Logic & Philosophy,3.5,2.3,16,78.5714
2507257,Tingting,Nian,Business,3.2,3,5,80
3108843,Wenzhou,Zhou,Statistics,0,0,0,-1
2069450,Elizabeth,Crook,Earth Science,3.7,3.6,117,62.8319
2150732,Andrew,Highsmith,History,4.6,2.5,19,94.7368
2573137,Fernando,Rodriguez,Education,4.1,2,34,82.3529
1049985,Oladele,Ogunseitan,Health Science,2.1,3,30,22.2222
2265584,Julia,Lee,Asian American Studies,4.2,2.9,12,66.6667
2564156,Osman,Umarji,Education,4.4,1.9,11,81.8182
2264954,Neil,Young,Education,2.4,3.2,63,30.1587
808601,Paul,Gershon,Biological Sciences,2.6,3.8,39,29.4118
2622955,Sholeh,Wolpeacute,Communication,0,0,0,-1
85515,Ramesh D.,Arasasingham,Chemistry,3.7,3.6,915,76.7123
136521,Paul,Shirey,Social Science,2.8,3.5,479,33.9844
2291764,Irene,Gassko,Computer Science,1.9,3.7,444,25.2252
2085786,Sofia,Fernandes Franco,Economics,1.7,4.3,153,17.1053
2664112,James,Brody,Biomedical,4.9,1.2,72,100
2346955,Drew,Bailey,Education,3.5,2.5,19,57.8947
1138232,Renee,Link,Chemistry,2.6,4,295,36.803
2205898,Jing,Xia,Physics  Astronomy,2.2,3.6,90,32.2222
1779368,Kurt,Buhanan,English As A Second Language,3.8,3,32,68.1818
2087942,David,Fedman ,History,4.3,2.6,11,71.4286
2628118,Seunghyun,Sim,Chemistry,2.9,3.9,67,47.7612
2369780,Karna,Wong,Social Ecology Administration,2.6,3.2,65,33.8462
2988382,Shirley,Li,Physics & Astronomy,2,4.2,46,17.3913
2097908,Julie,Schulte,Writing,4.8,2.7,39,100
2115926,Aziz,Qureshi,Humanities,3.4,3.3,27,56
1726700,Tesha,Sengupta-Irving,Education,4.9,1.9,17,100
2948058,Christopher,Harris,Political Science,1.7,3.1,9,11.1111
3159318,Kai-Wei,Zhao,Mathematics,4,2.6,8,87.5
1885969,Gerardo,Okhuysen,Business,5,3,1,100
1505271,Natalia,Chernyshoff,Economics,2.7,3.8,191,43.5583
2981900,Claudia,Lavenant,Criminal Justice,3.4,2.1,97,61.8557
2857920,David ,Branscome,Classics,4.7,1.9,22,90.9091
2913254,mohammad,moshirpour,Computer Science,3.4,3.7,20,60
2700871,Shoshanna,Lande,English,4.8,2.6,14,100
3105300,Kailen,Mooney,Ecology & Evolutionary Biology,0,0,0,-1
136129,Rachel Cohen,Lehman,Mathematics,3.5,3.2,467,40.249
2657764,Jess,Gillespie,Informatics,4.3,1.9,16,87.5
2335149,Ben,Lourie,Accounting,3.3,3.1,8,62.5
995142,Aditi,Majumder,Computer Science,1.7,4.5,19,30
966594,Farzin,Zareian,Civil Engineering,2.6,4.5,65,17.2414
2462015,Dorothy,Huang,Chemistry,2.6,4.1,54,44.4444
147134,Charles,Zender,Science,2.5,3.7,47,50
1992454,Yilin,Hu,Biological Sciences,2.6,3.1,22,26.6667
822785,David,Neumark,Economics,4,4.3,19,60
773230,Horacio,Legras,Humanities,4.4,1.8,17,84.6154
917380,Daniel,Brunstetter,Political Science,4.5,2.8,16,66.6667
186081,Chrisy,Moutsatsos,Anthropology,3.4,2.6,14,50
2438422,Qian,Du,Writing,4.2,2.8,5,80
3079051,AUSTIN,ATTAWAY,Psychology,4.8,2.4,5,100
2527460,Beth,Lopour,Engineering,4.3,2.8,4,100
3162609,Lucas ,Wang,Informatics,0,0,0,-1
55659,Ruqian,Wu,Physics,2.7,3.4,131,30
3015290,Laszlo,Bardoczi,Physics & Astronomy,3.4,4,88,63.6364
507324,Elizabeth,Cauffman,Psychology,3.7,4.4,85,46.3415
2881963,Huoling,Xin,Physics & Astronomy,3.4,2.9,28,64.2857
2353246,Simone,Chambers,Political Science,4,3.3,25,76.9231
1963822,Elizabeth,Greeban,Education,4.2,1.7,18,76.4706
2603924,Ming,Leung,Management,4.3,2.3,16,75
3083661,Brett ,Walker ,Earth Science,3,4.5,2,50
574059,Jayne,Lewis,English,4.5,2.7,39,82.3529
2662848,Alexandra,Voloshina,Mechanical Engineering,3.5,3,17,58.8235
2728489,Rasul,Miller,History,3.4,3.6,11,54.5455
3118534,Bahram,Farahmand,Materials Engineering,2,3,1,0
135077,Joe,McKenna,History,4.3,2.5,96,78.9474
815087,Rui (Ray),Luo,Biological Sciences,2.1,3.1,53,52.1739
166888,Eiko,Sithiamnuai,Languages,4.9,2.6,37,100
2948055,Elizabeth,Davies,Political Science,4.1,2.1,12,76.9231
2659116,Valentina,Montero Roman,English,5,2.3,6,100
743884,Michel,Gervais,Dance,3.7,3,6,50
3127272,Sergii,Glebov,Political Science,4,3,1,50
2469892,Jeff,Rouder,Cognitive Science,2.2,3.8,59,30.5085
1663153,Jeff,Streets,Mathematics,2.4,4,42,33.3333
2780871,Matthew,Goldman,Writing,5,1.8,27,100
3043790,Maxime,Bey-Rozet,Film,5,1,2,66.6667
13200,Alex,Thornton,Computer Science,4.2,3.7,385,80.0738
2409085,Jennifer,Wong-Ma,Computer Science,3.2,4.4,289,55.1724
2987203,Nadia,Ahmed,Computer Science,1.6,4.6,148,14.094
2961744,Thomas,Yeh,Computer Science,2.2,3.8,125,34.9206
1577646,Jasper,Vrugt,Engineering,1.9,4.5,79,17.5676
2465621,Elizabeth,Bess,Chemistry,3.9,3.9,64,73.8462
2670305,Shane,Gonen,Biochemistry,2.9,3.9,62,44.4444
3104527,Linden,Reid,Information Science,5,2,2,100
931396,Michael,Dessen,Music,3.7,2,27,58.8235
59341,Michael,Dillencourt,Computer Science,3.1,3.3,128,65.7534
2118812,Xiangwen,Zhang,Mathematics,3,3.9,50,44.6809
2603987,Roberto,Tinoco,Biological Sciences,3.2,3.6,45,53.3333
542672,Omaima,Zayed,Humanities,4.1,2.5,24,66.6667
1626431,Jose,Ranz,Biological Sciences,2.4,3.5,13,11.1111
2982433,seungyeon,jung,History,1.6,3.7,7,14.2857
2077248,Tagert,Ellis,Writing,4.2,3.4,84,76.3889
2351286,Corina,Espinoza,Social Science,1.7,4,54,16.3636
3145793,Laura,Enriquez,Social Science,2,3,1,0
2417593,Shu,Farmer,Public Health,3,3.2,94,53.6842
1554194,Andrew,Noymer,Social Science,3,2.6,22,47.0588
2701377,Dewayne,Williams,Psychology & Social Behavior,4.3,2.1,16,76.4706
2599885,Gyorgi,Lur,Biological Sciences,3.5,3.8,12,69.2308
3105974,Brenda,Nicolas,International Studies,1.7,3.4,7,12.5
3023489,Steven,Nguyen,Chemistry,2.1,4.7,66,25.7576
287787,Elizabeth F.,Loftus,Psychology,2.8,3.2,15,20
1883914,Virginia,Jackson,English,4.6,2.1,18,92.3077
2084332,Jenny,Rinehart,Psychology  Social Behavior,4,2.9,106,78
2518683,Rachael,Barry,Biological Sciences,2.8,4.1,83,41.6667
2266119,Ann Marie,Carlton,Chemistry,2.8,3.5,56,36.8421
1037311,Rachel,Cohen Lehman,Mathematics,1.8,3.9,47,12.766
2574123,Toby,Meadows,Logic & Philosophy,4.4,2.6,25,84.6154
3125962,Iris,Emilsdottir,Mathematics,4.6,2.4,20,90.4762
3107116,Austin,Attaway,Social Science,5,2.6,18,100
877733,Machiavelli,Chao,Management,2.9,4.2,221,34.5029
291912,Simon A.,Cole,Criminal Justice,3,3.4,91,52.381
1966037,Viet,Vu,Education,3.3,3.3,59,57.4074
2658934,Jessica,Oviatt,Education,4.2,2.6,32,84.8485
2266063,Devin,Shanthikumar,Management,4.5,3.2,27,85.7143
2946969,Michael,Ratz,Physics & Astronomy,3.4,3.4,9,44.4444
3154278,Crystal,Robertson,Political Science,5,3,1,50
3080872,Mukul,Kumar,"Planning, Policy & Design",0,0,0,0
1538926,Brian,Sato,Biological Sciences,3,3.9,107,47.3684
362008,Kamal,Sadiq,Political Science,4.1,2.8,57,76.3158
2467061,Samantha,Vortherms,Political Science,3.6,3.7,25,57.6923
3072531,Bobak,Pezeshki,Computer Science,2,3,1,50
106654,Nien-hui,Ge,Chemistry,2.4,3.7,279,38.7324
1125623,Neerja,Aggarwal,Economics,4.3,2.7,171,88.4058
2995061,Julian,Rimoli,Engineering,4,3.3,6,71.4286
50629,James,Egan,Anthropology,4,3.1,432,59.8765
2265586,David,Armstrong,Statistics,4.6,2.7,182,88.5246
972464,Anyes,Taffard,Physics,1.4,4.5,149,5.2632
2542151,Roberto,Pelayo,Mathematics,3.9,3.6,42,69.0476
2541658,Hongwei,Gao,Mathematics,3.7,3.6,27,67.8571
2966277,Michelle,Digman,Biomedical,1,5,2,33.3333
2677824,Reginald,McNulty,Biological Sciences,2.9,3.3,59,45
2370389,Sharareh,Frouzesh,Humanities,4.8,2.8,22,90.9091
2544895,James,Emerson,Biology,3.2,3,42,47.619
2042051,Scott,Lerner,Writing,4.7,2.6,27,89.2857
1223210,Deborah,Letourneau,Management,2.5,3.3,52,26.5306
2946053,zuguang,gao,Business,3.4,3.6,11,45.4545
88419,Laura,Kang,Humanities,2.4,3.3,55,40.9091
86513,Pamela,Kelley,Political Science,4.2,3.1,29,72.7273
2682115,Liz,Glynn,Art,2.5,3.2,6,16.6667
362000,Nalini,Venkatasubramanian,Computer Science,3.5,2.8,21,64.7059
2428405,Yun,Wang,Mechanical Engineering,2,3.6,18,22.2222
3084257,Sri,McCall,English,5,2.8,4,100
2577412,Iryna,Zenyuk,Chemical Engineering,4.7,3.3,3,100
424706,Jim,Brody,Engineering,3.9,2.1,82,86.5672
1887284,Mhshid,Fardadi,Mechanical Engineering,2.7,3.9,21,37.5
2599869,Katherine,Rhodes,Education,3.8,3,12,75
3083636,Hosun,Kang,Education,5,3,2,100
2482810,Christopher,Fan,English,3.6,3,11,72.7273
3018767,J. Kameron ,Carter ,African-American Studies,3.1,2.9,10,40
86506,Mark,Petracca,Political Science,2.9,3.5,122,66.6667
1977824,Kelli,Sharp,Dance,4.2,2.4,17,76.9231
3072837,Arcelia,Gutiérrez,Film,5,2,1,100
2349003,Sergio,Gago-Masague,Computer Science,4.2,3.3,70,85.7143
359723,Jonathan Brook,Haley,Humanities,4.5,3.3,44,85.7143
54218,Ali R.,Kavianpour,Engineering,3.7,3,105,55.102
2805356,Sule,Guney,Psychology & Social Behavior,4.2,2.7,67,86.5672
2668888,Nicola,Ulibarri,Urban Planning,4.4,1.7,32,87.5
3083963,Laceé ,Pappas,"Criminology, Law & Society",3.5,3.6,22,59.0909
2968120,Lorne,Platt,Urban Planning,4.5,2,21,95.2381
2178694,Teresa,Dalton,Psychology  Social Behavior,2.5,3,15,53.3333
2360880,Margherita,Long,Humanities,3.4,3,5,60
1771919,Teresa,Dalton,Criminal Justice,3.3,2.6,183,51.0638
1103719,Celia,Goulding,Biological Sciences,3.1,3.4,50,50
1805975,Saewung,Kim,Earth Science,3.3,2.9,34,55.5556
2290557,Joan,Malczewski,History,3.4,3.4,12,66.6667
831956,John,Hagedorn,Psychology,4.7,1.7,297,94.6429
1862251,Brian,Jenkins,Economics,3.9,2.7,88,65.9574
518538,Edriss,Titi,Mathematics,2.8,4,53,0
2238321,Philip,Broadbent,Humanities,5,2.3,33,100
2397981,Celia,Faiola,Biological Sciences,3.4,3,27,61.5385
2090979,William,Dewan,Anthropology,4.9,2,26,100
2636256,David,Copp,Mechanical Engineering,4.7,3.1,20,95
2891996,Noah ,Askin,Business,4.2,3.4,9,77.7778
2979241,David ,Colmenares ,Comparative Literature,3.4,2.6,5,60
1078750,Stephanie,McEwan,Psychology,5,3,636,99.3789
601875,William,Branch,Economics,3.1,2.9,164,62.5
1938455,Heidi,Hardt,Political Science,3.6,2.9,32,76
549738,Yong,Chen,Asian Studies,3.2,2.6,20,33.3333
2611959,Jacob,Seward Varela,Biochemistry,4.3,3.4,14,85.7143
1277500,Jun,Wu,Public Health,3,3.3,12,80
3147275,Claudio,Parra,Computer Science,3.4,4,10,50
3080594,Mukul,Kumar,Urban Planning,3.6,1.3,7,85.7143
2983236,Miguel,Zerecero,Economics,2.9,4,8,50
83628,A. J.,Shaka,Science,3.3,3.6,255,55.9441
2704760,Christopher,Zoeller,Sociology,4.1,2.3,33,81.8182
1494080,Mona,Lynch,Criminal Justice,3.9,1.8,10,83.3333
2295125,Emily,Penner,Education,5,2,3,100
3050305,Mirian,Martinez-Aranda,Sociology,3.5,2.5,2,50
2575639,Jacob,Varela,Biochemistry,4.9,3,114,98.2456
576999,Claire J,Kim,Asian Studies,3.7,2.4,72,67.9245
145064,Faryar,Jabbari,Engineering,3.3,3.7,64,41.1765
848175,Daniel,Mumm,Materials Engineering,2,4.1,62,5.1282
2000692,Dave,Dimas,Mechanical Engineering,2.8,3.4,37,40
2223956,Kalev,Kask,Computer Science,3.4,3.1,34,64.7059
2779080,Xian,Shi,Mechanical Engineering,4.8,3.9,21,95.2381
2573856,Stephan,Mandt,Computer Science,4.2,3.4,19,84.2105
2115462,Jeffrey,Helmreich,Philosophy,4.1,2.9,15,71.4286
2676241,Camilo,Cuervo,Mechanical Engineering,4,2.9,8,75
253405,Nancy,Burley,Biology,2.6,3.4,162,43.6782
1772538,Andrea,Nicholas (Nick),Biological Sciences,4.5,2.7,126,99.0476
2549322,Mine,Dogucu,Statistics,3.4,3.2,41,53.6585
577796,Stanley,Bailey,Sociology,3.6,2.1,38,81.8182
2385141,Patrick,Hong,Writing,2.7,3.5,27,40.7407
2702555,Aleah,Hernandez,Classics,3.9,2.2,19,68.4211
3018815,Ana,Garcia-Vedrenne,Biology,2.6,2.8,16,50
844171,Frank,Wilderson,African-American Studies,4.3,3.5,12,100
3018539,Pablo,Victoria-Torres,Sociology,5,1.3,11,100
819466,Tom,Lane,Biological Sciences,4.3,3.6,10,100
2579992,Irene,Vega,Sociology,4.4,2.5,8,75
2674300,Gema,Ludisaca,Writing,4.2,3,6,83.3333
3050400,Abigail,Lapin Dardasht,Art,5,2,1,100
268471,Brigitte,Baldi,Statistics,2.8,3.3,280,43.3498
2720156,Daniel,Simonson,Mathematics,2,4.1,155,27.0968
421976,Hadar,Ziv,Computer Science,2.6,2.7,149,42.029
1990861,Paul,Piff,Psychology  Social Behavior,3.9,3.5,142,69.3548
2347538,Philip,McCarty,International Studies,4.6,1.5,88,94.3182
2414962,Audrey,Lew,Biology,2.4,3.7,80,32.5
819405,Elizabeth,Jarvo,Chemistry,4.3,3.4,73,80
425351,Zhibin,Guan,Chemistry,3.7,3.1,65,70.9677
1376455,Doug,Kiklowicz,Writing,4.6,2.8,54,88.0952
580101,Marek,Kaminski,Political Science,4.4,2.4,52,83.3333
2802347,Ioannis,Panageas,Computer Science,3.6,3.9,31,70.9677
2893817,Maritza,Campo,Business,3.3,2.5,29,48.2759
2893888,Amirfarshad,Bahrehbakhsh,Physical Education,2.9,3.4,28,50
1996526,Solmaz,Kia,Mechanical Engineering,2.7,3.6,26,34.7826
142701,George,Tita,Criminal Justice,3.3,3.5,19,20
1038691,Georg,Striedter,Biology,4,3.6,18,66.6667
571999,Alex,Veidenbaum,Computer Science,2.2,3.9,13,28.5714
2624640,Vincent,Hiscock,Writing,4.3,2.9,13,84.6154
2705094,Benis,Egoh,Earth Science,2.9,2.5,13,46.1538
2949841,Ojmarrh,Mitchell,Criminal Justice,4.3,3.2,9,77.7778
2967353,Samantha ,De Vera,History,3.3,2.3,9,55.5556
218700,David William,Casper,Physics,2,4.2,136,24.4444
2573184,Alberto,Krone-Martins,Informatics,2.8,4,104,43.2692
1813792,Craig,Murray,Chemistry,2.4,3.6,88,44.4444
165779,Oliver Gregor,Berghof,Humanities,3.8,2.4,66,90
1478587,Alyssa,Brewer,Psychology,4.4,3.5,63,77.0833
714912,Robert,Wood,Writing,1.9,4,61,13.8889
478541,Amy,Depaul,Journalism,4,2.9,41,73.6842
165404,Shawn W.,Rosenberg,Political Science,3,3.1,40,28.5714
991778,Mahtab,Jafari,Pharmaceutical Sciences,4.8,2,37,100
2151971,Alex,Guenther,Earth Science,4.2,2.7,34,82.3529
2751210,Deborah,Lutterschmidt,Biological Sciences,4.5,3.1,32,90.625
2289855,Julia,Lerch,Sociology,4.9,2.2,28,96.4286
424564,Ivan,Jeliazkov,Economics,3,3.8,25,35.7143
2996877,Sean,Young,Informatics,2.6,3.2,24,41.6667
2468004,Christopher,Varela,Writing,4.8,2.1,23,95.6522
2697286,Ken,Murphy,Business,3.1,4.1,21,47.619
1604211,Nandita,Jha,Biological Sciences,4.9,2.7,17,100
1561222,Ghada,Mourad,Comparative Literature,5,2,13,100
2997873,Benjamin,Morehouse,Biology,5,3.1,8,100
3053707,Dominic,Bednar,"Planning, Policy & Design",1.6,3.3,7,14.2857
2985626,Hannah,Liberman,Writing,5,2,5,100
2722657,Anny,Proctor,Spanish,2.5,4.5,4,50
2607807,Erdem,Sasmaz,Chemical Engineering,3.3,3,3,66.6667
3127950,Nivedita,Nath,Humanities,4.3,3,3,100
3054275,Federico,De Palma,Spanish,4,3,1,100
2983840,Henri,Drake,Environmental Science,0,0,0,-1
2703423,Howard,Lee,Physics & Astronomy,4.5,3.4,37,86.4865
459341,Catherine,Winiarski,Writing,4,3.7,34,62.5
1411476,Jackie,Way,Writing,3.7,3.6,32,62.5
1832933,Rebecca,Black,Education,4.2,1.5,22,100
973470,Serk Bae,Suh,Korean,3.4,3,14,55.5556
1824541,Seth,Pipkin,"Planning, Policy & Design",4,3.3,11,77.7778
2753754,Roy,Fox,Computer Science,1.9,4,11,18.1818
2382295,Houri,Berberian,History,4.8,3.4,9,77.7778
2680104,Patrick,Bergemann,Business,4.5,2.4,8,87.5
3126911,Daye,Nam,Information Science,4,3.4,5,80
2989613,Ty,Woolworth,Business,3,2.6,5,40
3123672,Marco,Fonseca,East Asian Lang. & Literature,5,1.5,2,100
3158821,Arien,Wolf,Writing,0,0,0,-1
795329,Zuzana,Bic,Environmental Science,3.3,2.2,149,46.2366
119433,Jean-Luc,Gaudiot,Engineering,2.1,3.5,63,12.8205
1415009,Richard,Matthew,Environmental Studies,4.3,1.8,40,82.1429
2491257,Ian,Straughn,Anthropology,3.7,3,38,57.8947
2302790,Amy,Dent,Social Ecology Administration,3.8,2.6,37,72.973
2473101,Stacy,Branham,Informatics,4.4,2,28,85.7143
2775044,Scott,Streitfeld,Writing,3.5,3.1,21,61.9048
2872911,Hun,Kim,Social Ecology Administration,4.6,2.4,13,92.3077
2496445,Christopher,Seeds,"Criminology, Law & Society",5,2.6,12,100
288026,Igor,Kopylov,Economics,2.5,2.6,112,36
1887873,Emily,Navarro,Computer Science,4.3,2.1,85,90.2778
336683,David,Eppstein,Computer Science,3.2,3.7,53,53.3333
2172224,Scott,Atwood,Biological Sciences,3.5,4.3,43,65.1163
2777363,Dara,Weinberg,Writing,5,2.6,16,93.75
1849287,Valerie,Olson,Anthropology,4.7,2.1,9,100
399879,Anne,Kirkby,Physics,2.5,3.7,179,24.6269
170134,Franco,De Flaviis,Engineering,2.1,3.9,86,18.75
405819,Elaheh,Bozorgzadeh,Computer Science,2.1,3.9,74,26.5625
525661,Chen,Li,Computer Science,2.8,4.4,69,48.1481
651394,Michael,Andreasen,Writing,4.4,3.3,64,81.8182
886713,Ioan,Andricioaei,Chemistry,2.8,3,60,30.9524
362132,Rainer,Doemer,Engineering,3.9,3.6,56,92.8571
797293,Rachel,Martin,Chemistry,3.7,2.6,47,60
2404676,Natascha,Buswell,Mechanical Engineering,4.6,2.4,39,89.7436
354101,Hamid,Jafarkhani,Engineering,3.2,3.4,34,66.6667
2366763,Zhiying,Wang,Electrical Engineering,2,4.1,31,29.0323
380848,Gregory,Hickok,Social Science,4.1,3.3,30,70
2412273,Andrew,Lankford,Physics & Astronomy,1.8,3.6,26,23.0769
1253393,Peter,Burke,Electrical Engineering,2.4,3,26,66.6667
380821,Michael,Goodrich,Computer Science,3.5,3.3,24,76.4706
2109633,Chang,Liu,Biomedical,1.9,4.2,21,15
2660638,John,Murillo,English,3.6,2.3,19,63.1579
2908580,Aysel,Atamdede,Writing,4.1,2.7,16,86.6667
2757212,Rahim,Esfandyarpour,Electrical Engineering,4.2,3.1,12,83.3333
1802775,Guiyun,Yan,Public Health,4.6,2.6,11,100
2673932,Fangyuan,Ding,Biomedical,4.1,3.1,8,87.5
2604830,Luke,Rhee,Business,3.4,2.3,8,50
3022084,Alicia,Carroll,Humanities,4.7,1.8,6,80
2969562,Benjamin,Bieser,Humanities,5,2,5,100
2781168,Sean,Young,Medicine,4,3,3,66.6667
2806114,Emily,Dearborn,Writing,4,2.7,3,66.6667
3082708,Abigail,Dardashti,Humanities,5,2.5,2,100
1579139,Julie,Ferguson,Earth Science,4.5,3,166,81.5385
386377,Susan,Morse,Humanities,4.3,3.1,68,86.2069
1249416,Keith,Murphy,Anthropology,4.7,2.3,62,100
1109131,Gary,Germo,Psychology,2.2,3.7,53,7.6923
956617,Bryan,Reynolds,Art,3.3,2.4,45,54.1667
2735821,Christoffer,Zoeller,Sociology,4,2.4,29,71.4286
2673956,Julie,Kim,Sociology,4.3,2.8,28,78.5714
2577459,Salma,Elmalaki,Engineering,2.6,3.9,22,40.9091
2780310,Christopher,Lowman,Anthropology,4.9,2.1,8,100
2775570,Punit,Sharma,Business,5,2,4,100
162912,Adrienne E.,Williams,Biology,3.4,3.6,234,57.0652
162895,David K.,Trend,Fine Arts,4.7,1.2,135,100
2782292,Star,Lee,Biological Sciences,2.2,3.8,50,30
2640449,Jon-Erik,Tateri,Engineering,1.9,4.4,33,21.2121
2150386,Ian,Coller,History,4.3,2.5,26,76.9231
575425,Joseph,Kugelmass,Writing,4.2,3.7,20,100
1796963,Amir,Aghakouchak,Civil Engineering,3.9,2.8,18,55.5556
2117176,Zlatina,Sandalska,Russian,4.4,2.8,18,81.25
2575807,Joshua,Garcia,Informatics,3.2,3.5,13,46.1538
1981521,Agnid,Banerjee,Mathematics,3.5,3.2,12,25
1897828,Amal,Alachkar,Biological Sciences,3.5,3.9,8,75
827030,Brian,Demsky,Engineering,4.1,3.5,8,80
1700992,Anne,Lemnitzer,Civil Engineering,2.6,4,7,33.3333
2197,Brandon Stuart,Gaut,Biology,4.8,2.4,106,96.0784
1991635,Janice ,Hansen,Education,4,2.9,68,73.0159
1972721,Sam,Schriner,Pharmaceutical Sciences,4.2,2.5,32,72
1901270,Emily,Baum,History,4.2,2.5,13,81.8182
2491688,Julie,Chiaverini,Education,4.6,2,12,83.3333
3127707,Brandon,Tsuge,Engineering,3.4,1.9,8,62.5
2964242,Nicholas,Choi,Engineering,5,2.1,8,100
2887974,Melanie,Richter,Nursing,1.5,4.3,4,0
3105734,Anna,Pederneschi,Philosophy,3.5,2.5,2,100
2399791,Hector,Tobar,Social Science,4.2,2,21,80.9524
2421991,Daniel,Epstein,Informatics,3.9,3.9,14,71.4286
1109403,Kenn,Huber,Mathematics,3.5,3.6,329,54.3726
2246333,Allon,Hochbaum,Chemical Engineering,3.9,3.3,35,71.4286
2276576,Darren,Denenberg,Informatics,4.4,2,34,88.2353
2021927,Mohammad,Amirkhizi,Political Science,4.4,3.1,22,81.8182
3000636,Luiza,Silva,Humanities,3.4,2.4,14,42.8571
2850221,James,Herold,Computer Science,4.4,4.3,7,83.3333
3063832,Ty,Christoff-Tempesta,Engineering,5,2,3,100
1050731,Marcelo,Wood,Biology,4.7,2.8,142,98.7013
327657,Bojan,Petrovic,Social Science,3.8,2.8,77,71.4286
2267301,Manabu,Shiraiwa,Chemistry,3.8,3.2,51,68.6275
2077337,Kim,Green,Biological Sciences,4.6,3,34,96.9697
996359,Christopher,Hughes,Biological Sciences,3.1,4.2,21,66.6667
3131916,Dina,Matheos,Biology,4,2.6,10,90
1699575,Filippo,Capolino,Electrical Engineering,2.1,4,10,16.6667
3080852,Kenneth,Easwaran,Logic & Philosophy,3,3,7,57.1429
128822,Gretchen,Short,English,4.1,3.4,89,64.2857
370424,Barb,Heine,Psychology,3.3,3.8,85,41.9355
2939444,Ziming,Shi,Mathematics,3.2,3.4,77,54.5455
1298370,Matt,Law,Chemistry,3.5,3.8,42,56.6667
2604227,Michael,Mendez,Urban Planning,4.5,2.3,28,85.7143
585850,Kavita,Arora,Biological Sciences,4.2,3.3,26,90
2605219,Alyson,Zalta,Psychology & Social Behavior,4.7,2.8,23,95.6522
2806602,Jason,Schiffman,Psychology & Social Behavior,4.1,3,9,77.7778
3080969,Christopher,Goffard,Journalism,5,1.5,2,100
979952,Catherine,Loudon,Biology,4.3,2.9,113,97.619
54219,Maqsood,Chaudhry,Engineering,3.4,3.8,62,72.7273
1515048,Casey,Perin,Philosophy,4.2,2.8,40,55.5556
2885564,Brian,Paegel,Pharmaceutical Sciences,4.3,3.4,18,83.3333
2305113,Bonnie,Ruberg,Informatics,3.8,2.8,12,58.3333
2970076,Ethan,Robey,Humanities,4.8,2.2,5,100
2637912,Zachary,Dietz,Dramatic Arts,3.8,3.3,4,75
3082051,Aruna,Ekanayake,Film,4.5,5,2,50
811255,Eric,Potma,Chemistry,4.2,2.8,178,79.5918
1271572,A,Pantano,Mathematics,4.2,3.2,58,87.5
1877428,Angela,Jenks,Anthropology,4.8,1.9,42,100
2050246,Elizabeth,Martin,Psychology  Social Behavior,4.2,2.1,31,84.6154
957252,Anke,Biendarra,Humanities,2.5,3.2,17,25
2778950,Alexandra,Florea,Mathematics,4.6,3.2,5,100
2903906,Petra,Petry,Humanities,5,2.5,2,100
362503,Tonya L.,Schuster,Sociology,2.9,3.1,187,30.2752
2604671,Ty,Robbins,Economics,2.2,4.2,66,28.7879
2495849,Kim,Fortun,Anthropology,2.8,2.5,24,50
1851197,Vanessa,Russell,English As A Second Language,3.1,3.4,15,62.5
2205691,Annie,McClanahan,Humanities,5,2.9,12,100
3081314,Zygmunt,Pizlo,Cognitive Science,1.2,4.7,6,0
2466833,Emily,Wells,Writing,4.3,2.8,44,79.5455
1802729,Graeme,Boushey,Political Science,4.3,2.2,41,84.8485
805659,Amalia,Herrmann,Humanities,3.9,3.1,38,72.2222
1950633,James,Nisbet,Art,3.1,3.1,29,36
2499928,Chelsea,Schields,History,4.9,2.1,20,90
1547843,Tim,Bruckner,Policy Planning & Development,3.4,3.1,17,33.3333
2221147,Mohammad,Al Faruque,Electrical Engineering,2.4,4.1,14,35.7143
1903924,QV,Dang,Electrical Engineering,4.3,3.4,1756,89.2949
795457,Jacobo,Sefami,Spanish,4.1,2.3,23,76.4706
1508744,Rebecca,Davis,English,3.2,2.9,21,46.6667
3046678,Amy,Cameron,English,4,3,7,71.4286
2987611,Daniela,Chavez,Writing,4.3,3.1,7,71.4286
2944729,Pim,Oomen,Engineering,3.8,2.7,6,66.6667
3062058,Emma ,Waldron,Informatics,3.8,1.8,5,60
3021689,Antonio,Tomas,Anthropology,1.4,4.6,5,0
919115,Wayne,Hayes,Computer Science,2.2,3.8,97,26.3889
246555,Giovanna Antonelli,Fogli,Humanities,3.9,3.4,79,58.3333
1001973,Christine,Connell,Humanities,3.7,3,40,85.7143
2542751,Chenqi,Zhu,Accounting,2.9,3.4,29,48.2759
371920,Lisa,Grant,Environmental Science,3.4,2.7,19,66.6667
2578369,Anna,Grosberg,Biomedical,2.5,4.6,19,42.1053
1727804,Hidemi,Riggs,Japanese,3.4,4.2,15,80
2220157,Anamara,Ritt-Olson,Public Health,3.1,3,7,57.1429
3129130,Sean,Arayasirikul,Public Health,5,2,6,100
2343723,Peter,Abramovich,Mathematics,3.9,3.2,34,73.5294
923278,Laura,Klein-Topan,French,3.7,2.4,22,50
2467856,Rachael,Collins,Writing,4.8,2.9,17,88.2353
799024,Alice,Berghof,Literature,3.6,2.8,117,65.5172
362185,Robert Henry,Duncan,International Studies,4.6,2.4,68,76.1905
217096,David J.,Frank,Sociology,4.3,2.2,66,90.3226
2675311,Ygnacio,Flores,"Criminology, Law & Society",3.9,2.1,54,74.0741
2436352,Korey,Bell,Writing,3.4,3.4,36,58.3333
460253,Deborah,Oliver,Fine Arts,4.7,2.1,24,100
2828783,Sherelle,Ferguson,Sociology,3.6,1.9,19,84.2105
2487997,Jeff,Viaclovsky,Mathematics,3.4,3.9,7,71.4286
3081015,Talar,Chahinian,Humanities,5,2,5,100
3078619,Tetyana,Vasylyeva,Public Health,2.6,2.4,5,80
2773186,Angela,Rigden,Earth Science,5,2,4,100
2973544,Hung,Cao,Engineering,5,1,3,100
3082268,Tiara,Na'puti,Social Science,2,1,1,0
3160695,Pablo,Lara Gonzalez,Biology,4,3,1,100
2266977,Jose,Rodriguez-Lopez,Economics,3.8,2.6,144,67.6471
816388,Christopher,Vanderwal,Chemistry,4.1,3.5,94,78.8462
381040,Chieh,Chieng,Writing,3.8,3.1,84,58
2553566,Ramin,Bostanabad,Mechanical Engineering,3.2,3.9,46,60.8696
3085399,Yang,Zhang,Mathematics,3,3.2,14,71.4286
2650059,Rodil,Maramot,Writing,5,1.5,4,100
2996886,Mercedes,Trigos,English,3.3,3.3,3,66.6667
1478325,Christopher,Davis,Mathematics,4.2,2.6,78,85.4839
1347786,Sandra,Irani,Computer Science,4.7,2.4,60,94.5946
1799555,Donovan,German,Biological Sciences,4.4,3.2,44,82.3529
1265907,Richard,Sims,English,3.3,3.4,34,57.1429
859994,Jeff,Foresta,Engineering,4.7,2,23,92.3077
2992901,Franics,White,Mathematics,3,3.3,16,50
2076852,Catherine,Sameh,Humanities,4.2,2.7,11,88.8889
380849,Jacklyn,Lewis,Psychology,3.3,2.5,185,49.4845
2743822,Zhuang,Jie,Writing,3.5,2.9,14,78.5714
3054271,Manuel ,Reyes,Mathematics,5,3.3,4,100
783281,Jaya,Dubey,Writing,3.4,3.9,58,48.6486
2385458,Paul,Hanselman,Sociology,4,3.1,9,100
1215479,John,Nieman,English,4.6,3,82,89.8551
966833,Andromache,Karanika,Classics,3.1,2.3,69,29.4118
361539,Priyaranjan,Jha,Economics,2.2,3.7,66,25.641
2366781,Constance,Steinkuehler,Informatics,4.8,1.7,49,93.8776
236897,Tri Chan,Tran,Languages,3.9,2.8,33,66.6667
2320382,Benjamin,Garceau,Humanities,4.9,2.6,31,96.7742
832858,Eyal,Amiran,Comparative Literature,4.5,2.6,13,100
2580228,Kyle,Grady,English,4.9,3.2,13,92.3077
2575410,Connor,Mooney,Mathematics,4.9,3,8,100
3035421,Sam,Roberts,Computer Science,3.6,2.9,8,50
1966120,Jonathan ,Lui ,Social Science,3.2,3.6,186,51.7045
1652874,Kat,Lewin,English,4.9,3.1,42,96.2963
2705447,Jon,Pitt,East Asian Lang. & Literature,3.1,2.4,23,52.1739
1252641,Patricia,Seed,History,4,1.4,17,90
2344009,Bradley,Queen,Writing,4.2,2.3,13,92.3077
1788130,Andrew,Penner,Sociology,5,2.1,9,100
2748831,Zora,Mihaley,Political Science,5,2,1,100
710170,Aimee,Edinger,Biological Sciences,4.1,3,78,76.1905
2237797,Lee,Kucera,Statistics,2.2,3.7,74,29.7297
164466,Katharine R.,Walsh,Humanities,4.5,2.9,67,83.3333
3086238,Franco,Wong,Management,1.4,4.9,39,5.1282
1963351,Victorya,Nam,Writing,4.2,3.2,33,86.6667
591759,Edward,Dimendberg,Film,3,2.8,19,40
2449404,Michael,Parsons,Biological Sciences,4.2,2.9,18,77.7778
2694544,Allison,Koslow,Philosophy,3.3,3.2,10,60
2854307,Michelle,Fortier,Nursing,5,1.4,5,100
289483,Jutta,Heckhausen,Psychology,2,3.7,101,19.2308
295888,Nina,Bandelj,Sociology,4.1,2.4,31,100
272252,Ramesh,Srinivasan,Psychology,3.1,3.1,30,47.619
1786850,Eric,Rignot,Earth Science,4.3,2.3,19,86.6667
2476487,Vibhuti,Ramachandran,Global Studies,4.1,2.6,10,70
2962136,Mariel,Rowland,Writing,5,1.5,4,100
144038,Simon,Leung,Fine Arts,2.7,3.1,38,0
509172,David,Igler,History,4.3,2.5,19,100
1878384,Jack,Brouwer,Mechanical Engineering,3.4,4.1,20,56.25
448540,Svetlana,Jitomirskaya,Mathematics,3.6,4,14,50
130814,Payam,Heydari,Engineering,3.8,3.8,29,66.6667
633125,Martin,Zeman,Mathematics,3.7,3.4,19,69.2308
3135160,Anne,Piper,Informatics,5,2,1,100
1497502,Scott,Blum,Psychology & Social Behavior,3.7,3,65,57.4468
3134118,Lynda,Hikichi,Urban Planning,5,2,1,100
307376,Andrew,Zissos,Classics,4,2.5,84,58.1395
2645210,Oliver,Sng,Psychology & Social Behavior,4.4,2.9,33,84.8485
2447963,Paul,Morgan,Social Science,4.5,2,27,88.8889
2335795,Ana,Rosas,Latin American Studies,2.1,4.1,17,17.6471
1026456,Joanne,Frattaroli-Zinger,Psychology & Social Behavior,4,2.8,233,80.3279
1694641,Charis,Kubrin,Criminal Justice,3.1,3.9,60,38.2979
963647,Michael D.,Lee,Psychology,4,2.8,32,63.6364
2882035,Fantasia,Painter,International Studies,4.8,1.5,12,91.6667
2646612,Yourim,Lee,Korean,3.7,3.1,15,66.6667
2594323,Daryl,Preece,Biomedical,1.5,4.4,8,12.5
884265,Lizhi,Sun,Civil Engineering,3.8,2.7,48,75
3105867,Pantalea,Mazzitello,Italian,5,3,2,100
204058,Clare C.,Yu,Physics,1.9,3.8,56,8.8235
2775777,Irene,Messoloras,Music,4.3,2.5,24,87.5
892925,Sohail,Daulatzai,African-American Studies,3.4,4,45,46.4286
3144058,Rex,Handford,Chemistry,4.6,4.8,5,100
418958,Rahul,Warrior,Biology,3.8,3,152,72.9167
1499100,Oliver,Cinquin,Biological Sciences,2.2,4,99,18.8406
204428,Scott,Rychnovsky,Chemistry,3.6,3.2,99,67.3913
340293,Carter,Butts,Social Science,3.3,2.4,26,66.6667
2973218,AJ,Nielsen,Physics & Astronomy,1.4,4.5,19,5.2632
2117143,John,Duffy,Economics,2.7,4.5,10,37.5
2306288,Marco,Levorato,Computer Science,2.4,3.2,24,33.3333
934915,George E.,Marcus,Anthropology,3.6,1.5,4,100
2531924,Terry,Dalton,"Criminology, Law & Society",2.1,3.1,36,27.7778
1686030,Joachim,Vandekerckhove,Cognitive Science,3.8,3,35,65.7143
2457156,Larisa,Karkafi,Writing,4.5,2.8,29,79.3103
2847200,Brianne,Donaldson,Philosophy,4.3,2.7,6,83.3333
3158398,Michael,Hyland,Engineering,1,5,2,0
3119223,Tiejun ,Bai,Mechanical Engineering,5,3,2,100
2731497,Evgeny,Kvon,Biology,3.8,3.6,32,68.75
2968508,Ian,Smith,Neurobiology & Behavior,3.9,3.1,7,100
3146996,Lynda,Haas,Writing,4.3,2.7,3,100
2850654,Emily,Carian,Sociology,5,1.4,19,100
810308,Jessica,Pratt,Biological Sciences,4,2.4,16,28.5714
692393,Amjad,Toukan,International Studies,3.6,3.3,60,66.6667
2465359,James,Robertson,History,3.2,3.3,36,50
2110507,Julie,Flaiz-Windham,Business,3.7,3.4,30,70
1825142,Joseph,Lewis,Art,1.8,3.5,29,22.2222
2470037,Lingwen,Huang,Management,3.2,3.7,22,40.9091
2117494,Travis,Huxman,Ecology  Evolutionary Biology,4.9,1.6,9,100
2973268,Michael,Imerman,Business,4.8,1.5,4,100
3128147,Perry,Johnson,Engineering,2.7,3.3,12,41.6667
885435,Zuzanna,Siwy,Physics,3.6,2.6,45,79.3103
2473378,Juliana,Zanotto,Social Ecology Administration,4.7,2,9,100
2736470,Zachary,Price,Dramatic Arts,1.7,4.1,9,22.2222
3126646,Jiawen,Hou,Mathematics,2.3,4,4,25
2274110,Chris,Karwin,Physics  Astronomy,1.7,4.3,3,33.3333
233060,Matt L.,Huffman,Sociology,4.3,2.4,84,78.7234
58002,Jeanett,Castellanos,Social Science,3.3,3.2,64,30.7692
1409284,Rmvvgnsqge,Wngaecfieax,Microbiology,1,5,1,0
151359,Matthew,Foreman,Mathematics,2.5,4.4,23,30.7692
2446047,Beth,Harnick-Shapiro,Engineering,3.6,3.8,10,70
1150357,Robin,Stewart,English,4.6,2.9,22,100
3019620,Frank,Davis,"Criminology, Law & Society",5,3.9,21,95.2381
3127306,Michael,Green,Chemistry,3.7,3.7,10,70
1775454,Julian,Smith-Newman,Writing,4.8,3.2,56,93.8776
902250,Tamara,Beauchamp,Humanities,4.7,3.1,44,92
2517982,Mark,Magidson,Criminology,3.3,3.3,3,33.3333
2654073,Elena,Agapie,Informatics,3.6,1.5,12,66.6667
175126,Ermanno,Bencivenga,Philosophy,2.9,3,95,66.6667
1791079,Simona,Murgia,Physics & Astronomy,3.3,3,27,42.8571
2084364,Kris,Houston,Education,3.5,2.8,12,66.6667
3152280,Jingze,Zhu,Mathematics,4,2.7,6,66.6667
238482,Daniel E.,Bogart,Economics,3.4,3.3,40,0
3028839,Gabriel,Alvarez ,Criminal Justice,2,3.3,3,0
2989842,Kendra,Atkin,Humanities,4.1,3.1,14,78.5714
2350617,Mary,McThomas,Political Science,4.6,2.9,25,84
705780,Vladimir,Baranovsky,Mathematics,3.7,3.2,17,55.5556
2582744,Anna,Boncompagni,Philosophy,2.3,2.8,10,20
344182,Charlene J.,Keeler,Writing,3.8,3.2,57,61.9048
2256432,Stephen,Mang,Chemistry,3,3.9,50,48
2127710,Xiaohui,Xie,Computer Science,3.2,3.5,24,59.0909
2270785,Calvin,Love,Political Science,4.8,2.1,16,100
343070,Louis,Desipio,Political Science,2.9,3.6,54,47.0588
2277187,Shane,Crosby,Humanities,3,2.5,2,50
1414129,Steve,Lee,Management,5,4,2,100
3021604,Richard,Afable,Business,5,3,1,100
3085533,Mitchell ,Spezzaferri ,Psychology,4.8,3.2,6,100
2512998,Michael,Shindler,Computer Science,3.3,3.9,177,60.452
2558944,Sarah,Hanson-Kegerreis,Writing,4.7,3,26,92.3077
578099,Peter,Krapp,Film,2.8,3.4,49,31.25
1957445,Spencer,Seward,Writing,4.4,3.1,42,91.1765
2233583,Darby,Price,Writing,3.7,3.5,37,64.8649
1697149,Claudia,Czimczik,Earth Science,3.1,3.4,22,41.6667
1076848,Brett,Sanders,Civil Engineering,3.3,3.8,21,83.3333
2510759,Nadia,Chernyak,Psychology,4.5,2.3,17,88.2353
2654782,Sara,Mednick,Psychology,4.8,2.5,12,91.6667
2060337,Lawrence,Kulinsky,Mechanical Engineering,3.8,2.6,24,75
2702940,William,Eng,English,3.8,3,19,57.8947
2574609,William,Bowman,Materials Engineering,2.1,3.6,8,12.5
3147525,Jinghe,Zhu,Mathematics,4.6,3.1,7,100
3147363,Kenneth,Ascher,Mathematics,3,4,1,0
3134408,Ezra,Sarmiento,Materials Engineering,4.8,2.5,6,100
2866500,Theodore,Martin,English,4.2,2.6,5,80
1602406,Kim,Green,Neurobiology & Behavior,4.7,2.7,110,100
2728629,Barry,Goldenberg,Education,4.6,2,44,88.6364
2592665,Kristina,Uban,Public Health,4.5,2.2,33,90.9091
2602633,Hamidreza,Aghasi,Electrical Engineering,4.2,3.7,29,79.3103
975741,Larisa,Castillo,Humanities,4.7,2.6,25,92.3077
2986612,Alex,Berg,Computer Science,1.6,3.2,16,12.5
2805911,Pia,Dietze,Psychology amp Social Behavior,4.6,2.7,14,92.8571
313432,Bert,Winther-Tamaki,Fine Arts,4.1,2.8,49,65
2604619,Kassia,Wosick,Sociology,4.4,2.4,29,89.6552
2285930,Erik,Sudderth,Computer Science,3.5,4.1,21,57.1429
1653701,Pauline,Lubens,Public Health,2.2,4,18,28.5714
2189166,Sevan,Gulesserian,Statistics,4.1,2.7,91,79.1209
1222441,Jami,Bartlett,English,4.5,2.8,81,87.8049
362957,David,Camerini,Biology,3.6,3.1,73,57.1429
1311799,Scott,Bollens,"Planning, Policy & Design",4.2,2.7,31,62.5
1053609,Yuri,Shirman,Physics,2.3,3.9,30,53.8462
2457040,Neil,Sahota,Management,1.8,3.2,19,21.0526
594360,Thomas,Schilling,Biology,2.3,3.9,15,10
2660764,Yoonjin,Won,Mechanical Engineering,4,3.4,13,69.2308
2981798,Byungwook,Kim,Management,4.8,3.5,6,83.3333
1413373,Gary,Busby,Theater,3.3,2.7,3,0
2357812,Karen,Edwards,Public Health,2,3.2,5,20
1111007,Jeremy,Heis,Logic & Philosophy,4.1,2.9,49,68.9655
573659,Glenn,Healey,Electrical Engineering,4.3,3.8,43,76.9231
1913163,William,Hernandez,Management,2.6,3.7,39,34.2105
2264881,Duncan,Pritchard,Philosophy,4,2.3,24,79.1667
2190686,Kevin,Bradford,Management,2.7,3.3,20,35
1572503,Jim K,Lee,Asian Studies,4.9,1.5,20,94.7368
930205,Zoran,Nenadic,Engineering,3.6,4.2,18,41.6667
2705005,Sarah,Abolail,Writing,3.8,2.3,4,75
358673,Chungmoo,Choi,East Asian Lang. & Literature,2.7,3.3,41,72.7273
3041660,Sue,Dexter,"Planning, Policy & Design",1.7,3,20,10
170212,Lee,Bardwell,Biology,3.8,2.6,152,96.2963
149917,Craig,Martens,Chemistry,3.9,2.1,54,76.1905
752855,Naomi,Morrissette,Biological Sciences,3,3.8,46,40
522380,Nancy,DaSilva,Engineering,4.6,3.7,18,100
3110065,Marion,Aouad,Economics,3.4,3.1,9,55.5556
3129129,Nir,Drayman,Biology,5,2.7,3,100
217367,Gary,Richardson,Economics,2.7,3.5,56,30.7692
2454191,Matthew,Harding,Economics,1.4,4.3,24,8.3333
497646,Myrona,Delaney,Theater,3.1,3.4,24,0
1698374,Padhraic,Smyth,Computer Science,4.1,3.3,13,75
2996128,Constantine,Manda,Political Science,4.7,3,7,100
852278,Melanie,Cocco,Biology,2.1,4.1,78,31.4286
255958,Mark Andrew,Levine,History,3,3.2,67,50
1215870,Filipp,Furche,Chemistry,2.9,3.2,58,33.3333
435264,Cristina,Lopes,Computer Science,2.5,3.2,46,42.4242
1805202,Manuel,Gamero-Castaño,Engineering,2.6,4,33,37.037
2116862,Jeffrey,Kopstein,Political Science,4.3,3,27,84.6154
2889686,Fariba,Ariaei,Engineering,1.9,3.6,15,20
2423283,Charless,Fowlkes,Computer Science,4.2,3,10,90
1259367,Susana,Cohen-Cory,Neurobiology & Behavior,4.6,2.5,8,100
1508671,Melissa,Lodoen,Biology,4.7,3.1,7,100
3109039,Pamela,Nwakanma,Political Science,4,2,1,100
1520877,Greg,McClure,English,3.3,3.5,88,50.7692
1029760,David,Brodbeck,Music,3,3.5,86,45.2381
2406856,Brandon,Golob,Criminology Law amp Society,4.6,2.8,39,82.0513
163257,John,Smith,Languages,4.5,2.2,37,100
471633,Nader,Bagherzadeh,Engineering,1.7,3.8,29,22.7273
2235623,Annalisa,Coliva,Humanities,3.1,3.4,29,51.7241
1704894,Maria,Rendon,Urban Planning,2.1,3.4,28,15.7895
2464493,Richard,Futrell,Linguistics,4.6,2.8,28,89.2857
1786360,Yifeng,Yu,Mathematics,2.5,4.3,28,46.6667
2234575,Haithem,Taha,Mechanical Engineering,4.9,3.5,22,95.4545
2236104,Weining,Shen,Statistics,4.6,3.2,22,86.3636
590476,Regina,Ragan,Materials Engineering,2.6,3.5,21,50
2266510,Rebecca,Schultz,English,4.4,3,20,85
1264648,Tiffany,Willoughby-Herard,African-American Studies,3.3,3.8,19,55.5556
1112108,Katrine,Whiteson,Biological Sciences,4,2.9,16,90
2580409,Shayan,Doroudi,Education,2.5,3.8,14,50
2453073,Audrey,Lew,Neurobiology amp Behavior,2.7,3.4,14,42.8571
1452777,Susan,Guilfoyle,Education,4.2,1.9,14,75
2605607,Dolores,Wirth,Education,3.6,2.3,10,60
2938451,Shi,Zimming,Mathematics,2.9,3.1,7,42.8571
3106968,Daniel,Argomedo,Criminology,3.6,2.4,5,60
2910553,Patrick,McBurnie,Writing,4.6,2.4,5,100
3107215,Umme,Mannan,Informatics,3,1.5,2,0
365974,Grant,MacGregor,Biology,4.6,3.4,57,86.3636
740518,Christine,Suetterlin,Biological Sciences,4.3,3,35,94.4444
520342,Kyung Hyun,Kim,Film,3.1,2.7,22,55.5556
2736330,Kwasi,Connor,Biological Sciences,2.2,3.5,15,26.6667
2780913,Amirfarshad,Bahrehbakhsh,Physics & Astronomy,3,3.5,2,100
3147753,David,Agrawal,Economics,4,4,1,100
1870100,Anita,Casavantes-Bradford,History,3.8,3,26,53.3333
2010158,Matthew,Bracken,Biological Sciences,4.8,2.7,26,100
1826302,Erin,Sweeney,Writing,4.8,3.3,15,91.6667
2151525,Glen,Mimura,Film,3.4,2.8,9,55.5556
2774802,John,Gamber,Comparative Literature,5,2.7,7,100
2417655,Zvi,Drezner,Business,4.5,1.7,6,83.3333
2605025,Elizabeth,Chuk,Accounting,2.2,3.7,6,33.3333
2370875,Patricia,Pierson,English,3.3,3.2,6,66.6667
2779712,Wenjun,Fan,Public Health,4.5,2.5,2,100
2471756,Katelyn,Finley,Global Studies,3.3,3.2,35,60
1214220,Jessica,Millward,History,3.1,2.4,34,81.8182
2671974,Jack,Liebersohn,Economics,2.2,3.7,25,32
2652923,Maxx,Arguilla,Chemistry,4.1,3.4,19,73.6842
3057320,Wanrong,Zhu,Statistics,2.4,4.4,11,18.1818
357342,Sergey,Nizkorodov,Chemistry,4.6,2.6,174,98.2456
2807416,Faisal,Nawab,Computer Science,4.6,3.2,11,100
2115418,Renee Jennifer,Raphael,History,3.9,3.1,8,50
3144026,Misael,De La Rosa,Humanities,5,2,3,100
2642744,Megan,Peters,Psychology,2.9,3.9,99,44.4444
1920858,Hamid,Hezari,Mathematics,3.1,3.8,60,41.6667
2645281,Leah,Senatro,English,4.7,2.7,3,100
651428,Zacharitsa,Giannopoulou,Classics,4.8,2.9,183,95.7983
3069111,Eitan,Schechtman,Neurobiology & Behavior,4.5,3,2,100
465216,Bill,Tomlinson,Computer Science,4.5,2.2,38,76.4706
1089177,Kevin,Thornton,Biology,3.1,3.6,26,35.2941
1752653,Anthony D.,Long,Biological Sciences,2.9,3.4,18,83.3333
2083201,Collins,Penelope,Education,3.9,2.9,11,70
2243279,Rebecca,Black,Computer Science,5,1,4,100
2778536,Olivares,Martinez,Civil Engineering,5,2,1,100
2080608,Heather,Stern,Humanities,3.3,3.4,40,48.7179
2333514,Roderic,Crooks,Informatics,2.8,1.6,27,66.6667
827949,Maryse,Mijalski,French,4.9,2.1,25,100
2600277,Eric,Lindsay,Music,3.8,3,20,50
410185,Kevin,Appel,Fine Arts,3.6,2.5,17,66.6667
2913472,Aaron ,Berg,Political Science,3.8,1.8,16,75
2577574,Jung-Hsien,Lin,English,4.6,2.2,14,92.8571
1262188,Bernard,Choi,Biomedical,4.9,3.2,14,90
2605611,Long,Bui,International Studies,4.7,1.6,12,91.6667
2996014,Alexander,Catchings,Writing,5,2.3,7,100
2664475,Cole,Morgan,English,3.6,3,7,42.8571
1181196,Danashanti,Harter-Johnson,Dance,5,2.3,3,100
2866496,Ted,Martin,English,5,1,1,100
2736878,Judit,Romhanyi,Physics & Astronomy,4.7,2.5,13,84.6154
1696629,Bert,Scruggs,Asian Studies,3.2,3.1,12,60
1292693,Zachary,Faubion,Mathematics,4.4,3.1,8,100
2354262,Mark,Warschauer,Education,3,2,7,42.8571
3105154,Matt,Sheldon,Chemistry,4.2,3.2,6,83.3333
3019953,Jack,Fixa,English,5,3,2,100
1751393,Alexander,Ihler,Computer Science,3.1,4,43,52.7778
927085,Kat,Eason,Writing,4.8,2.8,33,94.4444
2392940,Shri,Jambhekar,Informatics,2.6,2.2,30,40
1144696,Alberto,Gullaba,Writing,3.6,3.5,56,61.5385
3074873,Michael ,Green,Biology,1.8,4.2,45,20
2883054,Joel,Milam,Public Health,4,2,4,100
1847516,Vy,Dong,Chemistry,4.1,3.4,106,79.2208
1981952,Brandon,Wolff,Humanities,4.2,2.2,39,69.697
2061331,Richard ,McCleary ,Criminology Law  Society,2.8,2.8,12,45.4545
3017495,Alexander,Huezo,Social Science,4.7,2.7,3,100
813276,Jiawei,Chen,Economics,3.3,2.5,56,70.5882
1012344,Loren,Eason,Writing,4.2,3.5,47,80
1370397,Daniel,Whiteson,Physics & Astronomy,3.4,3.4,36,57.8947
2307679,Mike,Fortun,Anthropology,4.9,2.2,17,100
593389,Miles,Coolidge,Art,2.2,3.7,15,22.2222
2637888,Bruce,McNaughton,Biological Sciences,2.5,5,2,0
24309,Chuck,O'Connell,Sociology,4.2,2.9,396,77.2727
1569373,Kirsten,Daniel,Management,3.1,3.6,8,14.2857
3133587,Krystal,Thomas,Marketing,1,5,1,0
1937442,Bryce,Lillmars,Writing,4.2,3.6,59,75.5102
1078135,Keith,Danner,Writing,3.8,3.8,38,61.5385
2654167,Sarah,Goeppner-Kallungi,Writing,5,1.8,6,100
3019180,James,San Andreas,Nursing,3,3.3,4,50
3002197,James,San Andres,Nursing,3.5,3.5,2,50
47482,Amihai,Glazer,Economics,2.3,3.4,150,8.3333
465183,Richard,McCleary,Science,3.2,2.2,82,64.2857
200850,Marie,Cartier,Film,2.6,2.7,26,0
3110018,Johanna,Paine,Physics & Astronomy,1.5,4.5,10,10
2025899,Elizabeth,Read,Chemical Engineering,4.3,2.8,4,66.6667
2752227,Jan,Rodil,English,5,1.3,3,100
2496766,Tayloria,Adams,Chemical Engineering,2.5,3,2,50
2045511,Paul,Spencer,English As A Second Language,3.9,2.9,39,67.6471
2756548,Christina,Ghanbarpour,History,2.8,3.8,5,40
1234411,Marcello,Fiocco,Philosophy,2.1,4,39,11.1111
2485602,Stephanie,Au,Nursing,2,3.8,5,20
3019179,Lindsay,Holt,Nursing,3,4,2,50
2235178,Brad,Hughes,Biological Sciences,4,2.6,128,78.9063
2801757,Yizhe,Zhu,Mathematics,2.3,3.7,7,42.8571
146965,Jane,Newman,Comparative Literature,4.6,3,40,64.7059
2726976,Kito,Gilbert-Bass,Chemistry,4.6,2.4,29,93.1034
2789647,Denise,Payan,Public Health,5,3,3,100
2150381,Davin,Phoenix,Political Science,4.8,2,33,96.9697
2462649,Erin,Lockwood,International Studies,3.8,3.2,24,66.6667
2914506,Yatta,Kiazolu,Political Science,3.3,2.8,12,41.6667
2972637,Anthony,Triola,"Criminology, Law & Society",5,1.7,3,100
2927266,Rick,So,Business,4,3,2,100
465255,Jorge,Busciglio,Biology,3.5,2.9,140,50
3054255,Hengrong,Du,Mathematics,3.2,3.3,23,60.8696
2535359,Anna,Ma,Mathematics,3.3,3.4,20,60
284845,Seymour A.,Schlosser,International Studies,3.9,2.6,50,50
2482234,Bihter,Padak,Mechanical Engineering,2.5,4.2,15,40
632332,Feng,Wang,Sociology,2.9,3.5,13,40
508943,Andrei M.,Shkel,Engineering,2.3,4,18,33.3333
1412483,John,Houston,Social Ecology Administration,4.2,3.2,9,100
1542200,Ryuko,Flores,Japanese,5,2.4,16,100
372706,Jeff,Johnston,Education,4.8,2.5,53,94.1176
3109098,Candice,Yacono,Writing,5,2.5,2,100
1218083,Brian,Garcia,Writing,3.9,3.6,9,100
1185642,Anton,Gorodetski,Mathematics,2.8,3.5,15,20
3107144,Yuanming,Song,Chemistry,0,0,0,-1
571195,Sheryl,Tsai,Biochemistry,4.7,2.9,101,92.1053
2832864,Stacy,Fireheart,Dramatic Arts,1.5,3.5,2,0
2890273,Geoffrey,Pope,Music,5,3,2,100
3118401,Mirjam,Zuend,Biological Sciences,5,3,1,100
2750402,Zina,Giannopoulou,Classics,4.7,2.7,18,94.4444
290832,Lawrence F.,Cahill,Biology,3.6,4.1,41,14.2857
399941,Zhiqin,Lu,Mathematics,2.2,4,73,29.0323
316169,Robert,Uriu,Social Science,4.2,2.4,84,77.2727
87154,Song-Ying,Li,Mathematics,2.7,3.1,33,50
2474946,Aaron,Bornstein,Cognitive Science,4.3,2.3,6,83.3333
3019987,Joe,Sapp,Biology,3.1,3.8,11,54.5455
335083,Anna Kuntz,Striedter,Humanities,2.1,4,71,22.7273
3051179,Michael,Davis,Mathematics,2,4,45,28.8889
2674291,Jacob,Hyatt,Writing,4.9,2.9,13,100
89716,John M.,Whiteley,Social Science,2.7,1.9,165,51.5152
2428775,Amir,Rahmani,Computer Science,4,3,2,100
828857,Shin,Lin,Biological Sciences,3.3,2.6,48,72.2222
2984987,Hyouk Jun,Kwon,Engineering,3,3.5,44,59.0909
1699800,Arturo,Jimenez Bacardi,Political Science,4.7,3.9,13,91.6667
631717,Peter,Ditto,Psychology,4,2.6,90,64.2857
2320242,Matt,Harding,Economics,1.6,4,7,14.2857
570999,Gregory Alan,Weiss,Chemistry,3.2,3.8,214,39.0805
583571,Kathleen,Treseder,Ecology & Evolutionary Biology,4.5,1.6,20,75
774172,James,Randerson,Earth Science,3.4,2.8,17,62.5
2661328,Thomas,Ketseoglou,Electrical Engineering,2.3,3.9,10,30
2806286,Sitao,Huang,Electrical Engineering,2,4,49,28.5714
3111819,James,Griffin,Chemistry,4.2,3.6,5,80
2394495,Kari-Lyn,Moore,Accounting,4.7,1.3,3,100
2458704,Gregory,Scontras,Linguistics,3.5,3.6,22,54.5455
1086744,Lisa,Pearl,Languages,4.4,1.9,52,82.3529
1267272,Keith,Topper,Political Science,3.7,3.5,27,58.8235
3117870,Cheuk-Wai,Yau,Mathematics,1.2,4.8,6,0
822192,Bruce,Berg,Psychology,3.1,2.4,73,48.3871
2235206,Simon,Huttegger,Logic  Philosophy,5,1.5,6,100
1255141,Leslie,Thompson,Psychiatry & Human Behavior,3.9,2.8,4,100
2171814,Alfredo,Freites,Chemistry,2.2,4,55,20
2580797,Trevor,Griffey,History,4.1,3.3,11,81.8182
208547,Roger H.,Rangel,Engineering,4.1,3.9,37,86.6667
774965,Fabio,Milani,Economics,2.9,3.2,26,50
2919909,Joseph,Wong,Education,5,3.5,2,100
359241,Alan,Terricciano,Fine Arts,3.9,2.1,18,63.6364
3110118,Eric,Hanse,Biology,4.8,2,10,100
3112318,James,McCord,Physics & Astronomy,1.4,4.6,43,13.9535
2090969,Michael,Tesler,Political Science,4.6,2.2,29,96.2963
2524179,John,Fruehauf,Pharmaceutical Sciences,3,2.5,2,50
1882117,Alex,Borucki,History,3.9,3,15,50
2269682,Maria,Lioudyno,Biological Sciences,3.3,3.6,17,58.8235
2422498,William,Sirignano,Engineering,2.6,4.4,5,40
574054,Laura,O'Connor,English,2.6,3.3,36,18.75
2681830,Roxana,Carlo,Education,4.7,2,9,100
3025619,Zane,Casimir,Humanities,3,4,2,50
2651918,Jennifer,Doh,Social Science,5,2.3,4,100
2930067,Shaun ,Pichler,Management,5,3.3,3,100
2703911,Robert,Flores,Mechanical Engineering,5,3.5,2,100
2030514,Cathie,Overstreet,Biological Sciences,1.5,4.6,21,14.2857
106652,Jason,Kronewetter,Mathematics,4.3,2.6,167,95.4545
205037,Bruce,Blumberg,Biology,3.3,3.7,24,35.7143
1729227,Yunan,Chen,Informatics,3.8,1.5,8,100
2806523,Sajjad,Torabian,Cognitive Science,3.1,3.6,16,50
936683,Adam,Bryx,Dramatic Arts,3.1,2.3,12,50
420795,J. Michael,McCarthy,Engineering,4.1,2.1,11,100
1976013,Rocío,Rosales,Sociology,4.1,2,43,91.3043
3115172,Guillermo,Gallardo,Sociology,0,0,0,-1
2973819,JAE,KIM,Urban Planning,5,2.5,2,100
3111371,Alex,Luna,Mathematics,5,3.3,3,100
1541531,Marc,Fawaz,Business,5,3.4,106,100
1426025,Ilona,Yim,Psychology,3.3,3,63,53.3333
3028087,Calvin,Trinh,Biological Sciences,5,3,1,100
3018659,Thomas,Burke,Creative Writing,1.5,4.5,2,0
3019527,Felix,Jean-Louis,History,3.8,2.8,4,50
1159226,Sven,Bernecker,Philosophy,4,2.8,36,47.3684
1708568,Kristin,Turney,Sociology,3.7,2.4,21,60
1795793,Keramet,Reiter,Criminal Justice,4.2,2.3,25,90
2393886,Wenqi,Wang,Biological Sciences,4.4,3.4,14,78.5714
2580750,Fabrizio,Di Maio,Italian,5,2.1,14,100
447604,Alex,Nicolau,Computer Science,2.4,3.1,39,38.4615
2671644,PK,Fire,Computer Science,2.6,3.1,11,45.4545
1215170,Daniel,Gross,English,3.9,3.5,12,85.7143
2808597,Christopher,Schwarz,Business,5,1,1,100
2431391,Tara,Rodman,Dramatic Arts,5,4,1,100
2634160,Iftekhar,Ahmed,Informatics,2.5,2.4,32,37.5
2161262,Bruce,Berg,Cognitive Science,3.8,2.1,10,80
3112649,Christopher,Ozuna,Education,5,2,1,100
3112653,Chris,Weber,Education,5,3,1,100
3083769,Alireza,Yazdani,Business,4.7,2.3,3,66.6667
199119,Henry N.,Pontell,Criminal Justice,3.5,2.6,89,71.4286
1726059,Liane,Brouillette,Education,4.2,1.5,25,73.6842
2114439,Rachel,Goldberg,Sociology,4.9,2.2,16,100
2772803,Feroz,Ansari,Management,3,1,2,50
285614,David A.,Smith,Sociology,3.2,3.2,49,33.3333
2113852,Aysegul,Janssens Inceoglu,Writing,2.5,4,3,0
3045501,Jack,Langson,Computer Science,4.5,2.9,24,83.3333
2540223,Isabela,Quintana,Asian Studies,5,3,2,100
2345940,Paul,Robertson,Physics & Astronomy,4.6,2.4,43,90.6977
245339,James C.,Earthman,Engineering,2.1,3.4,31,18.1818
2205822,Theodore,Gideonse,Public Health,3.7,3,55,69.0909
2085399,Katya,Krupchyk,Mathematics,4.8,2.9,14,100
1241134,Paul,Dourish,Informatics,4,2.1,12,100
152370,Susan,Coutin,Criminal Justice,3.9,2.5,28,85.7143
2604306,Zhou,Li,Engineering,2.9,3.5,19,47.3684
2151917,Maksim,Plikus,Biological Sciences,4,3.7,6,83.3333
3075709,Viviane,Mahieux,Spanish,4.5,2.5,2,100
2116789,Cailin,O'Connor,Logic  Philosophy,4.5,2.4,10,88.8889
295665,Kai F.,Wehmeier,Philosophy,4.2,2.5,51,94.7368
2637931,Mark,Baldwin,Computer Science,4.8,3,42,97.619
2648291,Hyun Joo (Sandy),Oh,English,4.5,3,22,81.8182
2915984,Nathalia,Alvarez,Spanish,1.7,3.7,3,33.3333
2581054,Albert,Siryaporn,Physics & Astronomy,3,4.2,48,54.1667
355144,Elliott P.,Currie,Criminal Justice,4.8,2,63,92.8571
2740514,Nils,Randrup,Management,2.2,3.7,6,33.3333
110458,Bert,Buzan,Political Science,3.9,2.7,70,100
637110,Steve,Gross,Biology,2.1,4.1,17,66.6667
415209,Vladimir,Mandelshtam,Chemistry,2.8,3.5,84,25.5814
1257747,Jonathan,Alexander,Writing,4.2,2.5,23,68.75
447324,Ron,Frostig,Biology,3.8,2.7,29,100
1987538,Eric,Swanson,Economics,2.9,3.9,25,38.0952
584685,Heidi,Tinsman,History,4.2,2.6,20,88.8889
2855778,Letizia,Mariani,Writing,5,2,2,100
3108056,Xizheng,Wang,Engineering,5,3,1,100
149918,Donald,Blake,Chemistry,3.1,3.5,280,38.1679
3104387,Dung,Nguyen,Informatics,3.7,2.2,9,88.8889
2382490,Lauren,Ross,Social Science,3.2,3,6,50
308558,Michelle,Garfinkel,Economics,3,3.7,42,37.5
1790164,Paniz,Ebrahimi,Electrical Engineering,3.3,2.9,20,50
1558896,Wendy,Liu,Biomedical,4.6,2.9,15,66.6667
287792,Jodi Anne,Quas,Psychology,4.2,3.2,55,94.1176
2963601,Changhan,He,Mathematics,5,2.5,4,100
2778432,Kathryn,Campo Bowen,Writing,4.7,2,3,100
1793892,Nate,Franke,Management,1.8,4.1,18,17.6471
1265997,Frederic,Wan,Mathematics,2.6,4.2,11,42.8571
1191172,Ali,Nayeri,Physics & Astronomy,2.9,4.3,39,75
2980443,Cherlyn,Ng,Cognitive Science,2.1,4.6,21,28.5714
2916309,Natasha,Synycia,Humanities,4.4,3.8,9,77.7778
238396,Raymond,Novaco,Psychology,2.6,4,130,28.8889
2334766,Shane,Ardo,Chemistry,3.9,3.4,31,77.4194
3057055,Pedro,Teixeira,Mathematics,1.3,4.7,19,5.2632
2583437,Alejandra,Reyes,Urban Planning,2.3,2,11,27.2727
79279,Steven W.,Barwick,Physics,3.1,3.6,111,36
2561895,Dimitri,Papamoschou,Mechanical Engineering,4,3.3,9,77.7778
2659863,Stacy,Copp,Materials Engineering,5,2.5,2,100
2267486,Jessica,Borelli,Psychology  Social Behavior,3.9,3.5,32,65.625
1185014,Nancy,McLoughlin,History,3.5,3.6,24,53.8462
1105030,Larry,Plon,Pharmaceutical Sciences,3.9,4.1,16,50
447323,Michael,Leon,Biology,3,3.2,79,39.4737
2319278,Nancy,Rodriguez,Criminology,2.7,3.4,23,34.7826
111689,Daqing,Wan,Mathematics,2.7,3.1,37,83.3333
2350239,Christine,King,Engineering,2.3,4,36,27.7778
2513312,John,Master,Art,1.6,4.1,24,8.3333
2748064,Kevin,McKeown,Music,4.3,1,3,100
766319,Jennifer,Hite,Management,3,3.6,49,38.8889
3098563,Jaehyun,Lee,Logic & Philosophy,3,3,1,100
1902323,Braxton,Soderman,Film,4.3,2.4,14,91.6667
2891241,Philana,Payton,Film,4.2,3.2,5,80
1369357,Shane,Goodridge,Education,4.2,2.2,41,80
1464684,Jeanne,Scheper,Women's Studies,3.1,3.5,21,50
971691,K,Sumikawa,Biology,3.8,3.5,6,100
3104397,Sang-Woo,Jun,Computer Science,5,4,1,100
1991133,Radhika ,Lunawat,Management,4.2,1.8,5,66.6667
360135,Francois William,Primeau,Science,2.9,3,40,0
2841992,Clay,Ammentorp,Humanities,4.7,2.3,7,100
1876088,Peter,Navarro,Economics,2.9,2.4,9,50
2356758,Kate,Kuhlman,Psychology,3.3,3.7,3,33.3333
3106878,Rachel,Baron-Bloch,History,5,3,1,100
2782982,Alexsundra,Captan,Urban Planning,5,3,5,100
2350473,Franklin,Dollar,Physics & Astronomy,2.3,4.1,49,30.6122
2240395,Mo,Li,Civil Engineering,4.5,2.9,24,91.6667
2674998,Adam,De Petris,Writing,5,2,8,100
2473039,Sandra,Harvey,African-American Studies,4.3,3.2,6,83.3333
2516477,Deanna,Shemek,General Studies,2.6,2.4,23,21.7391
2375844,Vimuttinan,Cathy,English,3.5,2.8,17,52.9412
924993,Kourosh,Saberi,Psychology,4.7,2.6,22,100
1873259,Martin,Harries,English,3.4,3.1,18,56.25
2989662,  Kedarious,Colbert,Urban Planning,4,4,1,100
1067453,Mark Andrew,Le Vine,History,2.8,3.5,10,33.3333
1256191,Jason,Shelley,Philosophy,3.5,3.4,5,0
2146087,Hillary,Berk,Criminology Law  Society,3.9,3.3,75,67.5676
949992,David,Pan,German,3.8,2.7,23,50
641888,Kai,Evers,German,4.6,2.7,40,100
549711,Ying,Hu,Asian Studies,4.1,2.8,22,72.7273
2990058,Mercy,Romero,Criminology,3.6,2.9,8,62.5
2672285,Alejandra,Rodriguez-Verdugo,Biological Sciences,4.9,2.5,35,100
2841358,Joanna,Peplak,Psychology,1.8,4.1,24,16.6667
2257404,Ardalan,Amiri Sani,Computer Science,3.3,3.3,14,57.1429
3040546,Krithika,Jagannath,Informatics,3.7,1.8,6,50
3045496,Ivan,Kapunin,Physical Education,1.2,4,5,20
2917368,Sarah,Koo,Music,2.5,2,2,100
489734,Keyue,Smedley,Engineering,2.4,3.8,25,11.1111
1200398,Karajean,Hyde,Reading,2.9,3.5,10,37.5
1706727,Jered,Haun,Engineering,3.6,2.9,18,72.7273
2699809,Kenneth,Murphy,Management,2.6,4.5,17,35.2941
2652719,Dawn,Norfleet,Music,2.5,3.8,15,40
3102960,Thea,Patterson,Physical Education,5,1,1,100
2547268,Ann,Tran,English As A Second Language,5,1.6,7,100
2927845,Isabel,Beavers,Art,3,3.5,2,50
2674281,Ashwin,Bajaj,Writing,3.2,3.6,5,40
2605220,Alison,Holman,Nursing,5,1,4,100
2441508,Suellen,Hopfer,Public Health,1.9,3.5,10,20
2992410,Anna,Kenney,Mathematics,5,2,2,100
93462,Michael,Franz,Computer Science,3.4,3.6,26,71.4286
3001659,Jungmin,Lee,English,4.8,2,4,100
1417692,Jonathan,Keeperman,Writing,4.6,2.9,70,91.4286
1891657,Luyi,Gui,Business,4.2,3.1,7,80
2902775,Flynn,Mixdorf,Writing,4.8,2.5,4,100
358281,Victoria Elaine,Johnson,Film,3.6,3,45,42.8571
2903980,David,Mwakima,Philosophy,4.1,2.7,21,80.9524
1259144,Daniel,Matlock,Writing,4.4,2.4,17,100
1798515,Rachel,Mykkanen,Humanities,4.7,3.5,15,90.9091
2069037,Ali,Mortazavi,Biological Sciences,2.6,3.8,17,35.2941
2640442,Jessica,Garrison,Urban Planning,4.8,2.1,22,95.4545
2890190,Joseph,Labagnao Ligunas,Humanities,4.7,2,3,100
3079695,Matthew,Landry,Public Health,5,2,2,100
2236992,Jason,Mueller,Social Science,3.6,3.3,8,37.5
832625,Betty H.,Olson,Environmental Science,2.5,3.3,15,50
21707,Thomas,Douglas,Anthropology,4.8,1.5,404,94.7368
2386874,Todd,Richey,Management,3,3.9,31,38.7097
2466479,Ping,Lin,Accounting,3.8,3.2,12,66.6667
2532179,Judith,Kroll,Linguistics,5,2.3,3,100
2466510,Adria,Imada,Humanities,5,1.5,2,100
2263699,Aaron,Trammell,Information Science,2.3,2.5,16,31.25
595472,Thorsten,Ritz,Physics,2.1,3.6,93,25.7143
3089716, Jianqing,Wu,Business,1,4,1,0
859107,Barbara,Sarnecka,Psychology,4,2.6,33,84
2274695,Aaron,Fay,Biology,4,3,2,50
2580572,Kyriacos,Athanasiou,Biomedical,4.4,2.6,5,80
2295140,Lee,Cabatingan,Criminology Law amp Society,3.3,4,21,52.381
1246167,Erwin,Chemerinsky,Law,3,2.8,6,0
1481441,Isabella,Velicogna,Earth Science,3.4,2.3,14,60
2856393,Herdeline,Ardoña,Chemistry,4,3.3,4,100
2774563,Tianchen,Qian,Statistics,4,3.8,17,70.5882
1268137,Derek,Dunn-Rankin,Mechanical Engineering,4.5,2.8,4,100
3083669,Kenny,Easwaren,Logic & Philosophy,3,2,2,50
2056542,Pooria,Yaghini,Electrical Engineering,3,5,2,100
114500,Ellen R.M.,Druffel,Science,4.1,2.1,50,70.5882
2424583,J.,Klemfuss,Psychology & Social Behavior,3.4,3.3,47,57.4468
340864,James W.,Hicks,Biology,3.8,3.3,40,88.8889
2498782,Vellore,Arthi,Economics,2.8,4,8,37.5
2199323,Mingyan,Huang,Mathematics,4.5,2,2,100
2579274,Yolandaa,Venegas,Writing,3.4,2.8,13,61.5385
2659578,Maureen,Brouwer,Composition,4.4,3,11,63.6364
2892920,Maria,Bermudez,Sociology,4.6,2.7,7,85.7143
1225277,Roberta,Wue,Art History,4.1,3.1,28,62.5
568733,Rajagopalan,Radhakrishnan,Asian Studies,4.3,2.7,24,76.9231
2522719,Joel,Veenstra,Dramatic Arts,4.5,2.5,6,66.6667
2991218,Joost,Ziff,Humanities,1.8,4.3,4,0
1003563,Cynthia,Bassham,Dramatic Arts,4.5,3,2,100
618809,Asantha,Cooray,Physics,4,2.1,53,77.1429
1553016,Patricia,Wellmeyer,Accounting,3.9,2.9,40,70
1823557,Michael,Cooper,Physics & Astronomy,2.9,3.1,38,38.4615
1371874,Ayako,Nagai,Japanese,4.4,2.9,14,71.4286
1376130,Julie,Cho,Anthropology,3.5,2.2,12,50
2075782,Jade,Jenkins,Education,4.3,2.9,8,100
2991887,David,Schaefer,Anthropology,3.6,2.3,7,57.1429
2826791,Mohsen,Imani,Computer Science,4.3,2,3,100
1455276,Julius,Bailey,Religion,5,2.5,2,100
3084324,sean ,arayasiriku,Public Health,4,2,1,100
3084253,Fiona,O'Connor,Spanish,4,3,1,100
2201350,Margaret,Speer,Writing,3.9,2.8,18,72.2222
1275967,Babak,Shahbaba,Statistics,3.3,2.2,17,66.6667
2680544,Max,Fieg,Physics & Astronomy,4.9,3.1,8,100
2385518,Henry,Ward,Writing,4.1,2.9,7,85.7143
2674899,Yasser,Shoukry,Engineering,4.2,3.2,6,83.3333
2580471,John,Hipp,"Criminology, Law & Society",2,3.4,5,0
2571988,Jesse,Wolfson,Mathematics,2,3.7,24,16.6667
2119217,Nathan,Kaplan,Mathematics,4.6,3.4,23,95.4545
13201,Pierre,Baldi,Computer Science,2,3.5,53,9.5238
1617967,Kara,Placek,Sociology,4.4,2.7,30,73.913
823127,Cecelia,Lynch,Political Science,4,2.8,29,64.2857
2185079,Morgan,Slade,Writing,5,1.8,6,100
2779388,Diya,Mathur,Writing,2.8,3,4,25
2888028,Avipsa,Roy,"Planning, Policy & Design",1.3,2.7,3,0
2560570,Olivia,Rall,Writing,4.6,2.6,7,85.7143
1846871,Mathew,Blurton-Jones,Biological Sciences,4.4,2.7,7,100
2690052,Sarah,Award,Art,2.8,4,4,50
2044068,Eleana,Kim,Anthropology,3.4,2.8,41,57.5
2466384,Stephen,Schueller,Psychology,4.4,2.5,17,94.1176
1916165,Sarah,Pressman,Psychiatry & Human Behavior,3.9,2.1,30,70.3704
2265076,Ines,Levin,Political Science,3.4,2,10,60
656888,Zhongping,Chen,Engineering,2.9,3.8,10,28.5714
3082053,Lesley,Elizondo,Film,3,3,1,0
2306240,Jenny,Rinehart,Psychology & Social Behavior,4,2.5,15,80
2606179,Stephen,Howard,Writing,4.8,2.2,13,92.3077
2560339,Paata,Ivanisvili,Mathematics,4.5,2.5,4,75
294746,Adriana Darielle Mejia,Briscoe,Biology,3.7,2.7,54,88.8889
327658,Bill,Heidbrink,Physics,3.6,3.3,37,83.3333
2438621,Yassaman,Rahimi,English,5,3.2,6,100
2808185,Sungwoo,Nam,Engineering,4.2,2.8,6,83.3333
2989259,Erika,Mey,Public Health,1,5,4,0
2238784,Liron,Mor,Comparative Literature,4,3,3,66.6667
79053,Sherilyn,Sellgren,Political Science,4.4,3.1,111,85.3659
632825,Emily,Grossman,Psychology,3.6,4.1,55,81.25
2977458,Galia,Bar-Sever,Languages,4.3,2.9,9,88.8889
926891,Al,Valdez,International Studies,4.6,1.5,145,90.4762
3028840,Kameko,Washburn ,Public Health,4.9,2.7,7,100
3081017,Charles,Finn,Social Science,5,2,1,100
2575648,Chris,Barty,Physics & Astronomy,4,2.8,5,40
170026,Sarah Bennett,Farmer,History,3.4,2.8,36,50
998784,Jeffrey,Wasserstrom,History,3.2,2.7,24,25
1411121,Elliot,Botvinick,Engineering,3.5,3.2,20,50
1894769,Michael,Yassa,Neurobiology & Behavior,4.8,2.6,16,90
1986705,Michael,Pritchard,Earth Science,3.2,3.5,26,66.6667
575358,Matthew,Beckmann,Political Science,4.5,2.2,127,87.5
157361,Ying,Petersen,Languages,4.6,2.7,25,80
578613,Simon,Penny,Art,2.3,3.6,32,29.1667
2008205,Wenlong,Jin,Civil Engineering,3.3,3.2,5,75
1088150,Alessandra,Panlano,Mathematics,4.5,2.1,14,75
2730637,Shane,Gonen,Biological Sciences,2.9,3.6,9,55.5556
2355425,Alana,Lebron,Public Health,4,1.8,4,75
3078428,Donald,Minckler,University Studies,5,1,1,100
162373,Dorothy,Fujita-Rony,Ethnic Studies,3,3.1,96,41.6667
2669019,Grace,Lee,Biology,2.5,4,2,50
2117661,David,Ochi,Social Science,4.4,2.3,7,83.3333
2444460,Jian,Peng,Environmental Engineering,4.7,1.3,3,100
3078301,Ryan,Foland,Business,5,1,1,100
1880987,Mohammad,Rafi,Humanities,4.7,2.9,86,98.1818
1411348,Angela,Lukowski,Psychology,2.6,3.9,51,35
2739590,Bridget,Cooks,African-American Studies,2.9,3.4,7,42.8571
166721,Beheroze F.,Shroff,Humanities,4.5,2.3,45,100
1730791,Robert H.,Liebeck,Aerospace Studies,2.3,4.4,14,54.5455
21710,David S.,Meyer,Sociology,3.6,2.9,52,100
2928294,Khirad,Siddiqui,Criminal Justice,4.7,2.3,3,100
2825935,Stephen,Gibson,Urban Planning,4.9,2.1,11,90.9091
2474325,Mei,Kong,Biological Sciences,4.5,2.6,10,100
364571,Mei,Zhan,Anthropology,3.1,2.3,95,57.4468
2603221,Nia,Dowell,Education,4.1,1.6,8,62.5
2653330,Julio,Torres,Spanish,4.7,4,3,33.3333
2678344,Desha,Dauchan,Film,3,3.6,5,60
2350457,David,Lim,Dance,5,4,2,100
1115771,Kristen,Monroe,Political Science,3.5,2.7,7,66.6667
603989,Gopi,Meenakshisundaram,Computer Science,2.9,3.9,71,48.5714
2355715,Jeff,Ludwig,Mathematics,2.2,4.4,28,28.5714
463735,Lubomir,Bic,Computer Science,3,2.5,45,61.7647
2629951,Qi,Chen,Computer Information Systems,3,4,3,33.3333
3074622,Rita,Tamer,Languages,5,2,1,100
2643214,David,Kisailus,Materials Engineering,3.5,3.5,8,62.5
1115849,Mads,Andersen,Chemistry,3.5,3.4,26,75
638113,Carl,Schwarz,Political Science,3.5,3.1,14,100
2604440,Louise,McCune,Writing,5,3.2,6,100
2320848,Kapil,Dandamudi,Political Science,3.9,3.3,7,71.4286
1086570,Francesca,Polletta,Sociology,4.8,2.1,53,96
157292,Henry,Lee,Engineering,2.9,4,88,22.5
2814087,Li,Guann-Pyng,Electrical Engineering,4,4,1,100
1781219,John,Niemen,Writing,5,4,2,100
163442,Valerie,Wright,Psychology,3.5,3,104,60
3028312,Juan Carlos,Perez-Ibarra,Engineering,2,4.1,7,28.5714
511184,Carmen Patricia,Tovar,Languages,3.9,2.8,5,0
2995836,Peter,Mastracco,Engineering,5,3.5,2,100
2583288,Qianru,Li,Dramatic Arts,4,2.7,3,66.6667
2652446,Danielle,Thomsen,Political Science,4.9,2.1,7,100
3041416,Cole,Oman,Business,4,3,1,100
1907581,Mimi,Liljeholm,Cognitive Science,3.2,3.9,18,43.75
3055489,Camille,Acosta,Humanities,4.5,2,2,100
271109,Lorene,Delany-Ullman,Writing,3.5,4.4,66,55
1847467,Alon,Gorodetsky,Chemistry,2.1,3.7,64,15.7895
392033,Laura,Mitchell,History,3.8,2.7,42,85.7143
2468072,Madeleine,Read,English,5,2.8,6,100
2091423,Yue,Zhang,Mathematics,3.1,3.5,22,35.2941
3055161,Bill,Jung,Information Science,1.8,3.4,16,12.5
2308509,Jenny,Yang,Chemistry,4.6,3.2,9,100
3025490,Jose,Sandoval,Physics & Astronomy,3.5,5,2,100
810858,Stanislaw,Jarecki,Computer Information Systems,3,3.6,59,46
2468877,Neda,Sahranavard,English,3.2,2.4,9,55.5556
155802,David,Van Vranken,Chemistry,4.3,2.9,118,82.0513
214610,Yang,Su,Sociology,3.2,2.2,41,50
1462836,Hao,Gao,Mathematics,3,3.3,8,50
223689,Linda Greene,Haas,Writing,4.1,3.3,62,74.1935
1106028,Kristen,Hatch,Film,3.6,2.9,35,47.619
2120654,Ann,Rosen,Spanish,4.3,3.4,5,75
3065848,Antonio,Rodriguez Lopez,Economics,4,3,1,100
560162,Victoria,Bernal,Anthropology,2.4,2.5,110,37.5
2674278,Dom,Shank,Writing,5,1.3,3,100
1109447,Ashley,Williams,Social Science,3.8,3,11,0
635017,Nikil,Dutt,Computer Science,1.8,4.1,31,20.8333
3016195,Faraz,Mohammadi,Criminology,3.8,4.7,24,41.6667
569434,Gonzalo,Navajas,Spanish,4.2,1.8,23,66.6667
3035147,Marco,Sanchez-Cano,Spanish,4,3,1,100
315348,Jeff,Barrett,Logic & Philosophy,4.3,3,32,100
315342,Kyle,Stanford,Philosophy,3.1,3.5,24,28.5714
2057601,Jenny,Rinehart,Social Ecology Administration,3.3,3.3,19,43.75
1039385,Lee,Swindlehurst,Electrical Engineering,3.6,3.6,16,66.6667
495247,William,Tang,Engineering,3.1,3.8,12,37.5
2612033,Omid,Esmaili,Civil Engineering,1,4.7,7,0
2951184,Daniel,Levine,History,5,1.5,4,100
3059099,Bill,Jung,Computer Science,2.7,2.7,3,33.3333
2966270,Liangzhong,Xiang,Biomedical,1.7,3,3,0
2767343,Jacqueline,Huynh,Engineering,5,2.5,2,100
2801079,Chris,Nagelvoort,East Asian Lang. & Literature,5,2,1,100
355267,Craig Michael,Walsh,Biology,3.5,3.3,30,75
2806937,Jin,Yu,Physics & Astronomy,1.1,5,21,9.5238
2144978,Christie,Fowler,Neurobiology  Behavior,4.8,3.1,11,90
2997661,Noelle,Viger,Writing,3.5,3,4,100
1266030,Lucas,Hilderbrand,Film,3.4,3.3,16,44.4444
1885846,Yingying,Dong,Economics,2.7,3.5,22,38.8889
2620434,Eve,Darian-Smith,Global Studies,4.8,1.8,5,100
3062748,carmen ,Butcher,English,3,5,1,0
2748723,Andrew,Borba,Dramatic Arts,5,2,1,100
2244487,Mustafa,Ibrahim,Informatics,2.9,2.9,87,55.1724
1283275,Patricia,Diaz,Economics,3,3.1,30,48.2759
2758700,Allison,Salmon,Informatics,2.1,4.1,18,22.2222
1102032,Stephanie,Reich,Education,3.2,3.6,37,50
2678272,Ssuyu,Chen,Writing,1,3,3,0
1209998,Guillaume,Rocheteau,Economics,2.1,4.1,54,5.2632
1481451,Michael,Goulden,Earth Science,4.4,3.6,9,66.6667
2960221,Antonio,Rodriguez-Lopez,Economics,4.5,2.5,2,100
55660,Phillip,Sheu,Engineering,2.5,3.1,68,9.6774
2733227,Julian,Francolino,Art,2,3.5,21,19.0476
2626768,Sherine,Hamdy,Anthropology,4.1,2.3,15,80
2957394,Marc,Osborn,Writing,5,2.2,6,100
3055362,RJ,Szuba,Writing,5,3,1,100
2807855,Alon,Burstein,Political Science,5,2.7,6,100
2580495,Marco,Huerta-Alardin,Spanish,4,3,5,80
3051269,Sierra,Gross,Materials Engineering,5,2.5,2,100
1858998,Gina,Ruggiero,Humanities,4.3,1.6,11,100
3053221,Manuel,Michel,Biology,1.3,5,3,0
3049482,Maria,Montenegro,International Studies,5,1.5,2,100
624082,Chuansheng,Chen,Psychology,3.3,3.1,29,0
1879979,Leili,Shahriyari,Mathematics,2,2.9,10,50
2225400,Ed,Coulson,Business,3.7,3.2,10,70
2938035,Alisa,Wankier,History,4.3,3,4,75
2920231,Eiko ,Haraguchi,Japanese,5,2,1,100
120170,Valerie,Jenness,Criminal Justice,4.2,3.1,93,73.5849
2150133,Nicholas,Marantz,Planning Policy  Design,3.5,3.2,11,63.6364
2881615,Renee,Garett,Information Science,2.6,3.2,5,40
1809261,Glenda,Flores,Latin American Studies,4,2.6,20,100
2570832,Sarah,Finkeldei,Chemistry,2.7,3.8,62,35.4839
2676944,Ronke,olabisi,Engineering,1.7,2.7,3,0
823623,Thomas,Eppel,Management,4.4,2.1,139,86.7925
2983046,Amirali,Baniasadi,Computer Science,1.1,4.2,32,6.25
256458,Eric,Mjolsness,Computer Science,1.3,4.4,45,9.0909
2332869,Stephan,Hammel,Music,2.9,3.7,15,40
822826,Roxanne,Varzi,Anthropology,3.6,2.1,21,100
1268119,Kristin,Peterson,Anthropology,3.9,2.7,11,75
377799,Nick,Sinigaglia,Philosophy,4.9,2.1,14,100
135733,V,Silver,English,3.9,3.5,48,80
1653944,Long,Chen,Mathematics,2.4,3.7,25,33.3333
2750336,Peter,Tseng,Electrical Engineering,2,4,9,22.2222
311959,Carrie,Noland,Humanities,3.3,3,23,37.5
3022243,Abraham ,Gutierrez,Biology,1.1,4.7,17,0
1507185,Frederick,Park,Mathematics,5,3.7,6,100
2915397,Jing,Yu,Physics & Astronomy,3,5,2,50
2731748,Yiyue,Zhang,Mathematics,2.4,3.8,25,32
522682,Ruohmei,Hsieh,Languages,4.9,3,23,100
2467380,Larry,Wilk,Business,4.3,2.2,13,76.9231
3010785,Ainsley,May,Logic & Philosophy,4.5,1,2,100
809357,Ayman,Mosallam,Civil Engineering,3,2.9,17,0
816062,Emily,Brauer Rogers,Writing,4.4,2.9,25,88.8889
2257582,Young-suk,Kim,Education,3,4,2,0
2542720,Joshua,Grill,Neurobiology & Behavior,3.4,3.4,5,60
1471469,Elliot,Hui,Biomedical,2.6,4.3,9,42.8571
2587150,Veronica,Berrocal,Statistics,2.2,4.5,60,25
2150320,Hamid,Pourmohammadi,Management,3,3.6,7,42.8571
3029076,Cannon,Vogel,Physics & Astronomy,5,3.3,3,100
3030368,Dorris,Yan,Mathematics,5,2,1,100
2113164,Sergey,Pronin,Chemistry,3.5,3.5,32,64.5161
819941,Daphne,Lei,Theater,1.3,4,10,0
352359,Caesar D.,Sereseres,Political Science,3.8,4,43,33.3333
3025928,Eyob ,Zewdie,Philosophy,5,1,1,100
2384013,Carlos,Colmenares Gil,Writing,4.2,3,5,80
2977460,Kelin,Tham,Writing,5,2,4,100
2593721,Michael,Hoyt,Public Health,3.5,2.8,4,75
2821273,Sheiba,Kaufman,Humanities,5,1,1,100
2121433,Walter,Nicholls,Planning Policy  Design,2.9,3.3,35,36.3636
2020598,Zach,Thammavongsy,Chemistry,4,3,8,85.7143
3018256,Sara,Son,Writing,5,2,2,100
2429154,Nik,Warren,Public Health,4,4,2,100
1588133,John,Guzowski,Neurobiology & Behavior,4.7,3.3,29,88.8889
2930774,Davante,Cain,Physics & Astronomy,2.8,3.6,10,40
2449006,Christine,Tomlinson,Social Science,4.6,2.3,29,93.1034
2935274,Mary,Roth,Computer Science,1.4,4.3,28,17.8571
1023881,Michael C.,Cranston,Mathematics,4.2,2.8,27,81.8182
2976582,Lauryn ,Payne ,Writing,5,2.5,2,100
2477261,Olivier,Cinquin,Biological Sciences,2.3,3.2,6,33.3333
159420,Julia,Lupton,Humanities,4.1,2.7,70,90
2808408,Saleh,Al Jufout,Electrical Engineering,5,2.7,9,100
2718902,Karma Rose,Zavita,Social Ecology Administration,3.8,2.6,18,66.6667
1550011,John,Turner,Management,3.1,3.8,16,40
2515918,Marco,Maggia,Mechanical Engineering,3.2,4.3,13,53.8462
596213,Raju,Metherate,Neuropsychiatry,3.6,3.6,28,81.8182
2673419,Shahrdad,Lotfipour,Pharmaceutical Sciences,5,1,5,100
1990909,Sylvia,Nam,Anthropology,4.7,2.9,7,100
2997320,Sanjeev,Dewan,Information Science,2,2,1,0
2997713,Arvind,Sathi,Business,2,1,1,0
818007,Shuya,Yin,Management,3.8,2.7,15,85.7143
177413,Michael T.,McBride,Economics,3.3,3.3,46,55.5556
1976413,Steven,Davis,Earth Science,4.2,2.6,5,50
806278,Adam,Kaiserman,Writing,4,2.9,13,0
3018386,Edward,Mark,Philosophy,3.5,2,2,50
2190456,Ana,Muniz,Criminology Law  Society,4.7,1.9,35,94.2857
1114765,Touraj,Daryaee,History,3.6,2.4,33,53.3333
2602111,Kristine,Molina,Psychology & Social Behavior,2.8,2.9,16,37.5
2438399,Isis,Huang,Writing,4.1,3.7,11,90.9091
2906125,Kelley,Fong,Sociology,3.8,2.2,5,60
2560734,Junghwa,Kim,English As A Second Language,4.6,1.6,7,85.7143
2930393,Andre,LeBrun,Philosophy,5,2.4,5,100
3019526,Victoria,Jackson,Computer Science,5,2,1,100
2752553,Yousuf,Al-Bulushi,International Studies,3.9,2.3,7,57.1429
1477940,Kathleen,Johnson,Geology,3,3.3,22,38.4615
2522809,Salme,Taagepera,Biological Sciences,5,3.5,2,100
331912,Barry,Siegel,Journalism,4.7,2.8,23,100
2657421,Peter,Cibula,Writing,4.7,3.7,3,100
2978528,Michael,Lara,Writing,5,2,2,100
1125405,Feng,Liu,Mechanical Engineering,2.9,4.3,11,44.4444
2374783,DANIEL,PARKER,Public Health,4,3,9,88.8889
515131,Michael,Szalay,English,4.2,3.6,20,100
2238583,Victoria,Silver,English,3.8,4.3,12,58.3333
2994052,Thomas,Scaffidi,Physics & Astronomy,4.6,2.7,11,81.8182
2933417,John,Comerci,English,5,1.6,12,100
2549481,Matthew,Canepa,Art,3.5,3.3,29,37.931
2796731,Mo,Fowler,Writing,4.5,3.5,6,83.3333
740600,Victoria,Wilson,Political Science,3.1,3.4,14,20
2147435,Sha,Sun,Biology,2.2,3.5,6,20
2423106,Michael,Choi,Economics,1.6,4.4,26,15.3846
2997659,Soheila, Jorjani Sadri,Business,4,3.7,3,33.3333
2992552,Claudia,Lavanant,Criminal Justice,5,4,1,100
2966832,Leilani,Kellogg,Psychology,2.4,1.8,18,33.3333
2885376,Christopher ,Halbrook,Biology,2.2,3.6,11,18.1818
2352571,Yunxia,Lu,Public Health,3.9,2.8,8,62.5
37772,Wilima,Wadhwa,Economics,3.5,2.7,66,57.1429
1035986,Alka,Patel,Art History,3.1,3.7,16,25
105656,David A.,Buote,Physics,3.1,3.4,37,55.5556
2759286,Carolina,Valdivia,"Criminology, Law & Society",3,4,4,50
73237,Mark,Steyvers,Psychology,3,3.1,60,32
125842,Phil,Collins,Physics,3.1,3.5,77,34.2105
2502474,Joaquin,Palting,Art,4.8,2.2,25,96
3012620,Alireza,Mehrnia,Engineering,1,5,2,0
354460,Christopher E.,Drover,Anthropology,3.6,2.9,67,72.2222
1418455,Sara,Goodman,Political Science,3.3,2.8,30,66.6667
2960177,Mahmoodi,M. ,Languages,5,4,2,100
192278,Thomas M.,Bertolini,Chemistry,4,3.1,71,50
2122955,Mohammad Javad,Abdolhosseini Qomi,Civil Engineering,4,3.8,6,66.6667
1506602,Frank,MacCrory,Computer Science,3.9,2.3,8,71.4286
768391,David,Fruman,Biochemistry,4.3,3.7,19,77.7778
2238641,Anastasia,Baginski,Writing,3.3,3.3,3,66.6667
2546710,Olga,Muranova,Writing,4,2,8,75
2428053,Kimberly,Hermans,Computer Science,1.4,3.3,77,11.6883
2434528,Stacy,Morrow,Statistics,4.4,2.8,24,83.3333
2939715,Maura,Allaire,"Planning, Policy & Design",3.5,4,2,50
2672925,Edward,Telles,Social Science,4,2.8,4,75
213322,Linda Trinh,Vo,Ethnic Studies,4.2,3,69,80
1376108,S.,Taagepera,Biological Sciences,4,3.5,15,58.3333
2240210,Matthew,Freedman,Economics,5,1.8,6,100
2993287,Claire,Burdick,Writing,4,3,2,50
2435168,Andres,Bustamante,Education,3.8,2.6,20,70
3000898,Jay,Cheng,Computer Science,3,3,1,100
3000671,Sidhanth,Raman,Mathematics,5,3,1,100
3000638,Sarah,Fugfugosh-Munoz,Humanities,5,3,1,100
156505,Reginald,Penner,Chemistry,3.6,3.1,69,57.7778
1923134,Jennifer,Terry,Women's Studies,3.8,3.1,12,55.5556
1777227,Mingdi,Xin,Management,3.1,3.6,5,50
784250,Rachel,O'Toole,History,3.3,3.4,26,33.3333
2998256,Zachary,Han,Engineering,0,0,0,-1
1058902,Erin,Obodiac,Humanities,2.3,3.1,38,46.6667
2889107,Rebecca,Korf,Philosophy,2.3,3.4,18,27.7778
2997314,Vibhanshu,Abhishek,Business,5,3,1,100
538754,Andrea,Henderson,English,4.3,2.7,21,66.6667
1411990,William,Roberts,Studio Art,4.6,2.2,5,100
524554,Erik,Kongshaug,Writing,3.7,2.4,28,75
2620552,Matthew,Dean,Philosophy,3.6,2.8,5,60
1560913,David,Feldman,Social Ecology Administration,4.4,2.6,23,94.1176
2263098,Ying-Ying,Lee,Economics,2.5,3.2,13,46.1538
2605154,Edward,Watson,Sociology,5,2.8,6,100
2751278,Lily,Grimes,Writing,5,2.3,3,100
580195,Fatimah,Tobing Rony,Film,4.4,2.8,11,100
366599,Thomas Michael,D'Zmura,Psychology,4.1,2.3,88,86.6667
1988328,Lily,Wu,Engineering,4.4,2.1,17,91.6667
2994468,Vanessa,Thulsiraj,Chemistry,1,5,1,0
927867,Kathie,Levin,English,3.3,3.9,38,47.0588
2673833,Justin,Keever,Film,4.2,2.8,5,80
577976,Syed,Jafar,Electrical Engineering,4.3,3.4,37,100
2578467,Asako,Katsura,Art,5,1.5,2,100
2741063,Gilyoung,Cheong,Mathematics,3.5,3.4,37,67.5676
2889906,Tobin,Hammer,Biology,4.8,2.8,4,100
2819272,Hyunjung,Lee,Korean,5,1,1,100
2658262,Ruchi,Guo,Mathematics,1.8,3.4,19,10.5263
374180,Lowell Bruce,McKay,Writing,4.5,3,63,80.9524
2746852,Allie,Harrison Vernon,Writing,4.9,2.4,7,100
2563379,Pedro,Daher,Writing,3,3.8,6,50
1882785,Ian,Munro,Dramatic Arts,1.8,2,6,0
2147608,Lorenne,Delany-Ullman,Writing,2.7,4,3,33.3333
2240053,Christophe,Litwin,French,1.6,3.9,7,0
1994939,KAT,Lewin,Writing,1,5,1,0
149933,J.,Terry,Women's Studies,3.9,3,28,80
2894171,Mariana,Grohowski ,Social Science,5,3.5,2,100
2989999,Susanne,Phillips,Nursing,1,3,1,0
2294830,Valerie,Wright,Social Science,2,4,1,0
629242,Charles,Glabe,Biochemistry,2.2,4,45,8.8235
2088321,Oren ,Izenberg,English,4.4,3.7,6,80
1588132,Craig,Stark,Neurobiology & Behavior,3.6,3.5,8,57.1429
364857,Virginia L.,Trimble,Physics,2.3,2.9,38,0
2746654,Courtney,Echols,"Criminology, Law & Society",3.7,2,3,66.6667
1180536,Lorenzo,Valdevit,Mechanical Engineering,4.3,2.8,10,75
2150488,Jacob,Ludwig,Writing,4.5,2.4,10,90
2604443,Georges,Van Den Abbeele,English,5,2,3,100
2930788,Omar,Hurtado,Mathematics,2.9,3.6,7,57.1429
2409959,Chuchu,Liang,Accounting,3,3.4,24,45.8333
2599948,Gaystri,Mehra,Writing,2.8,3.5,6,50
2063977,Matthew,Bietz,Informatics,4.5,2.2,17,88.2353
166716,Roger,McWilliams,Physics & Astronomy,2.8,3.9,69,75
358632,Qing,Nie,Mathematics,3.1,2.9,36,25
1548359,Russel,Detwiler,Civil Engineering,3.3,3.1,13,37.5
2915624,Oliko,Vardishvili,Economics,2.5,2.8,6,33.3333
2977052,Yongwon,Cho,Psychology,4.5,2,2,100
2196481,Sanjoy,Moulik,Business,4.1,2.5,16,75
1815049,Jennifer,Garcia,Political Science,5,2,3,100
2593354,Behnaz,Bojd,Business,3,4,2,50
810471,Sharad,Mehrotra,Computer Science,3.2,4,50,50
742260,Aaron,Barth,Physics,3.9,3.1,53,58.8235
2153656,Jaeho,Lee,Mechanical Engineering,2,3.7,9,22.2222
1907096,Christina,Pedram,Psychology & Social Behavior,3.1,4.2,6,66.6667
2230839,Emily,Owens,Criminology,3.3,3.9,12,41.6667
177522,Andrea J.,Tenner,Biology,2.8,3.6,38,13.3333
2951109,Kariar ,Al-Naiem,Criminal Justice,5,2,2,100
893223,Cherlyn,Converse,Mathematics,4.5,1.9,24,0
2973282,Matthew ,Weiss,Business,2.7,3,3,66.6667
2831235,Kevan,Aguilar,History,4.8,2.3,4,75
2262911,Isaac,Goldbring,Mathematics,3.8,3.3,4,100
2958587,Jessica,Schirle,Mathematics,4,4,1,100
905442,Andrew,Borovik,Chemistry,4.2,3,108,77.7778
146167,J. Keith,Moore,Science,4.2,2.6,13,100
2467979,Jung Soo,Lee,Writing,4.1,2.8,12,75
2580500,Emily,Owens,"Criminology, Law & Society",3.7,3.2,6,66.6667
156375,Ahmad,Sohrabian,Economics,2.3,3.9,108,15.3846
156477,I.D.,Scherson,Computer Science,4.1,2.9,33,84.6154
2554607,Gustavo,Oliveira,International Studies,4.8,3,11,100
2761718,Lonnie,Alcaraz,Dramatic Arts,5,3,1,100
2449753,Mazamir,Yousefi,Political Science,4.4,2.2,9,88.8889
277894,Sharon,Block,History,4.4,2.6,28,75
2966614,Mamyrah,Prosper,International Studies,5,4,1,100
2750525,Brendan,Bense,Creative Writing,5,2.8,10,100
1139474,Hal,Stern,Statistics,4,3.6,5,75
2384735,Maria,Kniazeva,Management,3,3.6,5,40
2960770,Quinn,Nguyen,Chemistry,1,5,1,0
2960759,Marina,Fedorova,Information Science,5,1,1,100
165608,Zhihong,Lin,Physics,2.4,3.6,58,28.5714
2658928,Samar,Al-Bulushi,Anthropology,4.6,2.4,5,100
2108847,Jodi,Quas,Psychology  Social Behavior,3.5,3,4,33.3333
2821271,Crystle,Agbayani,Social Science,5,2,1,100
2653466,Benjamin,Kruger-Robbins,Film,4.7,2.8,6,83.3333
470415,Andrezj,Warminski,English,2.6,3.8,49,15.3846
2117513,Fletcher,Christensen,Mathematics,2.3,3.5,6,25
2859826,Moshe,Levine,History,5,1.7,3,100
79439,Heather,Dickinson-Anso,Biology,4.4,2.9,130,100
2711052,Jean-Louis,Bru,Biological Sciences,4.9,2,13,100
2310984,Tryphon,Georgiou,Mechanical Engineering,3.7,3.6,9,66.6667
2654448,Xin,Fu,Mathematics,3.1,2.9,18,55.5556
2916252,Philip,Chu,"Planning, Policy & Design",2.5,2,2,0
2746273,Rudo,Mudiwa,General Studies,4.8,3,4,75
1220578,Hossein,Omoumi,Music,4.7,1.6,8,100
842540,Justin,Richland,Criminal Justice,4.1,3.2,25,45.4545
2581426,Aaron,Styza,Writing,3.1,3.6,8,37.5
2943612,Natalia ,Zanza,Languages,2,3,1,0
231190,Keith,Woerpel,Chemistry,4.1,3.3,57,55.5556
824084,Amy,Bauer,Music,3.1,3.2,10,0
2459904,Kim,Chatani,Business,4.2,3.3,16,81.25
2744936,Monica,Youn,Writing,5,3,1,100
2911036,Salem,Selim,Mathematics,4.2,3.2,9,77.7778
809356,Kuo-lin,Hsu,Civil Engineering,3.5,2.4,12,50
1514702,Rodolfo,Torres,Social Science,3.9,2,45,91.6667
2930068,Jessy,Ayala,Computer Science,5,4,1,100
1604377,Jaymi,Smith,Dramatic Arts,2.5,2.6,5,25
2929348,Yang,Yue,Computer Science,1,4,1,0
1109767,Cristina,Fuentes,Spanish,3.8,3.6,11,0
2673571,Kai,Zheng,Informatics,5,2,2,100
2266397,Amy,Mackay,Art,3,3,2,50
1800941,Mike,Carey,Computer Science,4.2,3.5,45,88.3721
1229372,Ali,Mohraz,Chemical Engineering,4.1,4.3,22,62.5
2807110,Myuriel,Von Aspen,Education,1,1,1,0
2430995,Neda,Moayedi,Education,5,3.3,4,100
428440,Steven,Sommer,Management,2.7,3.4,61,38.2353
2882312,Carson,Hasselbrink,Chemistry,3.7,3.6,21,66.6667
156476,S.L.,Tauro,Computer Science,3.1,3.3,85,100
1592773,Zahrae,Noroozi,Mechanical Engineering,3.1,3.4,10,55.5556
419855,Adriana,Johnson,Comparative Literature,3.7,2.7,27,53.8462
2883051,Dylan,Roby,Public Health,5,1,4,100
2921492,Alec,Follmer,Biology,0,0,0,-1
409045,Linda,Georgianna,English,3.8,3.6,25,0
1055507,Michael,Fuller,Chinese,3.5,3.9,9,75
176910,Thomas David,Boellstorff,Anthropology,4.6,2,48,50
2859786,Miguel ,Quintana-Navarrete,Criminology,5,2,2,100
1148345,Diego,Rosso,Civil Engineering,4.4,2.2,5,100
88308,Linda,Levine,Psychology,4.3,2.6,110,80.8511
2610306,FERGUSON,J.,Chemical Engineering,4.3,4.3,3,66.6667
2915736,Susan,Toma-Berge,Education,4.5,1,2,100
1549854,Raffaele,Mari,Economics,3.1,3.4,48,54.0541
392034,Vinayak,Chaturvedi,History,3.3,3.5,25,33.3333
2915355,Amira,Fruits,Writing,5,2.5,2,100
2351595,Aparna,Chandramowlishwaran,Electrical Engineering,5,4.5,2,100
1698066,Nahum,Chandler,African-American Studies,2.2,3.1,21,11.1111
2208510,Shyam,Patel,Writing,5,2.6,5,100
585772,Ken,Cho,Biological Sciences,3.7,3.9,31,42.8571
2447121,Ryan,Chang,Writing,3.5,4.2,27,51.8519
2673764,Harriet,Weaver,Writing,4.3,2.5,6,83.3333
2916272,Angelo,Demuro,Biology,4,5,1,100
1009679,Christine,Lofgren,Psychology,3.3,2.6,205,63.3929
2823807,Nadia,Hirbawi,Chemistry,4.3,3.1,15,93.3333
2500136,Bridget,O'Reilly,Writing,4.5,2.8,6,83.3333
2689727,Ajay,Garde,Urban Planning,3.3,1.8,4,50
73236,Charles,Wright,Psychology,3.1,3.9,109,41.0714
472601,Darryl,Taylor,Music,3.8,3.4,22,66.6667
856678,Ozdal,Boyraz,Engineering,3.1,3.6,16,25
2659632,Andrew,Palermo,Dramatic Arts,4,2.5,2,50
2912137,Gavin,Kerrigan,Computer Science,5,4,1,100
126882,Theresa Marie,McIntire,Chemistry,3.2,3,109,62.5
843677,Athina,Markopoulou,Electrical Engineering,2.3,3.5,29,30
2733284,Anannya,Mukherjee,Humanities,4,3,4,75
2888522,Tyler,Cushing,Computer Science,3.7,3,3,66.6667
2398716,Dylan,Macdonald,Writing,4.2,2.8,5,80
850219,Nivein,Behairy,Management,4.9,2.5,4,100
2297896,David,Carter,Writing,2.3,3.4,12,8.3333
573684,Larry,Jamner,Psychology,4,3.8,128,53.4483
2651349,Jacqueline,Martinez Cerna,Spanish,3.4,2.8,5,60
591412,Manoj,Kaplinghat,Physics,3.4,3.3,54,75
2043566,Roger,Dellaca,Mathematics,3.1,3.4,53,58.9744
2866119,Yin-Ting ,Liao,Mathematics,2.6,4.6,5,20
1997636,Lilith,Mahmud-Abdelwahab,Humanities,4.3,3.3,3,66.6667
158585,Abraham,Lee,Engineering,2.1,3.1,15,50
2900343,Christofer,Rodelo,Ethnic Studies,5,2,1,100
2673106,Robert,Nielsen,Chemical Engineering,1,3.5,4,0
567703,Alan,Heyduk,Chemistry,2.9,3.6,96,16.6667
213969,Aaron J.,James,Philosophy,3.2,2.7,94,45.4545
1631920,Joseph,Devoy,"Planning, Policy & Design",4.1,2.5,4,100
2326609,Charles,Wright,Psychology & Social Behavior,2.5,4.2,6,33.3333
2606970,Dustin,Moore,Public Health,2.1,2.6,8,25
2466970,Ann,Hironaka,Sociology,4,2,2,100
1883794,Jesse,Jackson,Art,3.7,2.5,31,75
1105567,Mary,Corey,Dance,4,3,14,83.3333
2671023,Daniel,Gardner,Informatics,3.3,2.5,4,50
106647,M.R.,Rose,Science,3.4,2.5,64,100
211031,Veronica,Eckstein,Psychology,4.9,3.1,12,100
2578742,Adeyemi,Adeleye,Environmental Engineering,4.1,1.9,7,85.7143
2551276,Danielle,Thomsen,Social Science,4.6,2.6,11,90.9091
1702593,Kojiro,Umezaki,Music,4.7,2.3,11,88.8889
79104,Rina,Dechter,Computer Science,2.8,3.3,16,33.3333
1766960,Gordon,Delianedis,Finance,2.3,2.3,3,0
2678935,Evan,Sommers,Writing,5,2,1,100
737314,Markus,Ribbe,Biology,2.8,3,57,42.3077
1259223,Anita,Fischer,Writing,4.3,3,41,75
752481,Tibor,Juhasz,Biomedical,2.4,2.8,22,40
2327742,Scott,Volz,Art,4.7,2.4,9,88.8889
2547287,Hannah,Deitch,Writing,4.8,2.3,9,100
2284378,Daniel,Knight,Chemical Engineering,4,3.7,3,66.6667
2791285,Daniel,Shvartsman,Mathematics,4,3,1,100
2583671,Daniel,Nation,Psychology & Social Behavior,3.7,1.8,9,66.6667
2332945,David,Feldman,"Planning, Policy & Design",5,1,1,100
2316163,Roman,Vershynin,Mathematics,5,3.1,12,100
2763589,Jake,Comer,Writing,5,2.3,3,100
2859974,Hua,Lin,Mathematics,4,1.5,2,100
1004180,Yaming,Yu,Statistics,2.9,4.1,23,52.9412
1042760,Zheng,Sun,Business,4.5,2.3,10,100
1104115,Tiffany,Hong,Japanese,4.4,2.4,7,75
2856127,Brent,Nash,Informatics,5,3,1,100
2644567,Peijie,Zhou,Mathematics,4.7,2.5,11,100
2645274,Athanasios,Sideris,Mechanical Engineering,2.1,4.6,8,25
2888462,Max,Speare,Writing,3,4,1,0
2133877,Catherine,Winiarski,Humanities,4.5,3.5,2,100
2780378,Lauren,King,English,3.8,3,4,75
2888073,Connor,Mayer,Linguistics,5,3,1,100
2653017,Nicholas,Martino,Writing,5,2.4,5,100
2268822,John,Chaput,Pharmaceutical Sciences,2.8,3.8,5,40
580734,Lora,Mjolsness,Russian,4.3,2.3,39,93.75
2357372,Richard,Arum,Education,2.5,3,4,25
2873744,Joseph ,Lo-oh  ,Education,5,1.5,2,100
2347316,Brandy,Gatlin,Education,5,1.7,7,100
2520015,Lisa,Levitt,Management,3.3,3.8,22,54.5455
2851840,Haley,Suh,Writing,5,3,2,100
1296926,Herschel,Farbman,English,4,2,12,80
1405900,Lilith,Mahmu,Women's Studies,5,3,1,100
2646548,Leah,Anderson,Writing,3.8,2.8,5,60
1118552,Holly,Poe Durbin,Dramatic Arts,5,2.3,3,100
2706058,Hannah,Knight,Mathematics,4.2,2.5,6,83.3333
2674377,James,Yamada,Writing,3.9,2.9,10,70
2786468,Nancy,Guerra,Social Ecology Administration,5,1,5,100
2306228,Anton,Burtsev,Computer Science,4.2,4.1,21,80.9524
1349182,Ian,Jensen,Writing,3.8,3.6,16,0
915282,Jeff,Wilson,Writing,4.7,3.2,9,100
2253691,Dirk,Horn,Political Science,4.5,3,8,100
1068561,L,Griffitt Bedel,Music,3.3,3,4,0
2715534,Josh,Dolin,Philosophy,5,3,2,100
636382,Dan,Gillen,Statistics,4.7,3.3,7,100
1984169,David ,Wight,History,4.6,1.5,6,100
1342064,You,Mom,Academic Services,5,3.7,3,100
54220,Patrick,Guidotti,Mathematics,2.9,4.2,49,0
2612294,Erik,Moyer,Writing,5,3,2,100
500250,Ann,Sakai,Biology,2.4,3.6,11,0
2823645,Caio,Batista de Melo,Computer Science,5,2.8,6,100
2218379,Samantha,Richardson,Writing,5,2.3,3,100
1761663,Manny,Azizi,Biological Sciences,4.6,3.5,20,90.9091
2520464,Tom,Douglas,Sociology,4.9,1.6,8,100
2836689,Georgia,Halkia,Public Health,4.5,3.5,2,100
2673832,Juan,Villahoz,Spanish,5,2,2,100
2544634,Zhao,Shuang,Computer Science,2.2,3.7,18,27.7778
2293849,Aomawa,Shields,Physics amp Astronomy,2.6,4.1,10,30
581134,Carole,Uhlaner,Political Science,4.3,2.4,18,66.6667
1104899,Juliann,Wolfgram,Art History,4.1,2.8,9,66.6667
111681,Hongkai,Zhao,Mathematics,2.3,3.5,12,0
2005401,Cascade,Sorte,Biological Sciences,3.3,3.8,6,100
1596264,Jeffery,Feland,Classics,5,3.5,2,100
1808214,David,Fontenot,Social Science,4,1.5,2,100
489375,Karina,Cramer,Biology,3.2,3,45,50
1325807,Virginia,Richards,Psychology,2,4.1,22,20
1412865,Ben,Hafensteiner,Chemistry,4.2,3.4,60,100
173415,Bonnie D.,Kent,Philosophy,3.7,3.4,31,33.3333
890973,Dominik,Wodarz,Biological Sciences,3.7,3.1,17,100
2846747,Wanyi,Wang,Management,5,3,3,100
2662335,Monica,Majoli,Art,4,2.3,3,100
2345680,Jennifer,Bornstein,Fine Arts,4.5,3,2,100
770325,Jan,Brueckner,Economics,3.5,3.6,31,100
2774212,Kat,Brewster,Computer Science,5,1.8,6,100
2820989,Herdeline,Ardontildea,Engineering,2,4.5,2,0
633162,Anthony,Kubiak,Art,4.5,1.4,27,100
2741860,Somi,Jun,Writing,5,2.4,5,100
632361,Dan,Rood,History,3.7,3.1,9,100
1572356,Rein,Taagepera,Political Science,3.8,3.2,6,100
2604297,Huy,Nguyen,Biological Sciences,5,3.9,14,100
1094724,Richard,Pattis,Computer Science,3.6,3.9,253,57.8313
2662567,Paulo,Brando,Earth Science,4.5,2,4,75
1259123,Liping,Zhang,Mathematics,1,3.1,9,0
2778319,Charlie,Wren,Writing,5,3,4,100
1477270,Steve,Fritzenkotter,Marketing,4.8,3.3,3,100
2717203,Rainforest,Scully-Blaker,Computer Science,5,1.1,7,100
524023,Chenyang Sunny,Jiang,Social Science,4.1,2.4,7,66.6667
2290565,Sonia,Hirschauer,Chemistry,4.4,3.3,22,86.3636
1683310,Maria,Bose,Writing,5,1.6,8,100
2265316,Michael,Berlin,Writing,5,3.3,4,100
2662486,Alex,Thorton,Computer Science,5,3,1,100
2071499,Adam,Ghazi-Tehrani,Criminology,4.9,1.7,18,100
2667507,Mark,Baldwin,Informatics,5,2.6,7,100
2352129,Leonard,Lane,Management,4,3.3,3,66.6667
738247,Volodymyr,Bilotkach,Economics,4.1,1.9,41,100
1545561,Nilopa,Shah,Economics,2.8,3.1,43,38.8889
577992,Lisa,Naugle,Dance,1.6,2.8,8,0
1551986,Erica,Aguero,Film,3.2,3.7,3,0
2027270,Heidi,Contreras,Biological Sciences,1.8,4.3,6,0
2478781,Canton,Winer,Sociology,4.7,2.7,3,100
1831682,Scott,Northrup,Mathematics,2.8,3.8,47,40
2570863,Erik,Walsberg,Mathematics,2.7,3.4,14,42.8571
2610433,Katie,Cox,Anthropology,3.7,2,3,66.6667
1701635,Santiago,Morales-Rivera,Spanish,4.8,2.4,9,85.7143
2816467,Theresa,Doung,Public Health,5,1,1,100
2549689,Andrew,Geragotelis,Chemistry,3.2,3.4,5,80
2466866,Joel,Wood,Writing,5,1.9,13,100
2704004,Steph,Sallum,Physics & Astronomy,5,1.2,5,100
2236565,Michael,Mahoney,Writing,5,2.4,9,100
963251,Ricardo,Chavira,Social Science,3,2.5,33,20
2645064,Natasha,Miric,Sociology,3.3,2.7,47,57.4468
2584342,Christoph,Fischbacher,Mathematics,4.7,2.8,12,91.6667
956732,Sheila,O'Rourke,Anthropology,4.2,2.5,61,68
1683372,Judith,Sandholtz,Education,3.6,2.2,9,83.3333
2463968,Liane,Sponberg,English As A Second Language,4,3,4,75
2519506,Lingrui,Ge,Mathematics,4.5,2.6,26,88.4615
2577264,Zak,Kassas,Mechanical Engineering,2.4,4.9,17,17.6471
1222202,Chiu-Fai,Wong,Mathematics,1.2,4.5,17,0
215828,James N.,Danziger,Political Science,4.5,3.1,112,92.8571
1692363,Allison,Perlman,History,3.5,3.3,25,42.8571
2336693,Sameer,Singh,Computer Science,3.1,4.1,15,53.3333
2430854,Cassie,Dowd,Writing,3.1,3.5,10,50
2111074,James,Nowick,Chemistry,2,4,1,0
369233,Gloria,Mark,Computer Science,3.4,2.7,20,50
2098541,Andrew,Shipley,Writing,5,1.9,8,100
2567515,Lee,Eisen,Writing,5,2.7,9,100
2505565,Alex,Stanley,Writing,5,2.3,4,100
1604387,Annie,Loui,Dramatic Arts,3,2,2,0
992430,Catherine,Bolzendahl,Sociology,3.7,3.2,22,66.6667
233703,James S.,Nowick,Chemistry,3.7,3.4,46,100
2141013,Kristen,Davis,Civil Engineering,4.9,2,5,100
2151972,Katherine,Mackey,Earth Science,4,1.8,4,75
2703654,Fadi,Kurdahi,Electrical Engineering,3,2.5,2,50
2315744,Stephen,Goggin,Political Science,4.2,2.5,18,72.2222
1693510,Arash,Kheradvar,Biomedical,3,3.3,4,100
2762868,Marie,Nubia-Feliciano,Education,2,1.3,3,33.3333
2637278,Yifan,Wang,Mathematics,4.2,2.6,20,80
2656609,Alexander,Etz,Cognitive Science,4.5,2.5,4,100
1220124,Miryha,Runnerstrom,Environmental Studies,4.8,1.7,66,100
1073166,Friederike,Kaufel,German,3.9,2.7,12,66.6667
2080763,Drew,Shipley,Writing,4.9,2,8,100
791364,Susan,Turner,Criminal Justice,3.2,3.3,32,29.4118
1826371,Steven,Allison,Biological Sciences,4.3,2.4,9,83.3333
2779579,Marcy,Froehlich,Dramatic Arts,4,2.3,4,75
1102363,Sean,Greenberg,Philosophy,2.2,4,30,23.8095
314007,Felicidad,Lim,Film,3.8,2.7,49,57.1429
2242180,James,Smith,Chemistry,4.7,2.9,49,95.9184
370421,M.P.,Wattenberg,Political Science,3.8,2.3,77,52.9412
2639544,Liam,Considine,Art,1.4,3.7,9,11.1111
2561213,Marissa,Ahmadkhani,Writing,4.8,2,4,100
162271,Nurudeen,Alao,Social Science,3.3,2,115,63.1579
2752215,Taylor,Riley,Anthropology,3,3,5,40
147115,Gundrun,Magnusdottir,Science,1.9,3.4,14,0
2023376,Mathieu,Morlighem,Earth Science,4.6,3.1,7,71.4286
2779311,Nickolas,Jones,Psychology & Social Behavior,4.7,3,3,100
2531302,Mary,Schmitt,Film,4.5,3.2,6,83.3333
1800301,Chad,Hall,Dance,2.3,2.3,3,50
2113021,Susan,Morrissey,History,3.9,2.6,10,70
971682,Antoinette,Lafarge,Studio Art,2.9,3,8,0
1108881,Magda,El Zarki,Computer Science,2.8,4.2,20,36.3636
2216536,Danilo,Caputo,Writing,4.7,2.3,12,91.6667
2266511,Judi,Schweitzer,Earth Science,2,4.4,5,20
2544797,Juan,Ochoa-Ricoux,Physics & Astronomy,4.8,2.9,9,100
176661,Peter A.,Bowler,Biology,4.5,2.1,102,83.3333
812300,Jack,Xin,Mathematics,2.6,3.1,37,40
2757854,Wing,Leung,Mathematics,2.5,1.5,2,100
2742265,Timothy,Turnbull,Political Science,5,3,2,100
2705123,Derek,Moseley,Writing,5,2.5,2,100
2719341,Charles (Charlie),Gunn,Writing,5,3,1,100
1003200,Dana,Mukamel,Health Science,2.6,3.6,30,42.8571
2778690,Daniel,Herrmann,Philosophy,5,2.8,4,100
2731430,Damien,Sojoyner,Anthropology,3,2.5,2,50
2748008,Lisa,Kohne,Education,2,3,1,0
2154673,Mark,Walter,Engineering,2.4,3.6,17,35.2941
2107138,Bryan,Sykes,Criminology Law  Society,2.8,4.1,12,50
2781838,Tony,Cheng,"Criminology, Law & Society",3,3,1,0
2780040,Pichaya,Damrongpiwat,Writing,3.5,3,2,100
287558,Alexander L.,Chernyshev,Physics,2.3,3.7,42,66.6667
767119,Don,Hill,Theater,5,2,7,100
2611512,Kendrick,Morales,Economics,2.3,3.3,3,33.3333
1794890,Nicholas,Scurich,Criminology,3.2,4,72,53.1915
2355942,Brandon,Wild,Writing,5,2.8,6,100
2776599,Tsung-Hua,Lin,Statistics,1,5,3,0
1548442,Matthew,Powell,Physics & Astronomy,4.5,2.7,15,60
2780390,Patrick,McBurnie-Nicolay,Writing,5,3,1,100
2780270,Jae,Bang,Informatics,2,4,1,0
767074,James Bryan,Jackson,Digital Arts,4.1,3,16,87.5
1785960,Nathan,Coben,Anthropology,4,3.4,5,75
2780249,Paul,Carter,Mathematics,5,4,1,100
1700604,Michael,D'Zmura,Social Science,4.3,2.1,28,76.1905
816403,Loraine,Lau-Gesk,Management,3.4,3.5,17,83.3333
2650991,Anne,McEvoy,Education,1,1.5,4,0
2306891,Babak,Mazloumi,Writing,2.8,3.6,21,42.8571
2779615,Tuyen,Nguyen,Biological Sciences,5,2,1,100
568734,Rei,Terada,Comparative Literature,4.7,2.2,11,50
2233155,James,Maurer,Writing,4.5,2.9,8,87.5
2754605,Samantha,Garcia,Public Health,5,2.5,2,100
2610089,Nasrin,Rahimieh,Humanities,3,3.5,2,50
1395406,Richert,Wang,Computer Science,4.1,2.2,22,75
1976869,Sunil,Gandhi,Neurobiology  Behavior,3.8,3.2,6,100
2351638,Thomas,Williams,Writing,3.7,3,6,50
2772565,Sarah,Hoenicke Flores,English,5,3,1,100
1865875,Annie,Yaniga,Humanities,4.5,2.7,11,80
377742,Dan,Hirschberg,Computer Science,2.2,4.4,49,23.8095
2121384,Ana,Baginski,Writing,5,2.2,5,100
1108610,C,Benamou,Film,2.6,2.9,10,50
2777037,Samiha,Khalil,Humanities,5,3,1,100
2191093,Phillip,Aijian,Writing,2.8,4.4,5,20
2726284,Xin,Zhao,Mathematics,5,2.5,2,100
2677278,Alejandra,Rodriguez-Verdugo,Biology,4.5,3,2,100
1984756,Tarah,Keeperman,Writing,4.7,3.4,17,84.6154
2668364,Jason,Mueller,Sociology,4.4,2.4,9,88.8889
1971089,Enrico,Gratton,Biomedical,3,2,2,50
578938,David,Redmiles,Informatics,3.8,1.5,10,100
2774006,Maya,Silverman,Physics & Astronomy,5,3,1,100
379894,Hugh,Roberts,Literature,3,3.9,27,42.8571
709765,Vernon,Ng,Writing,4.2,2.5,6,100
2763913,Vijay,Vazirani,Computer Science,3,5,2,50
326187,Douglas,Haynes,History,2.9,3.1,57,50
758096,Martin,Huang,Asian Studies,4.2,1.9,15,85.7143
2354357,Jacob,BAUMGARTNER,Writing,4.2,3.3,11,81.8182
1060600,Edwin,Amenta,Sociology,4.3,2.8,11,71.4286
2648132,Trygstad,Brandy,English,3,3.8,4,50
2748737,Ping,Chen,Informatics,1,4.5,2,0
2595498,Hayley,Glicker,Chemistry,4.8,2.7,18,100
774654,Robert,Corn,Chemistry,4.1,2.1,16,66.6667
508803,Chris,Weaver,Writing,3.5,3.6,14,0
2304193,Edward,Batres,Writing,4.7,2.8,9,88.8889
1825273,Behjat,Sharif,Public Health,4.3,2.4,16,100
1917521,Kathleen,MacKay,English,1,3,1,0
126078,William,Schonfeld,Political Science,4.4,2.6,253,93
1114937,Evan,Schofer,Sociology,4.3,3,43,94.1176
959140,Amelia,Regan,Civil Engineering,2.9,2.7,20,25
2447598,Mikhail,Karpukhin,Mathematics,4.1,3,8,75
2762869,Helena,Li,Writing,5,1,1,100
2539085,Bernard,Grofman,Political Science,3.5,3.8,4,25
79286,Kwei-Jay,Lin,Engineering,3.1,3.3,28,16.6667
353446,Arvind,Rajaraman,Physics,2.9,3.3,43,33.3333
2507997,Thomas,Colclough,Logic & Philosophy,2.5,4.6,8,25
2482620,Gregory,Snider,Business,4.9,3.8,10,100
2679444,Sabrina,Solanki,Education,4.5,2.2,6,83.3333
2320733,Alan,Ng,Humanities,4.7,2.7,3,66.6667
2743948,Emma,Nguyen,Linguistics,4,3,2,100
41246,Vartkess A.,Apkarian,Chemistry,2.9,3.9,29,40
2757417,Bob,Pelayo,Mathematics,2,5,1,0
1781841,Dana,Garfin,Psychology & Social Behavior,3.6,3.6,25,64.7059
1148244,Zhaoxia,Yu,Statistics,4.3,3.2,12,100
2524400,Justin,Lee,English,4.8,2.5,10,100
2654485,Anne,Blackstock-Bernstein,Education,4.7,1.7,3,100
1516153,Stephen,Ritchie,Civil Engineering,3.4,3,4,66.6667
1102532,Albert,Yee,Chemical Engineering,2.2,4.1,10,33.3333
2251205,Brandon,Osborn,Public Health,4,2.5,2,100
2742698,Jessica,Gonzalez,Philosophy,3.5,2.5,2,50
2470838,Szu-Wen,Wang,Chemical Engineering,5,3,2,100
1970495,Matthias,Lehmann,Religion,4.8,2.4,9,100
930634,Ilya,Krivorotov,Physics,3.9,3.1,17,77.7778
1411462,German,Ruiz Enciso,Mathematics,2.8,3.4,50,40
323081,Liz,Cane,Film,3.3,1.7,15,50
128445,Stuart,Kleinfelder,Engineering,2.8,3.4,12,100
1216609,Nasrin,Rahimieh,Comparative Literature,3.3,2.8,12,40
1800303,Tong,Wang,Dance,4.5,3,2,100
2750505,Lernik,Asserian,Mathematics,5,4,1,100
1157462,Victoria,Basolo,Social Ecology Administration,4.1,2.6,18,100
2345454,Jon-David,Settell,English,5,3.6,9,100
2575598,Rhea,Anastas,Art,4,2,2,50
1110710,William,Tronzo,Art History,4.5,2.2,5,100
2743258,Sharrissa,Iqbal,African-American Studies,4,3,1,100
538801,Susan,Brown,Sociology,3.7,2.6,16,62.5
1860837,Tao,Jiao,Accounting,3.3,3.2,20,58.3333
2160837,Hung,Tran,Mathematics,4.3,3.5,4,100
2435709,Jessica,Chen,Chinese,5,2.5,4,100
1856379,Lisa,Montagne,Writing,1.9,4,14,0
1727883,YU,Liu,Physics & Astronomy,4.8,2,2,100
1954368,Elizabeth Betsy,Carter ,Political Science,3.4,3.1,9,100
2478738,Nathan,Allison,Writing,4.2,3.6,5,80
466268,Juli,Carson,Studio Art,2.8,3.2,19,0
2282303,Kara,Dimitruk,Economics,2.3,3,3,33.3333
1772936,Huang,Chong,Management,3.6,3.1,11,100
2639350,Kate,Simon,Psychology & Social Behavior,4.1,3.8,18,72.2222
406635,Knut,Solna,Mathematics,2.7,2.7,29,30.7692
494506,Ender,Ayanoglu,Engineering,4.3,3.3,8,100
2695480,Rayomand,Gundevia,Mechanical Engineering,1.4,4.8,22,9.0909
2599143,Elizabeth,Swingrover,Humanities,5,3,2,100
2246042,Kevin,Cochran,Psychology  Social Behavior,5,2.7,3,100
2048206,Michael,Porter,Mathematics,3.5,3.7,12,72.7273
2467792,Taylor,McCabe,Writing,2.3,4.4,10,30
2102326,Brian,Fonken,Writing,4.1,3.7,18,76.4706
2674288,Andrew,Dunn,Writing,5,3,2,100
2619760,Rebecca,Richart,Anthropology,5,3,2,100
2623107,Arianna,Braconi,Physics & Astronomy,5,3.5,4,100
2023843,William,Devanny,Computer Science,1.8,4.2,10,22.2222
216335,Hyun Young Chung,Hyun,Languages,4.3,2.3,21,100
2398184,Clare,Gordon Bettencourt,History,2.3,2.7,3,33.3333
2499899,Sameh,Eisa,Mechanical Engineering,3.3,2.5,10,50
2320277,Abhishek,Tiwari,"Planning, Policy & Design",2.3,3,8,25
2657465,Marcus,Gabbert,Writing,5,2.3,3,100
2403351,Kyle,David,History,5,3,1,100
871654,Martin,Torres,Music,4.9,2.2,5,100
2677382,Leandro,Fefer,Journalism,5,4,1,100
1435002,Ziggy,Fan,Electrical Engineering,4.9,1.7,9,100
2620125,Sunny,Yu,Physics & Astronomy,4.8,2.8,6,100
651426,Cristiana,Sogno,Classics,3.1,2.9,20,20
1004335,Eva,Seraphin,History,3.6,3.6,28,70
968241,Scott,Bartell,Public Health,2.4,4.1,7,33.3333
2706314,Pinchun,Chen,Cognitive Science,2,5,1,0
2707184,Jiae,Lee,Biological Sciences,2,5,1,0
2199489,Fouad,Oveisy,Writing,3.5,3.9,18,72.2222
2581738,Jean,Little,Writing,4.7,4,3,66.6667
2669574,Brandy,Gatlin-Nash,Education,5,1.3,3,100
2501996,Peter,Lane,Writing,3.4,3.4,7,42.8571
2423825,Jonathan,Gelernter,Writing,4.3,3.3,4,75
2661608,Maysa,Nichter,Law,5,3,1,100
2575543,Luci,Marzola,Film,3.7,3,6,83.3333
2674299,Amanda,Hickok,Writing,5,3.3,4,100
2642490,Zixuan,Cang,Mathematics,4.2,3,10,80
2468696,Dalton,Salvo,Writing,4.8,2.6,8,100
2580897,Zainab,Hussein,Writing,4,2,2,100
298272,Tammy Ann,Smecker-Hane,Physics,1.7,4.2,153,12.5
2434119,Ashley,Call,Writing,5,2.7,3,100
2702918,Seth,Williams,"Criminology, Law & Society",3,2.5,2,50
2704571,Helen,Meskhidze,Logic & Philosophy,4,5,1,100
2437396,Steven,Bankert,Writing,5,2.6,11,100
2238848,Martha,Mecartney,Materials Engineering,3.6,2.9,7,57.1429
2119039,Robert,Barrett,Writing,5,2.7,6,100
96381,Katherine,Faust,Social Science,3.3,3.1,50,46.1538
2157785,Arunima,Choudhury,Linguistics,3.9,2.7,34,70.5882
2190544,David,Smith,Philosophy,3.1,2.3,8,62.5
2633569,Jon,Sigmon,Sociology,4,2.8,6,66.6667
1924720,Naomi,Sugie,Criminology Law  Society,3.8,2.9,12,62.5
1977707,Miriam,Mora Quilon ,Spanish,4.7,3.7,3,100
509164,Ulysses,Jenkins,Graphic Arts,2.1,2.3,31,28.5714
2237151,Bita,Bookman,Academic Services,3.7,4.7,3,66.6667
41248,Grace,McLaughlin,Business,3.9,2.6,136,71.7949
261344,R. Michael,Mulligan,Biology,4.3,3.1,14,100
2385457,Bambi,Haggins,Film,1.8,2.4,5,20
2639379,Romina,Samplina,Humanities,3,3.5,2,50
2538149,Brittnay,Proctor,Humanities,3,2.5,4,50
610588,Ian,Parker,Biological Sciences,3.6,3.4,21,83.3333
2670567,Ian,Oxnevad,Political Science,1,4,2,0
1563740,Jonathan,Nguyen,Biological Sciences,4.8,1,3,100
2309921,Peyam,Tabrizian,Mathematics,4.8,3.6,34,91.1765
827795,Lindsey,Richland,Education,3,3,13,0
923455,Nalei,Guzman,Spanish,3.5,2.5,6,0
146652,Andrew,Tonkovich,Humanities,3.2,4.1,95,40
2673688,Tejaswi,Velayudhan,Economics,3.2,4.2,6,50
2469043,Edwin,Hernandez,Mechanical Engineering,4.9,2,8,100
2367376,Loretta,Ramirez,English,5,2.7,6,100
255071,Michelle I.,Montague,Philosophy,4,2.2,22,100
2387326,Ricardo,Rocha,Dramatic Arts,3.7,3.3,3,66.6667
2663332,Anna,Radovic,Biology,1,4.5,14,0
859715,Michael,Prather,Earth Science,2.7,3.4,11,33.3333
2569720,Li,Zhang,Social Science,5,1.8,5,100
2687789,Avery,Reagan,Dramatic Arts,1,5,2,0
2354654,Diane,Nevarez,Education,4.9,1.6,21,100
41245,Mirroslav,Yotov,Mathematics,2.7,2.8,36,0
2024503,Michael,Gokhale,Physics  Astronomy,2.8,3.5,8,57.1429
2544789,Ruth,Goldstein,International Studies,5,2,4,100
2429607,Joseph,Kramer-Miller,Mathematics,3.6,3.2,12,66.6667
2681861,Ashley,Cheri,Education,5,2,1,100
2620398,Jillian,Kenchel,Statistics,5,2.7,3,100
1414959,Sora,Han,Criminal Justice,3.3,2.3,21,78.5714
151498,Alejandro,Morales,Literature,2.8,2.8,17,75
469779,Cecile,Whiting,Art History,4.1,2.7,10,40
2581108,Minwoo Minu,Park,Dramatic Arts,1.7,4.3,3,0
2671490,Susan,Martonosi,Management,2,4.5,4,25
2677688,Sara,Goodman,Public Health,5,3.5,2,100
2680720,Ben,Schrader,Political Science,3,3,1,0
2266814,Huaming,Yan,Mathematics,3.2,3.3,11,45.4545
2604098,Stephen,Pascoe,Humanities,5,3.3,6,100
2664200,Danah,Alfailakawi,Writing,5,2.5,2,100
161962,D. W.,Smith,Philosophy,2.7,2.7,32,28.5714
2455536,Timothy,Rupert,Mechanical Engineering,3.2,3.1,9,66.6667
73248,Michael,Scavio,Psychology,4,2.2,78,66.6667
316761,Alex,Figotin,Mathematics,1.5,3.1,46,0
136157,Tony D.,Givargis,Computer Science,4.7,2,35,90.9091
2355911,Inez,Tan,English,5,2,8,100
2668435,Stefanie,Doucette,Writing,4.3,4,3,66.6667
2679744,Sophie,Chabon,Writing,2,3,1,0
2351852,Ron,Sorace,Mathematics,2.7,4,40,40
1586806,Aneyci,Robert,English,3.1,3.9,7,20
2356273,Alexander,Cho,Informatics,4.5,2,2,100
366760,Stephen Earl,Tucker,Music,3.9,2.9,15,66.6667
2678927,Martin,Burtin,Social Ecology Administration,1,5,1,0
1695443,Hang,XU,Mathematics,5,3,11,100
2578654,Amir,Rezaei,Mechanical Engineering,3.5,3,2,50
2093891,Raheela,Maniar,Foreign Languages,4.6,2.8,6,100
2473314,Christopher,Cassidy,Writing,3.7,3,6,66.6667
2132587,Manuel,Castaño,Mechanical Engineering,5,3,1,100
445144,William,Evans,Chemistry,3.7,3.6,7,0
2677250,Claire,Watkins,Writing,5,3,1,100
163556,Susan B.,Klein,Ethnic Studies,3.9,2.9,14,100
1478589,Jeff,Krichmar,Psychology,3.7,3.9,7,66.6667
1697119,Jean Paul,Carvalho,Economics,4.2,3.3,44,60
2508230,Shane,Wood,Dramatic Arts,3,2,7,28.5714
733163,Yuliya,Tverdova,Political Science,4.2,2.8,17,100
2328823,Lara,Fitzjarrald,Writing,4.9,3.2,12,100
2116845,Roland,Betancourt,Art,3.3,3,10,50
2352101,Amanda,Mixon,Writing,3.7,3.3,3,66.6667
183573,Salme,Taagapera,Biology,3.7,3.5,112,55.814
2096317,Jerry,Lee,English,3.9,3.5,15,78.5714
2673514,Kazi,Dia,Electrical Engineering,5,2,2,100
2036854,J.,Frietes,Chemistry,1,4.6,5,0
372771,James,Steintrager,English,3.9,3,28,66.6667
2234892,Kirk,Williams,Criminology Law  Society,4.7,2,6,100
1774865,Geoffrey,Bowker,Information Science,4.5,1.8,8,100
2674289,Hallie,Gayle,Writing,4,3,1,100
2632107,Joseph,Klunder,Education,3.5,1.5,2,100
2230992,Robert,Pluta,Mathematics,4.3,2.6,76,82.8947
2613409,Bliss,Lim,Film,5,1.3,3,100
2344158,Nicole,Grimes,Music,5,3.3,4,100
2464163,Michele,Guindani,Statistics,5,4,1,100
2328813,Meng,Zhao,Mathematics,2.4,4.1,14,28.5714
151494,Armin,Schwegler,Languages,4.3,2.9,80,36.3636
2285065,Jenna,Riis,Psychology & Social Behavior,3.1,3.4,14,50
758428,Irene,Tucker,English,2.1,3.7,27,20
1097325,Ivette,Hernandez-Torres,Spanish,4.3,3.3,8,100
711842,Michelle,Latiolais,Writing,4,3.5,8,60
414941,Hyun Ju,Choe,Korean,3.5,2.9,21,28.5714
1461425,Frank,Bean,Sociology,5,2,1,100
2110974,George,Cunningham,Creative Writing,3.7,2.7,3,66.6667
2427240,Bianca,Angeles,University Studies,4.8,1.8,4,100
2482678,Jacob,Schaubs,Foreign Languages,5,3,1,100
2016101,Lesley,Clear,Psychology  Social Behavior,3.3,2.5,18,46.1538
2557738,Jinsu,Kim,Mathematics,2.8,3.6,16,43.75
1449837,Winston,James,History,3.6,2.6,15,50
2468684,Ilhem,Messaoudi Powers,Biological Sciences,2.4,4.2,13,30.7692
599355,James,Herbert,Art History,4,2.8,52,69.2308
2644138,Nessa,Ryan,Psychology & Social Behavior,2.3,1.7,3,33.3333
1730060,David,Woods,Writing,5,2.7,13,100
2629557,Aydin,Mohseni,Logic & Philosophy,5,3.3,3,100
143622,Jonathan Lee,Feng,Physics,4.3,3.2,18,100
2659920,Haotian,Chen,Political Science,5,3,1,100
2182472,Zeba,Wunderlich,Biological Sciences,4.8,2.5,23,100
2659631,Michael,Hooker,Dramatic Arts,5,1,1,100
1054382,Richard,Godden,English,4,4.2,13,83.3333
1768449,James,Goebel,Writing,4.9,2,18,100
2263721,Tonya,Bradford,Management,2,3.5,4,0
949994,Glenn,Levine,German,4.3,2.4,11,75
2640142,Brittany,Morey,Public Health,5,1.8,4,100
2657776,Anthony,Breakspear,Writing,5,3,1,100
1806839,Kristina,Shull,Humanities,4.5,2,5,100
2333713,Abhishek,Tiwari,Social Science,2,4,2,0
1630201,Derek,Bryant,Physics & Astronomy,2.7,4.2,34,48.4848
2604904,Brooke,Harries,Writing,5,2,2,100
2126038,Farshad,Yazdi,Engineering,4.4,2.3,7,80
2653324,Connie,McGuire,University Studies,5,1,1,100
2645310,Taylor,Kidd,"Criminology, Law & Society",5,2,1,100
1107944,A,Rosas,Not Specified,2.3,3.8,44,29.4118
21711,Shampa,Mazumdar,Sociology,4.3,2.2,109,80.9524
2347222,Lai,Jiang,Economics,3,2.8,40,42.5
2402858,Matthew,Mahavongtrakul,Biological Sciences,3.8,3,10,80
829508,Carroll,Seron,Political Science,2.7,3.1,26,16.6667
2263033,Marie,Cross,Psychology  Social Behavior,3.3,3.3,3,66.6667
2575335,Ben,Leffel,Business,3,2.5,2,0
1103490,Annemarie,Conley,Education,3.1,3.1,11,50
37769,Charles,Chubb,Psychology,4.3,2.5,34,50
2577846,Katt,Hoban,Sociology,3,3.2,16,50
2088068,Matt,Cooper,German,4.3,1.8,4,100
1467065,C,Lakon,Public Health,4.3,1,3,100
2386868,Kerianne,Wilson,Biological Sciences,5,1,2,100
2429883,David,Bond,Psychology & Social Behavior,4.8,2.3,7,100
2508417,William,Howitz,Chemistry,4.8,3.6,7,100
1802427,Jacob,Avery,Sociology,4.7,2.2,47,96.5517
2260583,Lilliana,Tannous,English,4.7,2.7,13,84.6154
1714490,Brandon,Brown,Public Health,4.8,1.7,19,100
105043,David,Kay,Computer Science,4.4,2,103,95.8333
2217884,Elliott,Chen,Social Science,2.3,4.3,3,33.3333
2618654,Seyed,Saeidi,Materials Engineering,1,4,1,0
176630,Ruben G.,Rumbaut,Sociology,2.5,3.1,53,50
2580715,Xuan,Huang,Business,4.7,3,3,100
2620403,Ashley,Harlow,Education,4.8,1.5,4,100
2505808,Gabriel,Moreno,Microbiology,4.1,3.6,34,85.2941
2397633,Stefania,Forner,Biological Sciences,5,2.3,6,100
2389725,Alex,Bower,Psychology,3.9,2.6,8,62.5
1824869,Trevor,Allen,Political Science,3,3,2,0
2571484,Yucheng,Ji,Mathematics,1.8,3.8,10,20
2382929,Rachel,Feinstein,"Criminology, Law & Society",4,1.7,6,83.3333
2087529,Elizabeth,Bailey,Psychology,4.5,2.3,20,100
2386167,Justin,Wilford,Public Health,3.2,3.4,10,60
1743927,Roland,Rodriguez,Biological Sciences,2.3,4.2,4,0
2024365,Stefan,Karlsson,Writing,4.8,3.4,26,83.3333
2333516,Hossien,Erjaee,Mathematics,3,2.5,22,54.5455
2467454,Erica,Fletcher,Anthropology,4.5,1.6,11,100
2617710,Will,Stafford,Logic & Philosophy,5,3,1,100
2617369,Connor,Strobel,Sociology,5,1,1,100
384756,Richard,Lathrop,Computer Science,3.2,2.8,28,60.8696
1825867,Meriwether,Clarke,Composition,4.6,2.8,28,91.6667
24618,Donald,Hoffman,Psychology,4.4,3.1,184,80.4878
2499652,Justin,Huft,Psychology & Social Behavior,4.8,2.5,6,100
2334188,Jeanie,Toscano,Spanish,5,3.3,3,100
1910655,Jaime,Allgood,Public Health,3.2,2.8,13,50
2613127,Emily,Shaw,Psychology & Social Behavior,5,2,1,100
2350436,Taiji,Chen,Mathematics,4.4,3.4,16,93.75
2383958,Yimin,Zhong,Mathematics,4.4,3.6,7,85.7143
511845,Natalia,Komarova,Mathematics,3.5,3.4,24,80
2612297,Jennifer,Krumper,Chemistry,5,3,1,100
2612280,Gilberto,Conchas,Education,3,1,1,100
2611374,Aurora Itzel,Garcia,Philosophy,5,3,1,100
570396,Gene,Tsudik,Computer Science,2.8,4.2,25,25
2334103,Rebecca,Pallares,Writing,4,4,3,66.6667
818805,Timothy,Choi,Mathematics,3.5,3.2,15,0
2315543,Jacob,Heim,Writing,4,2.5,2,100
95715,Peter,Rentzepis,Science,1.9,4.2,91,100
1905491,Thomas,Steinberger,Management,5,1.3,3,100
2440022,Gabseon,Lee,English As A Second Language,3.2,2.6,10,40
2577456,Kathryn,Hoban,Sociology,3.7,3,3,66.6667
2600734,Kino,Zhao,Logic & Philosophy,5,3,1,100
2461634,Xin,Dong,Mathematics,2.2,3.8,20,25
2605028,Ramon,Gomez,Electrical Engineering,2,4,1,0
2579497,Lukas,Ligeti,Music,2.3,1.3,3,33.3333
2345705,Jason,Wilkinson,Mathematics,3.1,4.1,12,41.6667
370444,John,Crawford,Art History,4,1.9,12,85.7143
2345193,Simon,Aebersold,Writing,4.7,3.2,14,92.8571
1778183,James,Hull,Social Science,2.7,3.5,62,31.25
2308127,Mason,Boyles,Writing,4.6,2.6,5,80
1865973,Valerie,Sheppard,Business,3.1,3.5,16,33.3333
2211160,James,Bliss,African-American Studies,3.5,3,6,66.6667
2444366,Cassandra,Cruz,English As A Second Language,5,1,1,100
50628,William,Molzon,Science,2.1,4,95,9.5238
1915591,Brandon,Law,Accounting,3.5,4.5,4,33.3333
2382541,Hannah,Dow,Writing,4,4,2,50
2546362,Lauren,Swift,Writing,5,1,1,100
2604405,Megan,Ringel,Psychology & Social Behavior,5,2,1,100
569772,Jared,Sexton,African-American Studies,3.8,2.4,50,70
2578652,Timothy,Koster,Mechanical Engineering,2.5,3,2,50
626472,Priya,Shah,Women's Studies,4.8,2.3,21,100
2603995,Amy,Pratt,Education,5,2,1,100
2289498,Emily,Griswold,Dance,3.3,3,19,57.8947
2578698,Wynand,Kastart,Political Science,1.6,4,5,20
1464144,Steven,Roman,Mathematics,3,4.1,23,52.6316
1964173,Sonia,Desai,Dramatic Arts,4.7,2.7,3,100
126077,Richard,Symanski,Science,3,3.2,166,25
2580499,Yuhong,He,Business,4.5,1.5,2,100
140206,Glen,Mimura,Ethnic Studies,3.2,3.1,43,80
2409787,John,Foraker,English,4.8,3,4,100
1291513,Colleen,Reardon,Music,3,4.4,14,50
952635,Mu-Chun,Chen,Physics,3.9,3.4,43,28.5714
1820989,Diane,Campbell,Biological Sciences,4.5,2,2,100
2119178,Raheela,Maniar,Humanities,3,2.5,2,0
2595987,Yong,Lee,Chemistry,2,4,1,0
325629,T,Poulos,Biology,3.2,3.1,40,22.2222
89714,Catherine,Famiglietti,Mathematics,4.7,2.4,302,63.6364
2396468,Anna,Penner,Sociology,5,2.5,2,100
1855496,Vanitha,Chandrasekhar,Education,4.6,2,7,75
186083,Donald,Saari,Economics,3.9,3.7,21,33.3333
2342580,Fumiko,Tajima,Physics amp Astronomy,4.5,2,2,100
307149,Brian,Rajski,Writing,4.5,2.3,18,100
2521018,Yasamine,Ghorbanian,Biological Sciences,5,3.7,3,100
1289543,Qitao,Guo,History,2.4,3.6,12,40
89715,Donald,Dabdub,Engineering,3.8,3.7,73,62.5
2570155,Naomi,Kaplan-Damary,Criminal Justice,1.2,4.3,13,0
2288066,Amanda,Ross-Ho,Art,5,3,3,100
2529294,Matt,Gibson,Mathematics,1.9,4.3,10,30
2118214,David,Gardner,Biological Sciences,4.7,3.4,10,100
1955703,Samari,Batres,Spanish,4,2.8,5,75
2434413,Mustafa,Hussain,Information Science,3.8,1.5,4,75
2578680,Geoff,Ombao,Informatics,3,4,1,100
1085123,Ramesh,Jain,Computer Science,2.2,3.3,19,15.3846
2432315,Meredith,Harrell,Writing,5,3,4,100
2579678,Mariana,Garcia Junqueira,Social Ecology Administration,5,1,2,100
2405724,Louis,Komzsik,Mathematics,3.1,3.4,9,55.5556
2195351,Senem,Cevik,International Studies,5,2.7,3,100
1452118,Robert,Castro,Latin American Studies,5,4,1,100
2572942,Georgios,Bouloukakis,Computer Science,1.5,4.2,11,9.0909
2573492,Shanetta,Weatherspoon,Management,1,4.3,6,0
2438164,Simona,Capisani,Philosophy,5,2.8,4,100
2357112,Burt,Stillar,Sociology,1,4,2,0
2542660,Blanca,Quiroz,Education,1.2,4.6,8,0
2537175,Celso,Viana,Mathematics,1,5,7,0
1427694,Sho,Seto,Mathematics,3.7,2.1,19,55.5556
2337110,Tiffany,Williams,Social Science,3.8,3.4,9,55.5556
1179790,James,Bobrow,Mechanical Engineering,3.5,3.5,10,100
2274660,Evan,Conaway,Anthropology,5,2.5,2,100
2537783,Bronte,Charette,Chemistry,4,3.1,7,85.7143
2116921,Maryam,Eslami,English,3.3,3.2,22,50
631716,Susan,Trumbore,Earth Science,3.1,2.8,8,66.6667
2547682,Nicole,Khoury,English,4.5,1.2,4,75
1996752,Robert,Spitale,Pharmaceutical Sciences,3,4.2,7,20
1860772,Paul,Stroik,Economics,3.7,4,3,100
2348712,Miles,Parnegg,Writing,4.9,2.7,8,100
1849264,Susanne,Jaeggi,Education,3.2,3.6,15,100
2117065,Sei-Young,Lee,English,4.5,3,11,81.8182
371218,Imram,Currim,Business,4.1,3.6,9,50
2291766,Zhengping,Wu,Computer Science,1.6,3.1,51,11.7647
2535720,Kristen,Snyman,Biology,2.3,4.2,35,42.8571
2506174,Esther,Bailey-Rihawi,Management,4.7,3.7,3,100
2520289,Vanessa,Kauffman,Sociology,3.3,3.3,7,57.1429
2563875,Christopher,Gonzalez,Physics & Astronomy,5,1,1,100
2265009,Zhenlin,Guo,Mathematics,4.8,2.3,26,96.1538
968872,Anthony,Daly,Writing,2.7,2.6,11,100
2352194,Devan,Bailey,Writing,4,2,1,100
2005740,Claudia,Benavente,Pharmaceutical Sciences,4.2,2.7,7,100
2000183,Daniel,Yates,Criminology Law  Society,4,2.3,27,76.1905
2175320,Vladimir,Goren,Mathematics,1.4,3.7,26,3.8462
534450,Kathryn,Ragsdale,History,3,3.6,14,0
2314333,Siew,Hirshleifer,Accounting,1.3,4.8,6,0
2426874,Jin,Hwang,Education,1,1,1,0
582965,Bernard,Tranel,Linguistics,2.5,3.8,13,0
2291401,Vlad,Matei,Mathematics,1.5,4.5,45,8.8889
1413605,Lance,Langdon,Writing,3.6,3.3,22,16.6667
2551150,Peter,Taborek,Physics & Astronomy,3,4,1,0
2513425,Ronald,Sorace,Mathematics,3,4,1,0
2478372,Robin,Scarcella,English As A Second Language,5,3,1,100
2470979,Miguel,Cid,Writing,4.8,2.5,4,100
2285354,Annie,Ro,Public Health,3,3.5,4,50
2404691,Karen,Lenz,English,5,1.7,3,100
2544925,Monica,Cho,Korean,5,3,1,100
2401978,Nicole,Fider,Mathematics,2.9,3.2,17,47.0588
2543768,Deyanira,Nevarez Martinez,Policy Planning & Development,2,5,1,0
2424781,Siew,Teoh,Accounting,1,5,2,0
1654599,Li Sheng,Tseng,Mathematics,3.6,2.5,12,75
159618,Wayne,Sandholtz,Political Science,4.3,2.5,79,40
2532732,Travis,Scholl,Mathematics,5,5,1,100
1919359,Justin,Jarvis,Economics,3.5,3.5,2,50
2167880,Dian,Romonosky,Chemistry,2.3,4,3,33.3333
2381304,Justyna,Sosna,Biological Sciences,4.7,2.3,14,100
2445229,David,Dibble,Chemistry,1,5,1,0
2357847,Eric,Minassian,Physics & Astronomy,2.6,4.2,36,44.4444
2391180,Watkinson,Neftali,Computer Science,5,2.5,2,100
88006,Paul,Jesilow,"Criminology, Law & Society",3.9,2.8,92,33.3333
352362,Leo,Chavez,Anthropology,3.4,2.3,47,0
367724,William,Thompson,Criminal Justice,3.7,3.6,37,60
1756571,Stacey,Hancock,Statistics,4.3,2.9,30,0
1888686,Bart,Knijnenburg,Informatics,3.5,2,7,0
1277408,Sreya,Kolay,Business,2.6,2.8,19,20
2289771,Shuhao,Cao,Mathematics,3.7,3.3,21,71.4286
2163424,Erika,Calle-Poppe,Biological Sciences,1.8,4.6,11,18.1818
2073228,Aghavni,Simonyan,Mathematics,2.5,3.3,13,27.2727
2125794,Alex,Jacoby,History,1,5,4,0
1987182,Tara,Leederman,Writing,4.1,2.4,8,80
2265171,Sif,Goodale,Writing,4,2,1,100
2421160,Lillian,Goldberg,Writing,4,3.7,3,100
1839421,Dan,Jessie,Mathematics,3.2,3.8,60,55.814
2243221,Sriram,Velmanikandan,Aerospace Studies,1,1,1,0
1987008,Michael,Gottfredson,Criminology Law  Society,2.3,3.6,8,40
2113375,Alexander,Boiko,Biochemistry,3.6,3.2,11,63.6364
2114285,Austin,Carter,Writing,4,3.8,5,75
2501370,Anna,Setyaeva,Political Science,5,4,1,100
2500822,Tayana,Conte,Informatics,4,3,1,100
355263,Donald F.,Senear,Biology,2.5,4,55,0
2470288,Eduardo,de Almeida,Computer Science,5,2.3,3,100
708243,Sunita,Lutz,English,3,4,26,75
2459232,Maria,Meza-Lopez,Biology,3.7,1.7,9,66.6667
2460469,Maria,Gust,Engineering,3.8,3.3,4,100
1908303,Mojgan,Sami,Public Health,4.4,2.3,43,84.2105
2444568,Maguire,Megan,Mathematics,3,4.7,3,33.3333
2385363,David,Lee,Education,5,2.7,3,100
1965870,Marc,Sospedra,Mechanical Engineering,3.3,3.3,3,100
1770552,Jared,McCoy,Writing,4,2.6,26,33.3333
2379137,Michael,Sardo,Political Science,4.3,3.2,6,83.3333
2295722,Joshua,Malnight,Political Science,4,4,5,80
2262203,Jeanny,Fuentes,Spanish,4.3,3.3,3,100
2376276,Justine,Yan,Writing,5,3,1,100
1142527,Debra,Mauzy-Melitz,Biological Sciences,1.8,4,147,13.4021
2237760,Andrea,Tener,Academic Services,5,1.3,7,100
368334,Louis,Narens,Psychology,3,3,9,0
2309496,Asiya,Natekal,Social Ecology Administration,4.5,2.5,2,100
2498481,Forest,Muther,Music,5,1,1,100
1107392,RJ,Ward,Art,2.5,2.8,4,0
1800094,Terry,Schmidt,Management,3.2,2.1,15,75
1193648,Franco,Maddaleno,Electrical Engineering,3.1,1.8,5,0
2195207,Miguel,Ramon,English,4.5,3,2,100
1180624,Marwan,Youssef,Civil Engineering,3.4,2,10,66.6667
2492760,Charles,Collins,Psychology,3.8,3,8,100
14004,Norman,Jacobson,Computer Science,3.2,3.8,133,100
19500,Sam,Gilmore,Social Science,3.8,2.8,64,40
409044,Luis,Aviles,Languages,4.8,1.4,7,100
2380513,Eun Ah,Cho,East Asian Lang. amp Literature,5,1.5,2,100
1156683,Amer,Aladhadh,Economics,4.6,3.1,23,100
1833682,Janice,Dada,Biological Sciences,2.8,1.6,5,100
482831,Alice,Silverberg,Mathematics,3.7,3.6,10,100
497076,Gil,Conchas,Education,3.1,1.9,24,50
2309543,Adriana,Kraig,Social Science,4,2.5,2,100
2469831,Robert,Shields,English As A Second Language,5,2,2,100
1701615,Brendan,Park,Writing,3.5,3.8,15,100
325865,Bobbie J.,Allen,Writing,4.2,3.8,40,50
2114576,Karen,Jallatyan,Writing,4.5,3,2,100
2262293,Jenna,Abrams,English,4,3,1,100
559056,James,Bullock,Physics,4.3,2.4,52,100
474788,Gail,Hart,Humanities,3.7,2.4,50,66.6667
2469722,Samuel,Eklund,Philosophy,5,1,2,100
2465930,Xiaolong,Li,Mathematics,5,1,1,100
2187886,Wencai,Liu,Mathematics,4.5,3.1,31,87.0968
2201003,Jessica,Inthavong,Humanities,5,1.9,12,100
2457878,Philip,Bixby,Music,5,4,2,100
147132,Jin-Yi,Yu,Science,3.3,2.8,17,37.5
1377251,O Whiteson,Daniel,Physics & Astronomy,2.5,4,2,0
860807,Jeanne,Stone,Education,3.5,2.2,12,0
2115007,J. C.,Jackson,Art,5,5,1,100
2456328,Theresa,Aberle,Management,3,3,1,100
1886763,Olga,Razorenova,Biological Sciences,3.1,3.2,43,46.4286
2427887,David,Dibble,Engineering,3,4.6,8,37.5
2097657,Anders,Johnson,Writing,4.8,2.3,3,100
2384209,Deborah,Vandell,Education,3.3,3,3,66.6667
68602,John,Dombrink,Criminal Justice,3.6,2.7,84,62.5
2437463,Raymond,Carson,English As A Second Language,5,2,4,100
1269700,Michael,Buchmeier,Biology,3.5,3.8,12,40
2354566,Peter,Frei,French,5,3,2,100
2468919,Joel,Lanning,Civil Engineering,3,4,2,50
2098244,Rachel,Baker,Education,4.7,2.5,14,100
1966777,Jun,Allard,Mathematics,3.5,4.3,7,100
2404874,Linda,Gruen,Writing,3,4,3,0
2463589,Alex,Lough,Music,4,2,1,100
1039169,Khinlay,Maung,Materials Engineering,4.3,2.8,5,100
1416092,Timothy,Tait,Physics & Astronomy,4.7,3.3,8,100
2150729,Sarah,Peace,Writing,5,2,4,100
967336,Kieron,Burke,Chemistry,2.6,3.4,14,100
2037398,Kathryn,Rodgers,Computer Science,5,5,1,100
2151310,Emily,Thuma,Women's Studies,4.7,3.2,6,100
2351542,Rachel,Miller,Writing,5,1.8,4,100
1217941,Leah,Kaminski,Writing,3.6,4,25,37.5
584294,Carmen,Serrano,Spanish,4.6,3.4,13,87.5
1221912,Shiwei,Lan,Mathematics,2,4,1,0
2329541,Karem,Delgado,Spanish,3.5,4,2,50
90866,Fillmore,Freeman,Science,2.5,2.9,79,28.5714
2222805,Daniel,Carnie,Writing,4.7,2,3,100
906717,Leila,Mansouri,Writing,1,3,2,0
1478585,Virginia,Mann,Psychology,3.3,3.8,9,100
2226124,Jane,Page,Theater,3.7,3.7,3,66.6667
824059,Lauren,Johnson,Writing,4.6,2.5,6,100
41249,Margaret,Miles,Art History,4.3,3.1,31,80
2352382,Kyle,Banick,Humanities,3,3.3,3,33.3333
321096,Julieta,Falce-Robinson,Languages,4.6,3.2,16,100
1832502,Mariam,Davtyan,Public Health,3.3,3.5,2,100
1440940,Amy,Wilentz,Journalism,4.5,3.2,6,100
1706803,CA,O''Connell,Sociology,5,4,1,100
90756,Douglas,Tobias,Chemistry,3.7,3.1,111,75
1615993,Giorgia,Pirino,Biological Sciences,3.5,3.1,15,33.3333
1956871,Arash,Karami,Mathematics,4.4,2.7,43,55.5556
481064,Rodrigo,Lazo,English,4.2,2.5,20,100
2384669,Shaowei,Yang,Mathematics,5,3,2,100
2409241,Brandon,Berman,Statistics,1.5,4.6,11,9.0909
2419360,Megan,Maguire,Mathematics,1,5,1,0
2443042,Cornelis,Los,Management,2,5,1,0
976456,Jung Hwa,Lee,Korean,4.5,2.4,13,100
1670337,Megan,Haugh,Writing,3.9,2.4,8,33.3333
2440343,James,Lee,English,5,3,1,100
2441842,David,Kirkby,Physics amp Astronomy,2,4,1,0
1980433,Elizabeth,Ward,Statistics,2,3.7,8,0
1112575,Steven,Beaupre,Earth Science,4.7,2.4,5,100
2181626,Evelyn,Young,Education,5,5,1,100
2441638,An,Do,Neurobiology & Behavior,1,3,1,0
1700871,Raul,Perez,Sociology,2.5,3.3,6,100
2268818,Young,Kwon,Pharmaceutical Sciences,3,4.5,2,50
2388778,Kelicia,Phelps,Writing,5,1.5,2,50
2431284,Amanda,Burkhardt,Biological Sciences,5,4,1,100
966738,Oscar,Villareal,Mathematics,2,4.1,24,0
2427197,Bryan,Donyanavard,Computer Science,5,3,1,100
2243240,Jessica,Conte,Writing,4.7,3.3,3,100
1885263,Justin,Shaffer,Biological Sciences,4.4,3.6,157,82.7957
2374220,Mednicoff,Solena,Cognitive Science,5,2,1,100
1655276,Cara,Watkins,Writing,3,2.5,13,33.3333
2152451,Michael,Gould,Writing,5,2.6,9,100
531089,Sunyoung,Lee,English,2.9,3.6,5,0
2400955,Alyse,Larkin-Swartout,Earth Science,5,1,1,100
2286889,Kimberlee,Flack,English,4,3,1,100
2383382,Undarmaa,Maamuujav,Writing,5,2,1,100
746173,Kenneth,Shea,Chemistry,2.5,3.2,65,90
2316728,Debapriya,Chakraborty,Economics,3.2,3.5,24,45.8333
2276596,Michiel,Kosters,Mathematics,1.9,3.7,14,14.2857
574427,Amber,Reilly,Chemistry,4.6,2.6,24,60
2392937,Tatiane,Soares De Lima,Biological Sciences,3,4,2,50
2017568,Julia,Massimelli,Biological Sciences,1.9,4.4,32,11.1111
2328417,Rose,Ducharme,Writing,2.7,3.3,3,66.6667
2386409,Volodymyr,Minin,Statistics,1.5,4.5,2,0
613788,Robin,Bush,Biological Sciences,2.8,3.5,132,30
2052842,Jessica,Blum,Classics,4.4,2.8,13,100
2348824,Mihwa,Choi,Religion,4.3,2.3,3,100
2401003,Michael,Wood,Environmental Science,5,2,1,100
2238455,Nicholas,Reiner,Writing,3,3.5,4,50
2121770,Jaime,Lalinde,Writing,2.5,4,2,50
436215,James,Fujii,Ethnic Studies,4.3,3,12,100
2389749,Bonnie,Cuthbert,Biological Sciences,1.9,4.6,11,9.0909
2351054,Brandy,Jenner,Education,4,2.5,4,75
1265408,Amy,Powell,Art History,4.5,2.1,14,66.6667
1026607,Harrel,Caman,Political Science,5,3,1,100
364570,Paula J.,Garb,Anthropology,2.9,1.9,42,100
1977972,David,Wiygul,Mathematics,4.8,2.6,12,100
2273706,Lydia,Dixon,Anthropology,3.7,3,3,66.6667
1205397,Geoff,Ward,Sociology,3.2,3.2,36,66.6667
2393091,Mary Anne,Mendoza,Political Science,5,3,1,100
2347994,Corinna,Rosendahl,Writing,5,3,3,100
2390005,Steven,Chabolla,Biochemistry,1,5,2,0
369035,Cynthia,Claxton,Classics,4.7,2.8,31,80
1860437,Elizabeth,Mathews,English,3,4,4,0
2387472,Amanda,Petersen,"Criminology, Law & Society",3,3,2,50
2150318,Miriam,Parks,Linguistics,4.3,3.3,6,66.6667
2388905,Michelle,Gardner,Political Science,5,1,1,100
1102522,Adnan,Maiah,Civil Engineering,3.5,4.2,5,50
1692945,Animashree,Anandkumar,Electrical Engineering,3.7,3.3,16,0
1965444,Christopher ,Kang,Writing,4.5,3.7,16,77.7778
2347617,Matthew,Gaydos,Information Science,4.8,2.3,6,100
2356138,Samantha,Dressel,English,3.2,3,6,50
1387350,L.,Mahmud-Abdelwa,Women's Studies,3.4,3.1,21,100
1485647,Jerome,Christensen,English,2.2,4,7,0
2370749,Sunshine,Holmberg,Engineering,1,4.3,4,0
1267855,Ackbar,Abbas,Comparative Literature,3.1,2.7,6,0
1800427,Anthony,Babore,Chemistry,4.5,2,5,100
2375606,Rylan,Simpson,Criminology Law amp Society,5,3,2,100
2358782,J.J.,Anselmi,Writing,5,3,3,100
2345063,Shelby,Kinney-Lang,Writing,5,3,2,100
2265201,David,Li,Biomedical,5,1.8,4,50
2266067,Alicia,Cox,Comparative Literature,5,2,2,100
2263897,Cesar,Ruiz,Chemical Engineering,5,3,1,100
2337223,Seyedehfarzaneh,Nojabaei,Mathematics,1.8,3.7,9,11.1111
2352739,Jasmine,Lee,Writing,5,2.3,3,100
2168117,Judy,Wu,Asian Studies,3,2,1,100
2085403,Nam,Trang,Mathematics,1.6,4.3,7,33.3333
1971183,Bryan,Boubion,Microbiology,3.4,4.8,4,100
2311516,Sue,Kim,Writing,5,3,2,100
2383797,Ryan,Burkhart,Mathematics,5,4,1,100
2135043,Stephen,Mahler,Neurobiology  Behavior,4.5,3.5,2,100
2236855,Sunny,Nagra,English,5,2.3,4,100
2382321,Will,Saladin,French,5,3,1,100
2356997,Wujun,Ke,Comparative Literature,5,3,2,100
518953,Craig,Hamilton,Humanities,3.8,2.5,13,100
1580406,Norbert,Fortin,Biological Sciences,4.5,2.5,6,100
2246183,Brandi,Schumacher,Education,5,2,4,100
2376490,Daniel,Levin,Writing,5,2,1,100
2151603,Brandilynn,Villarreal,Psychology,3.8,2.3,4,75
2363743,Darrell,Moore,African-American Studies,2.5,4,2,0
844178,J. Ryan,McKeachie,Chemistry,3.8,3.2,118,100
1644545,Aaron,Esser-Kahn,Chemistry,3.8,2.5,17,100
37773,Randy,Ontiveros,English,4.7,2.1,8,0
2351612,Shayan,Fini,Mathematics,4,3.5,4,75
1177544,Kara,Thorsen,Psychology,3.3,3.2,40,15.3846
2053156,Pooria,Yaghini,Engineering,2.6,3.9,19,70
2350545,Shaun,Hug,Biology,4.8,2.7,13,100
2366780,Katie,Tekinbas,Informatics,5,2,1,100
2061597,Pedro Ignacio,Acuña Rojas,Humanities,3.1,2.7,3,50
2242188,Benjamin,Duncan,Writing,1.9,4.6,11,18.1818
2267994,Sarah,Lillo,Education,4,4,4,75
2059465,Nicole,Mitchell,Music,5,1.3,3,100
2239869,Azim,Shariff,Psychology  Social Behavior,3.4,4.2,11,63.6364
629316,Kim,Ayala,Academic Services,3.2,2.1,8,100
2316187,Timmy,Ma,Mathematics,2,4,6,16.6667
2234600,Mark,Richardson,Chemistry,4.9,3.9,48,100
1956237,Andy,Foust,Writing,4.9,3.2,23,100
1218387,Tae Kyung,Sung,English,4.6,2.7,9,0
2009998,Irene,Pedersen,Biological Sciences,2.2,3.4,8,0
1307381,Henry,Weinstein,Law,2.9,3.8,4,0
1897765,Gabriele,Schwab,Comparative Literature,1.8,1.5,2,0
2283242,Rachel,Mykkanen,Writing,5,3.5,2,100
2055731,Alex,Dupree,Writing,2.4,4.3,11,45.4545
2165583,Megan,Grant,Writing,4.2,3.2,5,60
2353271,Samuel,Kelso,Philosophy,5,3,1,100
2153028,Brian,Tarroja,Engineering,4.2,3.5,6,66.6667
1546552,Brett,Savage,Political Science,5,1.3,4,100
2351315,Ashley,Urrutia,Social Science,5,2.5,2,100
1907808,Lauren,Louie,Management,3,3.5,2,0
2351321,Debra,Thiercof,Writing,5,2,1,100
2264230,Louise,Kleszyk,Humanities,4.5,3,2,100
2351320,Katie,Evans,Mathematics,5,3,1,100
2236909,Christie,Sosa,Humanities,5,1.4,5,100
2274947,Jennifer,Glancy,Chemistry,4,3,5,80
2350218,Son,Nguyen,Mathematics,1,3,1,0
2349940,Jessie,Wirkus,Writing,5,4,1,100
75473,Steven,Topik,History,3.7,2.8,40,0
214733,Syed I.,Ahmed,Engineering,3.4,2.8,14,0
248441,K.H.,Katrak,Ethnic Studies,3.5,2.4,13,0
2174357,Anthony,Bates,University Studies,3.9,1.3,10,80
2296792,Jackson,Bliss,Writing,5,3.8,4,100
2347129,Josh,Simmons,Music,5,1,1,100
908165,Kiron,Ravindran,Management,3.1,3.3,7,100
1338856,Jessica,Utts,Statistics,4.5,2.6,14,100
347637,Susan Elaine,Davis,Writing,3.3,3.1,21,100
2237295,Meredith,Goldsmith,Writing,2.5,4,2,0
1230806,Patricia,Cloud,Music,4.8,3,2,100
1936017,Laure,Giovangigli,Mathematics,3.8,3.2,29,100
2224842,Brendan,Shapiro,Writing,5,3,3,100
2219051,Judith,Gregory,Information Science,2.5,1.2,4,25
2039360,Seth,Houston,Music,4.3,3,3,100
520845,George,Sperling,Psychology,2.7,4.1,11,100
2282538,Mikael,Nilsson,Chemical Engineering,2,3,1,0
1858561,Maureen,Fitzsimmons,Writing,4.5,2.1,8,50
2108851,Susan,Charles,Psychology  Social Behavior,4.5,2,2,100
216627,Alfred,Kobsa,Computer Science,4.5,2.4,8,100
1115546,Sara,Wakefield,Criminal Justice,3.8,2.9,23,0
2230106,Zehlia,Babaci-Wilhite,Education,3.2,3,11,54.5455
2162122,Gregory,Suryn,Chemistry,4.1,3.6,18,72.2222
2160142,Justin,Shaffer,Biology,4.5,4,4,100
2297374,Paria,Ali Pour,Biological Sciences,5,2,1,100
2083219,Jenel,Lao,Education,4.3,2.3,4,0
2202308,Valentina,Ricci,Humanities,4.3,3.3,7,100
2186704,Damon,Clark,Economics,3.2,3.5,4,50
1547834,Alexandra,Sartor,Writing,3.9,3,9,0
631910,Cynthia,Feliciano,Sociology,4.2,2.9,26,100
1803685,Emily,Katz,History,5,2.3,3,100
337339,Ulrike,Strasser,History,4.5,2.6,15,100
1262013,Jon,Sprouse,Linguistics,4.8,2,10,100
1505347,Fernando,Chirino,Sociology,2.2,3.2,10,20
2268215,Matthew,Knutson,Film,1,4.7,6,0
2076829,Nicholas,Joseph,Writing,3.9,3,5,50
2194745,Marcos,Scauso,Political Science,5,3,2,100
366811,Rose Stone,Jones,Languages,4.3,2.3,12,50
2116626,Leonardo,Zepeda Nunez,Mathematics,3.8,3.8,16,84.6154
464480,Linda,Cohen,Economics,1.8,3.4,59,0
1615914,Emma,Heaney,Women's Studies,4.3,3,4,100
2150280,Peter,McHale,Mathematics,1.9,4.6,27,22.2222
2309817,Christie,Sosa,Writing,5,3,1,100
1514359,Rebecca,Gray,Writing,4.8,3.2,16,100
870511,Harold,Dyck,Mathematics,2.7,3.5,13,11.1111
2135119,Juntao,Xiong,Mechanical Engineering,2,5,1,0
2239129,Tyson,Roberts,Political Science,4,3,2,100
1300736,Jennifer,Cool,Art,4.3,2.7,6,100
579530,Ray,Zimmerman,Writing,4.3,3,16,50
2072342,Suzanne,Manizza Roszak,Writing,4.7,2.5,9,100
2280715,Nathaniel,Cayanan,Humanities,5,3,1,100
1419007,Christopher,Leslie,Law,5,4,3,100
571656,David,Carter,Political Science,4.7,2.3,36,100
2112253,Deborah,Messina-Kleinman,Dance,3.7,2,8,71.4286
1412029,Shari,Berkowitz,Psychology,5,1.8,4,100
2151970,J.,Galebach,Logic  Philosophy,4.7,3.6,7,100
2082996,Polly,Chan,Chemical Engineering,1,3.3,4,0
872369,Anne,Bresnock,Economics,2.4,3.4,18,0
2281612,Frithjof,Kruggel,Biomedical,5,4,1,100
1998983,Peter,Hanink,Criminology Law  Society,4.3,2.5,7,50
291095,John C.,Hemminger,Chemistry,3.8,2.8,12,14.2857
2040525,David,Knuff,Management,2.4,2.8,5,50
2074225,Anandi,Rao,Writing,5,2.8,5,100
2279730,Scot,Parker,Earth Science,4,4,1,100
1946211,Sid,Parameswaran,Physics  Astronomy,5,3,1,100
142706,Diego,Vigil,Criminal Justice,3.4,2.6,49,0
2172958,Christopher,Bobier,Philosophy,5,3,6,100
217241,Michael M.,Green,Engineering,4.7,4.2,28,100
2259345,Yilin,Wang,Chemistry,3.2,3.4,22,50
2275034,Eliass,Massoud,Environmental Engineering,5,1,1,100
2273793,Maribel,Alvarez,Biological Sciences,5,3,1,100
1557261,Andrés,Forero-Cuervo,Mathematics,3.9,3.8,20,61.1111
2034804,Meribel,Alvarez,Biology,2,3.3,3,50
2273693,Sergei,Plekhanov,Political Science,5,4,1,100
2273329,Maryam,Hosseini,Electrical Engineering,5,3,1,100
2266669,Bryan,Vo,Chemistry,5,3,1,100
1074286,Albert,Do,Biological Sciences,4,1,2,100
2272804,Emily,Brooks,Anthropology,5,2,1,100
1905921,Ignacio,Rodriguez Brenes,Mathematics,4.2,2.8,4,100
1478330,Roberto,Ayala,Spanish,4.7,2.3,4,100
55683,Peggy,Hesketh,English,3.3,3.8,25,0
2218033,Samir,Shreim,Biomedical,1.4,4.7,9,11.1111
1955663,Kris,Dougherty,Writing,2.6,4.3,3,0
1857412,Philip,Anselmo,Writing,4.8,2.3,6,100
2244696,Jennifer,Jones,Political Science,4.5,2.5,4,100
1363319,Victoria,Lau,Spanish,2.5,2.8,4,100
2269080,Nicole,Sherman,Criminology Law  Society,5,2,1,100
2047299,Rui,Wang,Mathematics,4.2,2.8,10,75
2262522,Kier,Groulx,Psychology  Social Behavior,2.2,4.2,6,16.6667
288598,William H.,Batchelder,Psychology,3.5,2.6,33,0
2116755,David,Wirthlin,Humanities,2.9,3.6,5,0
2267201,Zlin,Wang,Mathematics,5,5,1,100
406637,Martin,Schechter,Mathematics,3.7,2.6,21,100
2196007,Anna,Hogeland,Writing,4.4,2.6,5,100
2013655,Joyce ,Lin ,Education,4.3,3.2,6,100
2266513,Kyle,Sneeden,Economics,4,3,1,100
1963120,Ryan,Broderick,Mathematics,3.6,3.2,17,100
1784728,Kendra,Fish,Writing,4.3,2.9,11,75
635974,Daniel J.,Martinez,Art,4,3,8,0
1962582,Mehmet Umut,Isik,Mathematics,4.8,2.7,6,100
145950,Chin C.,Lee,Engineering,2.5,3.4,37,0
514776,Bonnie,Nardi,Computer Science,3,2.2,18,0
2155495,Nathaniel,Murphy,Writing,4.8,3,4,100
2265634,Alden,Wood,Writing,5,4,1,100
2265318,Anat,Schwartz-Meron,Korean,5,3,1,100
352528,Kent E.,Johnson,Economics,2.2,3.4,81,40
1152908,Marc,Madou,Mechanical Engineering,4.9,2.2,4,100
40659,Michael,Campbell,Mathematics,3.1,3.3,18,0
162892,Joseph B.,Huszti,Music,3.4,2.5,17,0
85523,Brook,Thomas,Humanities,4.3,2.7,50,100
146969,Ellen,Burt,Languages,3.1,3.2,21,0
1947202,John,Gilmore,Writing,4.5,2.5,4,100
2194298,Mariano Cristobal,Franco De Leon,Mathematics,2.2,3.7,9,22.2222
2160145,Mohamed,Latif,Electrical Engineering,5,3.5,4,100
1795510,Hesketh,Peggy,Writing,3.9,3,4,50
360318,Susan,Greenhalgh,Anthropology,4.5,1.8,29,100
1801427,Romilla,Batra,Business,4,2,2,100
150252,Dorothy,Solinger,Political Science,3.6,3.3,31,33.3333
337363,Steven,Franklin,Computer Science,2.5,4.3,13,100
2211141,Thomas,Deus,Education,5,2.5,2,100
2236071,Stanley,Grant,Civil Engineering,2.5,4,4,50
313949,Mark,Bachman,Engineering,4.2,2.4,14,100
2048912,Litia,Perta,Art,3.6,2.8,12,70
1653075,Frank,Shi,Chemical Engineering,2.8,2.6,19,33.3333
2160616,Harya,Dillon,Social Ecology Administration,3.5,3,2,50
1056465,Andrej,Luptak,Chemistry,3.4,4.6,7,25
2237108,Michael,Calderon-Zaks,Sociology,3.5,2,2,100
2066976,Joseph,Daniels,Public Health,3.4,2.9,23,100
310087,James,Chiampi,Humanities,4.5,2.8,34,100
1865470,Ilya,Kachkovskiy,Mathematics,3.8,3.1,11,100
2142317,Judith,Rodriguez,Writing,4.3,3,3,100
1655583,FI,Fleming,Philosophy,5,1.5,2,100
1588062,John,Avise,Biological Sciences,4.8,1.8,12,50
1822184,Sean,Walsh,Logic & Philosophy,4.3,2.7,7,75
627840,Susan,Charles,Psychology,4,2.7,56,50
404222,Annette,Schlichter,English,2.8,3.4,26,0
1835098,Alvin,Wong,Mathematics,3.1,3.2,5,100
1735414,Amanda,Brindley,Chemistry,3.4,3.3,126,60
1208527,Kari-Lyn,Williamson,Management,4,1.6,26,100
1241122,Gillian,Hayes,Informatics,3.1,2.4,8,100
2219533,Sarah,Schwartz,Writing,4,3,1,100
1297035,Bradford,Hawkins,Biology,3.9,2.8,6,100
2227485,Paulina,Vallejo,Economics,1.4,3.4,5,0
1589325,Melissa,Mazmanian,Informatics,5,4,2,100
2238257,Daniel,Bogart,Psychology  Social Behavior,3.3,3.3,3,66.6667
1976559,Kai,Liu,Mathematics,1.3,3.7,3,0
869138,Michael,Montoya,Anthropology,3.3,3.6,18,100
2083188,Monica,Montijo,Education,4.7,2.7,3,100
2106682,Allison,Perlman,Film,4.5,3.5,2,0
1822458,Arlene,Keizer,English,3.5,3.5,2,100
350513,Kenneth S.,Chew,Social Science,3.4,2.7,37,33.3333
2080036,Kevin,Roth,Economics,4,3.2,9,100
2114820,Emily,Thuma,General Studies,4.5,2.4,5,100
2105972,Kierstin,Brehm,German,5,2,1,100
2073583,William,Hawkins,Writing,4.8,3,4,100
990725,John,Hipp,Criminal Justice,2.6,3.8,5,0
2232718,Tian,Li,Korean,5,1,1,100
1386946,Sobolewski,Curt,Sociology,4.5,2.5,2,100
1962105,Zhen ,Guan ,Mathematics,1,3.8,4,0
1395400,Mustafa,Said,Mathematics,3,3.6,13,71.4286
2200344,Ameer,Baloch,Social Ecology Administration,5,1.3,3,100
2043326,Nikki,Crenshaw,Computer Science,4.1,2.5,6,100
2129806,Joseph,Morales,Writing,4.5,3.5,2,100
1003561,Keith,Fowler,Dramatic Arts,4.8,4,3,100
1418633,Philip,Walsh,Philosophy,5,2.2,5,100
822825,Fabio,Chee,Spanish,2.5,3.3,17,0
2187478,Alireza,Behbahani,Electrical Engineering,5,3.5,2,100
894182,Joanne,Christopherson,Social Science,4.3,1.7,76,80
1253553,Justin,Bernstein,Political Science,4.8,2.3,46,100
331595,Karen K.,Kim,Women's Studies,4.5,3.1,36,100
2218411,Misty,Knight,Political Science,5,2,1,100
815145,Leron,Harrison,Japanese,2.2,4.2,10,100
2129800,Ali,Olomi,History,5,2.5,2,100
1517278,Sharon,Salinger,History,5,1.2,5,100
1987250,Sneha,Subramanian,Mathematics,5,3.3,3,100
930341,Randy,Thais,English,4.6,2.5,10,100
1181282,Tarah,Scalzo,English,4.4,3.2,18,100
1593078,Jeremy,Eaton,Physics & Astronomy,4,3,2,100
580390,Lindsay,Fitzgerald,Writing,4.6,2.7,14,100
1986892,Michael,Pritchard,Environmental Science,2.4,4.5,4,0
589638,Abel,Klein,Mathematics,2.4,2.8,14,0
1905009,Eve,Morisi,French,4.8,3.1,7,100
2182030,Karim,El Defrawy,Computer Science,1,5,2,0
1038141,Lawrence,Marsh,Biological Sciences,3.8,3,12,100
1994530,Amy,Cannon,Writing,4.5,3,3,100
1691975,Michael,Juergens,Management,3.2,2.5,8,0
2066821,James,Nyenhuis,Writing,4.5,2.3,3,100
238142,Belinda,Robnett,Sociology,4,2.2,11,100
2186061,Sabrina,Schuck,Psychology  Social Behavior,4.5,3,2,50
1991112,Hilary,Clark,Writing,4.8,2.7,3,100
170707,Patrick M.,Morgan,Political Science,3.8,3.6,43,100
2195354,Angeliki,Kanavou,International Studies,5,3,1,100
2112231,Akshat,Arneja,Social Science,5,2,1,100
1574793,Vidyanand,Choudhary,Management,2.5,4.5,2,0
1121433,Carolyn Candace,Coffman,Anthropology,4,1.7,23,100
1982075,Bernadette,Milbury,Nursing,1.1,4.6,8,0
1831324,Ngugi,Thiongo,English,3.8,2.5,2,100
821380,Heidy,Contreras,Biology,2.1,4,12,0
2055734,Dante,Puleio,Dance,5,4,1,100
1823887,Emily,Liu,Writing,3.9,3.4,13,100
2183744,Brendan,Smith,Biomedical,1,5,1,0
2160445,Carley,Karsten,Biology,1.2,5,4,0
524966,William,Sokoloff,Political Science,3.8,3.9,12,100
631325,Eva,Lee,Biological Sciences,2.1,4,4,0
2151910,Arghya,Bhattacharya,Economics,5,4,1,100
1753565,Hernando,Ombao,Statistics,3.3,4.3,7,100
744884,Stephen,Barker,Theater,4.2,1.9,28,0
165947,Celina,Hernandez-Garcia,Languages,2.6,4.3,7,100
13199,Daniel,Frost,Informatics,3.7,2.7,57,66.6667
2018654,Laurie,Dickmeyer,Humanities,4.8,2.7,3,100
136501,James,Meeker,Criminal Justice,4.3,3.2,31,100
1375179,Ariel,Perloff,Writing,3,3.8,12,50
1230752,Vinod,Sastry,Mathematics,4,3.3,3,50
946842,Stephanie,Ahn,Writing,3.3,3,5,0
1803430,Jeanette,Mancilla-Martinez,Education,5,3.3,3,100
1552404,Adrian,Ferenc,Mathematics,4.5,2.7,6,100
799022,Myron,Avila,Spanish,3.1,1.7,3,0
2068510,Geoff,Galgon,Mathematics,3.6,3.6,5,100
2161964,Justin,Perez,International Studies,5,2,1,100
2161728,James,Adams,Anthropology,5,2,1,100
243451,Roxane Cohen,Silver,Psychology,3.7,3.3,45,0
2159304,Mike,Tosca,Earth Science,5,1,1,100
578242,Ted,Gaulin,Social Science,3.6,2.1,14,100
2061319,Andrea,Marculescu,French,2.7,3.3,3,100
126085,Mohammad,Safarzadeh,Economics,2.8,3.7,101,100
287790,Cheryl Lee,Maxson,Criminal Justice,3.3,3,23,0
2117060,Grant,Quackenbush,Writing,3.5,3,2,100
2153030,Lawrence,Muzio,Mechanical Engineering,3,5,1,0
1376288,Yu-Jin,Chen,Physics & Astronomy,2,4,1,0
1905815,Ian,Litwin,Writing,5,3.5,2,100
1260119,Jack,Miles,Religion,2.3,3,14,100
1884356,Crystal,Hickerson,Writing,2.9,3.6,7,0
2134206,Andrew,Hallak,University Studies,4.3,3.3,3,100
2111543,Deb,Messina-Kleinman,Dance,2.8,3,3,100
2075508,Hillary ,Eaton,Writing,4,4,1,100
1975813,C.J.,Gordon,Writing,3.4,3.5,4,100
576139,Alexander,McPherson,Biochemistry,2.9,3.7,14,-1
1788118,Gary,Olson,Informatics,4.5,2,1,-1
2143092,Kimberly,Twist,Political Science,5,4,1,-1
1832896,Alexander,Jackson,Biology,1.2,4.7,3,-1
2140561,Josh,Weinstein,Music,3,3,1,-1
2119231,Bridget,Clerkin,Writing,4.8,1.5,2,-1
530877,Maggie,Flack,Political Science,4,2.8,4,-1
1264048,Viorela,Pop,Biological Sciences,1.8,4,3,-1
2134509,Christa,Greenfader,Education,2,3,2,100
591097,Jessica,Wood,German,3.9,3.1,7,-1
1980748,Joseph,Modugno,Writing,3.8,2.5,2,-1
2106629,Harsh,Jha,Business,2.7,5,3,-1
336846,Catherine,Corrigall-Brown,Sociology,4.8,2.7,7,-1
2077525,Rochelle,Rodriguez ,Public Health,2.4,2.8,6,-1
2129287,Francisco,Ilabaca,Economics,5,1,1,-1
257405,John,Culbert,Comparative Literature,4,2.3,16,-1
982572,Elaina,Taylor,Writing,3.4,3.9,8,-1
569247,John Christopher,Dobrian,Music,4.6,3,4,-1
1975400,Jill,Kato,Writing,4.7,2.3,3,-1
1849094,Josh,Lawrence,Education,4.2,2.4,8,-1
1515231,Olga,Moskvina,Writing,4.1,2.3,12,100
1919510,Daniel,Scott,"Criminology, Law & Society",3.5,2.5,2,-1
1843099,Catherine,Ha Ta,Mathematics,5,4,1,-1
40667,Bob,Moeller,Humanities,4.2,2.6,86,-1
598843,Daniel,Stokols,Social Ecology Administration,4.6,2.6,32,-1
1048811,Belinda,Campos,Psychology,4.8,2.4,10,-1
1999936,Andrea,Milne,History,4,4,1,-1
1765969,Qixuan,Wang,Mathematics,1.8,3.3,12,-1
1985674,Laura,Hatch,Writing,4.7,2.2,5,-1
2117939,Sander,Veraverbeke,Earth Science,1,4.5,2,-1
461218,Tim,Bradley,Biology,4,3.3,18,-1
1925146,Shadee,Malaklou,Humanities,4.3,2.7,11,-1
355349,Salvatore R.,Maddi,Psychology,3.7,1.9,36,-1
2097972,Urmila,Patil,Religion,2.5,2,1,-1
1882009,Brittany,Betancourt,University Studies,4.6,1.3,18,-1
978884,Lauren,Dees,Studio Art,5,2.7,3,-1
2044008,Keramet,Reiter,Criminology Law  Society,4,3,4,-1
1925582,Brenna,Shepherd,Writing,4.8,2,2,-1
1144500,Tyler,Dean,Writing,2.8,3.7,15,-1
2013778,Sally,Terrefe,Writing,4,3,4,-1
832394,Jason,Willwerscheid,Writing,4.3,2,2,-1
546153,Ana Maria,Amar Sanchez,Spanish,3.8,2.5,15,-1
752573,Mary Ellen,Wynn,Writing,3.6,3,17,-1
2046416,Dan,Carson,Physics  Astronomy,4.4,2.8,9,-1
1111046,James,Winston,African-American Studies,4,2,1,-1
2112778,Andrew,Rhinehart,Physical Education,5,5,1,-1
323097,Lauren,Steimer,Film,4.4,3,49,-1
811448,Jo Ellen,Brunner,Biological Sciences,4.1,3,30,-1
1994682,Jacqueline,Chen,Psychology  Social Behavior,4.3,2.8,5,-1
2048739,Rachelle,Rodriguez,Public Health,2.7,3.2,6,100
232466,Gerardo D.,Canul,Psychology,3,2.7,56,-1
1200396,Terry,Shanahan,Education,4.7,1.3,6,-1
2084837,Fereidoun ,Ahourai,Engineering,4.5,1.5,2,-1
2062618,Elizabeth,Meley,Writing,4.6,2.5,4,-1
1082098,Beth,Van Es,Education,2.9,3.4,5,-1
2082190,Thomas,Gault,Humanities,3,4,2,-1
1606238,Martha,Feldman,Policy Planning & Development,4.9,1.8,5,-1
1414673,Matt,Keti,Mathematics,4.9,1.6,16,-1
1368136,Luis,Villareal,Biology,1.2,4.7,7,-1
1925913,Stacy,Hancock,Statistics,3,3,1,-1
1838310,Garrett,Ervin,Mathematics,4.3,2.7,7,-1
285394,Hung,Fan,Biology,3.9,3.2,20,-1
2073238,Jess,Boling,Mathematics,2.7,4,5,-1
1671744,Ronald,Huff,Criminal Justice,3.3,2,4,-1
1968690,David,Mobley,Chemistry,3.3,3,2,-1
1969597,Micheal,Smy,Physics  Astronomy,2,4.2,5,-1
2045516,Alfred,Chon,Chemistry,5,3,1,-1
926849,Joann,Prause,Social Science,3.8,2.5,45,-1
569379,Dale,Poirier,Economics,1.4,4.9,24,-1
1607649,Patricia,Lee,Computer Science,1,4,4,-1
1795468,Alberto,Landaveri,Spanish,4.5,3,1,-1
2048289,Tian,Hong,Mathematics,4.3,2,2,-1
2078416,Thomas,Gault,Writing,3.5,3,1,-1
213970,Stephen Nicholas,Jolley,Philosophy,3.7,3,16,-1
1230802,Russell,Knight,Music,5,2,4,-1
1801298,Thomas,Jarrell,Writing,3,2.6,5,-1
769161,Elizabeth,Brown,Chemistry,3.5,2.5,2,-1
2023234,April,Durham,Humanities,4,1.5,2,-1
1907058,Hannah,Kang,Psychology & Social Behavior,3.1,3,5,-1
1581535,Matthew,Yunker,Philosophy,4.5,2.8,5,-1
1720991,Brandon,Granier,Writing,4.6,2.3,9,-1
1906116,Becky,Nichols,Psychology & Social Behavior,3.1,3.3,4,-1
1884432,Husayn,Carnegie,Writing,5,3,3,-1
1969146,Zhiyuan ,Jia ,Mathematics,1.5,3.7,3,-1
69012,John,Stupar,Engineering,4.8,1.6,18,-1
2036363,Michael,Guggisberg,Economics,4,4,1,-1
2020119,Mohammed,Al-Amin,Chemistry,3.8,2.7,3,-1
366319,Herbert J.,Hopster,Physics,2.2,3.9,36,-1
1637190,Diana,Leong,Writing,5,2.8,4,-1
234479,Frances,Miller,Public Health,2.3,2.8,17,-1
279327,Franca,Hamber,Languages,4.9,2.1,29,-1
1774787,Claire,Cronin,Writing,4.3,2,4,-1
1774703,Abbie,Leavens,Writing,5,2,11,-1
1527999,Annessa,Stagner,History,4.3,2.8,6,-1
1670784,Monica,Katiboglu,French,4.6,1.9,10,-1
2027919,Ozcan,Fulya,Economics,5,3,1,-1
682334,Diane,Chang,Political Science,2.3,3.4,9,-1
1950899,Jennifer,Milton,English,3.5,4,1,-1
107032,Bill,Maurer,Anthropology,4.8,1.9,41,-1
1294633,Mohammad Reza,Oskoorouchi,Management,4.2,2.5,15,-1
423790,Michael,Braun,Criminal Justice,2.9,3.3,7,-1
334312,Mara,Lonner,Fine Arts,4.4,3.3,18,-1
640700,Michael,Flesock,Psychology,3.3,3.6,15,-1
1920866,Aaron ,Peters,Writing,5,1.5,4,-1
1882812,Steffen,Peter,Electrical Engineering,4.8,2,2,-1
634351,Hartmut,Luecke,Biological Sciences,2.7,3.3,29,-1
1376070,Margaret,Gilbert,Philosophy,3.2,3,5,-1
463582,Nicole,Gage,Psychology,4.3,3.2,6,-1
1992429,Jennifer ,Trueblood,Psychology,2,4,2,-1
1592836,Christopher,Edmonston,Classics,3.8,3,2,-1
86509,Nicholas,Noviello,Social Science,3,1.9,148,-1
1908743,John,Swain,East Asian Lang. & Literature,4,2.5,2,-1
2019701,Shaun,Boyle,Dance,4.3,5,2,-1
147010,Teresa,Griffith,Linguistics,3.2,2.7,73,-1
1984836,Jessica,Yant,Humanities,5,1,2,-1
1545786,Matt,Mieskoski,Writing,3.6,3,15,-1
1214925,Margaret,Hesketh,English,4.3,3,3,-1
2017770,Fran,Miller,Public Health,1,4,1,-1
377973,Ramon,Veloso,Humanities,2.7,3.8,20,-1
953159,Zachary,Woydziak,Chemistry,4.5,2.5,2,-1
1981060,Joey,Cheng,Psychology  Social Behavior,3.5,2.7,3,-1
1916222,Roxanne,Ochoa,Biological Sciences,3,3.3,4,-1
1702533,Jeff,Cho,Psychology & Social Behavior,3,2.9,7,-1
271435,Judith,Treas,Sociology,2.3,3.9,9,-1
1825797,Trevor,Wilson,Mathematics,2.3,4.5,2,-1
1843671,Kenneth,Mease,Engineering,3.3,2.3,3,-1
1968174,Eugenie,Montague,Writing,1.6,4.4,5,-1
249890,Laura,Knighten,English,3.5,3.6,30,-1
363967,Kavita Sara,Philip,Women's Studies,3.5,3.3,36,-1
423572,Tanis,Thorne,History,3.1,2.7,24,-1
1216908,Peter,Leman,English,4.8,2.3,3,-1
79277,Henry,Sobel,Physics,3.6,3.4,43,-1
1659935,Grubb,Amy,Political Science,4.1,2.3,4,-1
1804680,Judith,Olson,Informatics,5,1,3,-1
1804682,Debra,Richardson,Informatics,2,3.5,2,-1
1902657,Robert,Detrano,Public Health,2.5,4,2,-1
136282,Dana,Aswad,Biology,2.5,4.1,52,-1
90752,D,Snow,Social Science,3.2,2.5,24,-1
1745566,Zhixu,SU,Mathematics,3.6,3.3,29,-1
958003,S,Treasurywalami,Management,5,2.6,21,-1
1107630,David,Goetz,Art History,2.8,4.3,3,-1
1221639,James,Porter,Classics,3.6,2.1,7,-1
284043,Gian Aldo,Antonelli,Philosophy,4.5,2.3,17,-1
1609444,Toru,Oda,Writing,2.1,2.7,7,-1
1901565,Eric,Maraffi,Academic Services,5,4.4,7,-1
216444,Maria C.,Pantelia,Classics,4.1,1.9,38,-1
1222297,Eric,Titterud,Writing,2.7,3.9,14,-1
371635,Gilbert,Gonzalez,History,3.5,2.3,26,-1
1987312,Bruce,Yonemoto,Art,3.5,1,1,-1
1063659,Donna,Schuele,Criminology,3.5,4.1,72,-1
1621774,YU,Wang,Materials Engineering,5,3.5,2,-1
960247,Vicki,Ruiz,History,3.3,2.4,5,-1
854358,Yuying,Tsong,Psychology,3.1,3.6,5,-1
1875799,Carol,Olson,Education,3,4,2,-1
564058,Shaul,Mukamel,Chemistry,2.1,3.2,38,-1
1545692,Ana,Brophy,Spanish,5,1.2,6,-1
293089,Mark,Finkelstein,Mathematics,4.3,3.1,14,-1
772829,Ahmed,Eltawil,Electrical Engineering,3.9,3.6,9,-1
1477544,Alexander,Pan,Accounting,3.5,2.4,5,-1
1101023,Elizabeth,Wyatt,Writing,4.1,2,11,-1
1915979,Christine,Gagnon,Accounting,3.5,2.5,2,-1
1840306,Yuki,Takahashi,Mathematics,4.9,3,4,-1
1451789,Anna,Finn,English,4.9,3,4,-1
1405759,Ani,Asatryan,Mathematics,4,3,1,-1
1904596,Benjamin,Rin,Logic & Philosophy,2.5,1.5,4,-1
1972206,Randy,Perlman,English As A Second Language,1.5,2,1,-1
1261721,Diana,Kapiszewski,Political Science,4.3,4.8,8,-1
1622565,Mia,McIver,Writing,4.1,3.4,8,-1
447320,James,Rutledge,Physics,3.2,3.3,21,-1
513437,Jon,Wiener,History,4.2,2.9,15,-1
1882705,Rick,Hasen,Political Science,4.5,3,2,-1
1924715,Sean,Mallin,Criminology Law  Society,3.2,3,7,-1
361873,Dennis R.,Castellano,Theater,4.6,2.8,14,-1
1837701,Eric,Lai,Academic Services,5,1,2,-1
1798157,Shivendu,Shivendu,Business,4,2.7,3,-1
1789369,Weian,Zhao,Science,2.8,2.8,4,-1
79438,Alison,Brysk,Political Science,3.1,2.1,69,-1
1863642,Leesa,Anzaldo,Mathematics,5,1,2,-1
938156,Jared,Hammad,English,4.2,2.8,8,-1
1960060,Dallas,Stout,Education,5,1.5,2,-1
1966623,Dmitri ,Kalashnikov,Computer Science,1,5,1,-1
339437,Vanessa Griffith,Osborne,English,3.1,3.3,11,-1
156432,Richard,Wetts,Biology,3.8,3.4,35,-1
514816,Colleen,Hildebrand,Humanities,3.3,2.8,23,-1
1547612,Deva,Ramanan,Computer Science,4.8,2,3,-1
1822371,Meagan,Cooney,Writing,3.5,2.3,3,-1
497643,Cliff,Faulkner,Theater,4.3,2.7,17,-1
1027440,Carlo,Chan,Mathematics,4,1,2,-1
128429,Sharon,Stern,Science,4,2.9,73,-1
183403,Richard A.,Minot,Business,3.2,2.9,34,-1
1776101,Sharon,Kunde,Writing,3.9,3.4,5,-1
1555915,Cecilia,Sun,Music,3.6,3.6,13,-1
144030,Yunhee,Min,Fine Arts,2.1,1.9,11,-1
1802277,Art,Ando,Dance,4.5,1.6,11,-1
1784150,Dritan,Agalliu,Biology,4.3,4,4,-1
165733,Jessica L.,Treglia,English,4.9,2.6,11,-1
1386343,Allison,White,Writing,4.1,2.6,7,-1
1376102,R.,Symanski,Biological Sciences,3.1,3.6,8,-1
464549,Robert Matthew,Haines,English,3.8,2.2,5,-1
1141389,Ryan,Ridge,English,4.6,2.6,30,-1
968420,.,Iverson,Psychology,2,4.3,13,-1
953960,Douglas,Gutknecht,Sociology,3.6,1.6,33,-1
1305091,Cathy,Zhang,Economics,3.3,4,2,-1
965571,.,Cooks Cumbo,Art History,3.2,3.6,20,100
1758516,Son,Duong,Mathematics,1,1.3,7,-1
1115070,Julia,Elyachar,Anthropology,3.9,2.8,28,-1
503764,Lincoln,Tobier,Fine Arts,2.3,3.5,6,-1
1924718,Patricia,Goforth,Criminology Law  Society,4,5,1,-1
1261554,Thad,Domina,Education,4.1,2.6,8,-1
960490,Ali Seyed,Mirnajafi,Biomedical,4.5,2.3,3,-1
464335,James (Jay),Famiglietti,Science,4.5,2.3,13,-1
1410889,Oscar,Tsai,Social Ecology Administration,4,3.2,6,-1
1601095,Basilio,Yniguez,Physics & Astronomy,4.5,3.2,13,-1
1567485,Ihor,Holod,Physics & Astronomy,2.5,3.6,7,-1
633144,Ali,Yousefiani,Engineering,4.3,3.3,4,-1
784950,Russ,Dalton,Political Science,4.3,3.4,10,-1
1912138,Kira,Pate,Biochemistry,4.6,3.6,5,-1
1912193,Daniel,Kislyuk,Psychology & Social Behavior,1.5,4,2,-1
1704571,Erik,Watschke,Film,3.3,3.2,5,-1
1777225,Lucile,Faurel,Management,5,1.9,7,-1
1546826,Sokrat,Postoli,French,4.8,2,2,-1
1656825,Alexander,Vandenbergrod,Mathematics,3.7,3,9,-1
1911202,Lin,Sun,Management,5,1,1,-1
1830335,Carlos,Vargas-Lara,Spanish,5,3,2,-1
208934,Daniel D.,Gajski,Engineering,2.4,3.5,52,-1
1863629,Michael,Daub,Mathematics,2.8,3.5,2,-1
577996,Loretta,Livingston,Dance,4.7,3.2,12,-1
1738139,Laurie,Hansen,Education,3.9,1.5,6,-1
906420,Garnet,Hertz,Informatics,4.6,2.3,11,-1
1904909,Young Hee,Kim,Humanities,3.8,2,2,-1
163553,Stergios,Skaperdas,Economics,2.4,2.9,71,-1
1803093,Gilbert,Estrada,Latin American Studies,4.7,1.4,7,-1
1694635,Gregory,McWhirter,Logic & Philosophy,2.3,2.7,3,-1
1880059,Shayna,Henry,Psychology & Social Behavior,3.3,3,3,-1
1505933,John,Rapalino,Philosophy,3.8,1.5,8,-1
1034030,Jennifer,Fisher,Dance,4.3,1.8,5,-1
1904910,Hyun Seok,Park,East Asian Lang. & Literature,2.5,4,1,-1
582584,Laura,Zettel,Psychology,2.9,3.3,21,-1
1422959,Jonathan,Shoemaker,Philosophy,3.9,3.4,8,-1
706818,Marina Berns,Kahana,Psychology,2.3,4,3,-1
1357661,Galina,Dvorkina,Biological Sciences,1.4,4.4,5,-1
1705183,Albert,Wolf,International Studies,3.8,2.8,9,-1
1478571,Alfredo,Carlos,Social Science,4.7,2.7,3,-1
841744,Yong Soon,Min,Studio Art,1.6,2.4,15,-1
1477773,Sheron,Wray,Dance,4.3,3.3,4,-1
1858289,David,Lepe,Computer Science,5,3,2,-1
1887149,Shawn,Miller,Chemistry,4.5,1,2,-1
942691,Eric,Peterson,Writing,3.4,3.4,17,-1
415750,Robin,Buck,Music,4.3,3.3,6,-1
368579,Wendy,Goldberg,Psychology,3.4,3.4,18,-1
169679,Tira,Palmquist,English,3.9,3.5,27,-1
967739,Erin,McNellis,Writing,3.4,3.8,4,-1
216182,Howard G.,Tucker,Mathematics,2.4,3.6,38,-1
1537399,David,Fouser,Humanities,4.2,3.6,9,-1
149941,Diane,O'Dowd,Biology,4.4,3.2,158,-1
1887303,David,Fabian,Chemistry,5,3,1,-1
1547382,Daniel,Pilchman,Logic & Philosophy,4.6,1.4,5,-1
1694381,Likun,Zheng,Mathematics,2.5,3.5,6,-1
1157200,John,Treadwell,Economics,3.5,1,1,-1
1469285,Satinder,Hawkins,Education,4.4,2.2,5,-1
570110,Chad,Garner,Environmental Science,4,2.3,9,-1
1869647,Dane,Swango,Political Science,4.8,1.7,3,-1
1422547,John,Larue,Mechanical Engineering,3.5,4.5,2,-1
1885268,Benjamin,Leider,Philosophy,5,2,1,-1
1693162,Michael,Klopfer,Engineering,4.6,2.9,31,-1
1182230,Todd,Dupont,Environmental Science,3.1,2.8,32,-1
1858739,Brooke,Howland,Education,5,2,1,-1
640225,Valerie,Henry,Education,4,2.6,10,-1
1021598,Frances,Young,Music,5,3.5,4,-1
1800569,Seung-Ah,Lee,East Asian Lang. & Literature,4.7,1,3,-1
1700988,Graciela,Maglia,Global Studies,5,3,1,-1
1501676,Shanna,Kennedy-Quigley,History,3.7,3.6,16,-1
466072,Anthony,McGann,Political Science,3,3.1,43,-1
1548911,Alice,Fahs,History,4.2,3.2,13,-1
1842919,Weitao,Chen,Mathematics,2,3.5,4,-1
1880777,Maura,Priest,Humanities,5,3,1,-1
1811997,QI,HE,Mathematics,4.2,1.8,5,-1
986808,Raquel,Roman-Morfin,Spanish,5,3.3,12,-1
1296146,Allison,Salazar,Writing,3.5,3.6,7,-1
1805238,Justin,Jaeckels,Writing,5,1.7,3,-1
1875250,Nayssan,Safavian,Education,4,4,1,-1
1877790,Thomas,Gocke,Civil Engineering,5,1,1,-1
1693582,White,Jared,Spanish,4.7,2.7,3,-1
818151,Erin,Huang,Writing,3.3,3.2,9,-1
1452229,Nicole,Rebec,History,4,4,1,-1
1777356,Reza,Fazeli,Economics,2.6,1.3,16,-1
1145889,Candice,Odgers,Criminal Justice,3.7,4.2,9,-1
1700874,Joanne,Nucho,Anthropology,3.7,3.7,3,-1
1850452,Rebecca,Cantor,Writing,5,1,2,-1
1545145,Guoyi,XU,Mathematics,2.5,3.4,14,-1
1435668,Arvind,Baskaran,Mathematics,2.4,3.8,6,-1
1821070,Tanya,Schwarz,Political Science,4,2,1,-1
1422962,Christian,Sadel,Mathematics,2.2,3.7,18,-1
972226,Todd,Pezutti,Psychology,3,1,2,-1
1124023,Megan,Bodane,Psychology,3,1,2,-1
1799278,Avesta,Sasan,Electrical Engineering,4.8,3,2,-1
870939,Kevin,Smith,Psychology,3,1.5,2,-1
1516159,Gerald,Larson,Religion,3,2.2,5,-1
1800167,Jaquelyn,Rische,Mathematics,4.9,1.8,4,-1
178213,Walter T.,Sondey,English,4.3,2.3,30,-1
1259587,Casey,Hall,Philosophy,3.7,3.4,7,-1
1821562,Amanda,Foushee,Writing,4.9,1.8,4,-1
364397,Franz,Hoffmann,Biology,3.9,3,24,-1
1407064,J.,Kiene,Humanities,4.9,2.6,9,-1
1587467,Boyang,Pan,University Studies,4.8,1,3,-1
1059252,Leslie,Lock,Biological Sciences,1.4,3.3,8,-1
1859270,Tanzil,Khan,Education,5,1,1,-1
959631,Kristina,Christofelli,French,5,3,1,-1
1703298,Peter,Schombert,Philosophy,4.3,1.7,3,-1
370866,Kei,Akagi,Music,4,2.7,14,-1
813268,Wesley,Johnson,Statistics,2.8,4.6,7,-1
180607,Tam,Schumann,Criminal Justice,4.5,4,19,-1
1745857,Rosemarie,Vithayathil,Biological Sciences,4,2.3,4,-1
1012094,Mariana,Wardwell,Film,4.8,2.5,2,-1
1855538,Steven,White,Physics & Astronomy,3.5,3,1,-1
1848810,Cory,Knobel,Informatics,5,2,1,-1
787309,Joy,Parker,Writing,3,3.6,16,-1
844120,William Puck,Brecher,Asian Studies,3.1,2.4,5,-1
1839455,Alex,White,Chemistry,4.5,4,1,-1
1251862,James,Neuse,Cognitive Science,2.5,2.8,4,-1
958667,Mary Frances,Ypma-Wong,Biology,5,2.7,9,-1
621408,Diego,Gomez,Spanish,1.9,4.4,8,-1
558196,Mitchell,Khong,Mathematics,2.3,3,8,-1
333976,Shahriar,Abachi,Physics,2.8,3,26,-1
1836435,Jeff,Katcherian,Anthropology,5,2,2,-1
1837100,Diane,Livio,Biology,3,4,1,-1
1592454,George,Meier,Management,2,1.3,4,-1
1824863,John,Garman,Mechanical Engineering,4.8,1.7,27,-1
1699376,Oleg,Melnikov,Mathematics,4.7,2.8,6,-1
1261250,Ryan,Hume,Writing,2.6,2.3,9,-1
79100,Caryl,Margulies,Mathematics,3.7,2.3,45,-1
1504052,Neil,Chaturvedi,Political Science,4.2,3,6,-1
1513473,Paul,Rama,Education,4.7,2.7,6,-1
1352895,Jared,Lessard,Psychology,4.1,2.9,11,-1
1102195,Carol,Trabing,Logic & Philosophy,3.5,3.4,7,-1
1262184,Samuel,Fletcher,Logic & Philosophy,3.8,3,2,-1
1689882,John,Altick,Political Science,5,1,2,-1
1800796,Carlos,Vargas,Spanish,5,2,1,-1
741824,Jean,Saphores,Environmental Science,3.1,2.7,9,-1
1829961,Natalia,Karasik,Mathematics,4.5,2,1,-1
1793034,Todd,Bura,Studio Art,3.5,1,1,-1
463550,Chen,Tsai,Engineering,3.1,2.6,10,-1
1816195,Elisabeth,Gonzalez,Public Health,2,2.8,5,-1
584241,Robert,Nideffer,Art,2.4,4,7,-1
1800996,Lisa,Douglass,Writing,3,3,2,-1
1182297,Sarah,Eichhorn,Mathematics,4.3,3.3,26,-1
165561,Vincent B.,O'Boyle,Physical Ed,2.7,3.5,13,-1
1701335,Rebecca,Balon,Humanities,4.5,2,2,-1
1112313,Emily,Rosenberg,History,4.4,2.7,16,-1
766328,Chuu-Lian,Terng,Mathematics,3.1,3.1,11,-1
575997,Michael,Dennin,Physics,3.9,2.5,30,-1
1824097,Anne,McDaniel,Education,5,1,2,-1
1517459,Claudia,Pineda,Education,3.9,2.8,4,-1
1111779,Kathleen,Dingman,Sociology,3,1.5,2,-1
474790,Ann,Van Sant,English,2.8,3.2,59,-1
949166,Matthew,Schilleman,Writing,1.9,4.1,14,-1
1823436,Timothy,Keo,Engineering,5,1.5,2,-1
561181,Jennifer,Skeem,Psychology,3.5,3.8,22,-1
1802149,Natalie,Schonfeld,Academic Services,5,1,2,-1
1822727,Chris,Kotyk,Chemistry,5,2,1,-1
392032,Anne,Walthall,History,3.1,3.4,13,-1
1136166,Maria,del Pilar O'Cadiz,Education,2,3,2,-1
808925,Karl,Rubin,Mathematics,4.6,3.5,4,-1
1523498,Henrik,Sponsel,German,4.9,2.8,4,-1
1159115,Daniel,Wehrenfennig,Political Science,3.8,3.4,5,-1
1701137,Matt,Seybold,Humanities,2.8,3.3,3,-1
1742997,Padma,Govindan,Anthropology,5,3,1,-1
1729273,Sean,Nelson,Humanities,4.4,2,4,-1
1811209,Chris,Whytock,Law,5,3,1,-1
218648,Ava Lee,Arndt,Humanities,4.1,2.4,57,-1
811485,Michelle,Neely,Writing,4.6,2.3,9,-1
965697,Anna,Moncovich,English,3.7,2.7,12,-1
1800211,May,Mei,Mathematics,2.2,4.7,3,-1
858805,Sarah,Manchak,Psychology,3.7,2.3,3,-1
1693581,Josephine,Dwyer,Spanish,1.3,3.7,3,-1
513658,Adam,Martin,Political Science,4.3,2.1,10,-1
1727142,Juliet,Khosrowabadi,Chemistry,5,1,3,-1
1088493,David,Lacy,English,4.9,2.2,21,-1
1701590,A. Nicole,Kelly,Creative Writing,4.8,2,3,-1
372000,Jennifer,Lee,Sociology,3.8,2.7,11,-1
959748,Jeff,Clapp,Writing,3.6,3.6,11,-1
330792,M.G,Cumsky,Biology,2.8,4,75,-1
636225,Collier,Nogues,Writing,4.7,2.4,19,-1
1667296,Matt,Reznick,Writing,4.5,1.3,3,-1
329889,Ingrid,Wilkerson,History,4.8,3.2,6,-1
696949,Susan,Jarratt,Comparative Literature,3,2.8,5,-1
1731090,Deborah,Stein,History,3,2.7,3,-1
1412203,Jeremy,Kiene,English,4.9,2.3,6,-1
1154420,Allen,Katouli,Mathematics,2.7,3.8,6,-1
352361,Thomas A.,Parham,Psychology,4.7,2.5,12,-1
580045,Judith,Stepan-Norris,Sociology,2.4,3,7,-1
1217406,Michael,Clegg,Ecology & Evolutionary Biology,3.2,2.4,16,-1
1004008,Justin E.,Rigamonti,Writing,4.4,1.9,7,-1
1366551,April,Trask,History,4.8,2.8,6,-1
444343,Sanjoy,Mazumdar,Architecture,4.1,2.2,14,-1
1423050,Yun Ho,Kim,Mathematics,3.2,3.5,11,-1
1801281,Jessica,Abulencia,Not Specified,5,1,2,-1
610572,Sam,Leader,English,4.5,2.1,21,-1
1693228,Brenda,Paro,English,3.8,3,6,-1
1181584,Joseph,Mahoney,Education,4.1,2.4,7,-1
1799754,Jason,Friedman,"Planning, Policy & Design",5,2,1,-1
1067409,Maria,Zarate,Education,2.8,2.3,4,-1
1217816,Jean,Tomiphe,Political Science,2.8,3.3,4,-1
1798471,Libby,Martin,English,4.5,2,1,-1
1746855,Thuy,Vo Dang,Ethnic Studies,4.9,2.8,5,-1
1787179,Jesse,Weiner,Classics,4.5,1.7,3,-1
1078456,Nancy,Ruyter,Dance,3.3,3.5,4,-1
1232435,Maryam,El-Shall,Comparative Literature,3.1,3.3,7,-1
363375,Kristine Michelle,Wright,Sociology,4.6,2,6,-1
1765025,Karen,Rook,Psychology & Social Behavior,4,2,1,-1
79280,James,Given,History,3.2,2.2,34,-1
1594420,Wynne,Kandur,Chemistry,3.5,4,2,-1
73247,Gary A.,Chanan,Physics,3.7,3.4,36,-1
566562,William,Parker,Physics,3.8,2.5,14,-1
112430,Janice,Plastino,Fine Arts,3.9,1.9,8,-1
573771,Marc,Baer,History,3.1,3.7,21,-1
79276,Robert C.,Reilly,Mathematics,2.3,3.5,107,-1
1221475,Takahiro,Sakane,Humanities,4.1,2.6,8,-1
1502770,Warren,Fong,Writing,4,2,1,-1
821280,Min,Ouyang,Economics,3,2.5,57,-1
1714642,Amanda,Jerome,English As A Second Language,5,2,2,-1
213713,Barbara J.,Finlayson-Pitts,Chemistry,2.6,3.4,55,-1
1258690,Satoko,Shao-Kobayashi,Asian Studies,4.9,4.3,6,-1
1161498,Ashley,Sioson,University Studies,5,1.3,4,-1
1732374,Mahdieh,Allahviranloo,Not Specified,5,5,1,-1
893102,Olivia,Gunn,Writing,3.8,3.4,5,-1
186465,Martin,Schwab,Philosophy,3.6,3,45,-1
1658348,Jeffrey,Leichman,French,5,2.5,2,-1
1774494,Karen,Deck,Nursing,2.5,4,1,-1
254703,Scott,Kaufman,Humanities,4.5,3,24,-1
1084913,Andrea,Lee,Spanish,4.4,1.9,12,-1
1502603,Cameron,Aroz,Writing,4.6,1.9,12,-1
311757,Jessica,Liu,Languages,4.5,2.2,13,-1
1730485,Doron,Bauer,Humanities,5,2.5,2,-1
542622,Rikke,Sommer,French,4.6,2,5,-1
1266930,Kenneth,Berthel,East Asian Lang. & Literature,3.8,3,4,-1
1003996,Marianne,Bitler,Economics,2.1,4.4,9,-1
1218121,Leo,Hoar,Writing,4.9,1.9,7,-1
968492,Bryan T.,Smith,Physics,0,0,0,-1
1069638,Jason,Jaw,Women's Studies,0,0,0,-1
961942,Jordan,Stein,Philosophy,0,0,0,-1
1486635,George,Chandy,Medicine,0,0,0,-1
1492501,Matthew,Alivio,Biological Sciences,0,0,0,-1
1553512,Tai Mai,Shu,Asian Studies,0,0,0,-1
1054953,Benjamin,Lind,Sociology,0,0,0,-1
1485698,Erin,Burk,Biological Sciences,0,0,0,-1
1478604,Jose,Tabares,Psychology,0,0,0,-1
767782,Joseph,Dimento,Environmental Studies,3.9,2.5,13,-1
1683137,Zana,Previti,Writing,4.4,2.3,4,-1
1380422,Chad,Kidd,Philosophy,1.5,4,4,-1
1751598,Sonja,Lind,Academic Services,5,1,1,-1
1465971,Michael,Mills,Economics,5,2,1,-1
1060480,Michael,Phelan,Statistics,2,4.5,40,-1
1088565,Heather,Anson,Biological Sciences,4.5,3.1,8,-1
1749631,Rudy,Santacruz,Social Science,4,2,1,-1
817712,Farghalli,Mohamed,Materials Engineering,4.7,2.3,92,-1
299152,Tihomir,Petrov,Mathematics,4.3,3.1,54,-1
314039,Masayoshi,Kaneda,Mathematics,2.7,2,38,-1
124187,Kristi,Dalven,Humanities,3.3,3.2,27,-1
186085,Paige,Davis,English,3.2,4,24,-1
180075,Minh-tam Thi,Tran,Languages,3.4,2.3,18,-1
359479,Zachary,Braun,English,4.1,2.4,16,-1
165855,Betsy,Bauman-Martin,Humanities,4.3,3.2,16,-1
274474,Duran,Bell,Economics,2,3.8,15,-1
233704,Philippe A.,Barbe,Languages,4,2.7,15,-1
364464,Chandra Alexa,Garber,Writing,2.4,4.3,13,-1
589269,Phebe,Hosea,Mathematics,3.8,1.2,13,-1
130247,Weian,Zheng,Mathematics,2.8,2.1,11,-1
221814,Andrea,Colvin,Languages,4.7,2.7,11,-1
372370,Andrea,Silvestri,Physics,3.4,2.8,11,-1
578604,Aniketa,Shinde,Physics,4.7,1.4,10,-1
753137,Bruce,Nicholson,Writing,5,1.3,10,-1
1257862,James,Zwerneman,Writing,4.6,2.4,9,-1
37770,Jacqueline,D'Warte,Education,4.7,2,9,-1
726853,Paul,Eklof,Mathematics,2.3,4.3,9,-1
578448,Jane,Griffin,Writing,4.4,3.1,8,-1
548531,Shayda,Hoover,Writing,2.8,3.5,8,-1
788024,Emily,Zarybnisky,Education,4.6,1.3,8,-1
785921,Rodney,McMillian,Art,3.6,3.6,8,-1
312343,Tim,Champagne,Chemistry,5,1,7,-1
511229,Julie,Song,Sociology,3.5,2.5,6,-1
929634,Rebecca,Nykwest,Humanities,4.3,3.3,6,-1
958086,Sabina,Perrino,Anthropology,3,2.6,5,-1
218307,Mehdi Beheshtian,Ardekani,Computer Science,3.9,3.8,5,-1
983598,Jennifer,Eno Louden,Psychology,3.6,2.8,5,-1
631587,Kaysa,Laureano,Mathematics,4,1.4,5,-1
862621,James,Bono,Economics,4.8,2.5,4,-1
628705,Rachel,Ridnor,Sociology,4.3,3.3,4,-1
856703,David,Morris,English,4.8,4.3,4,-1
830773,Waldemar,Rohloff,Philosophy,4.4,1.5,4,-1
753935,Jung-A,Lee,Music,4.3,1.7,3,-1
811481,Walt,Baxter,Engineering,3,4.7,3,-1
963815,Leticia,Oseguera,Education,4,2.3,3,-1
998915,Eakta,Malik,International Studies,2.2,3.7,3,-1
805635,Beatriz,Da Costa,Engineering,1.2,3,3,-1
966673,Clinton J.,Armstrong,Classics,4.5,3.5,2,-1
647277,Keith,Finlay,Economics,5,3,2,-1
1010272,Hera,Arsen,Philosophy,5,2,1,-1
1015917,K,Gibson,Humanities,5,2,1,-1
1555206,Bryan,Nelle,Political Science,5,2,1,-1
1090462,Guy,Ormes,Political Science,4,3,1,-1
895719,Clifford,Chi,Social Science,4.5,3,1,-1
804318,Eric,Blankenship,German,2,4,1,-1
1739484,Sean,Tauber,Psychology,1,5,1,-1
1745943,Leona,Bessonova,Public Health,3.2,2.7,3,-1
312121,K,Tate,Political Science,2.6,2.6,34,-1
172069,Paul Evan,Beilstein,English,4.3,2.2,29,-1
1708010,Shaina,Trapedo,Humanities,4.8,3,2,-1
1461435,Victoria,Lowerson,Public Health,3.5,2.5,4,-1
163672,Robert,Garfias,Anthropology,3.5,2.4,63,-1
527168,Edgar,Oglesby,Criminal Justice,4.9,1.3,24,-1
100743,Harold,Koopowitz,Biology,3.6,2.9,47,-1
624623,Wei-Chung,Wang,Economics,4.8,1.4,9,-1
1046856,John,Pipan,Mathematics,1.1,4.9,12,-1
1355731,Svetlana,Bershadsky,Psychology,2.3,3.8,5,-1
1673344,Thomas,Occhipinti,Mathematics,1.8,5,3,-1
1269701,Althea,Capul,Biology,1.8,4,4,-1
1003915,Allison,Shim,Psychology,4.5,1.8,6,-1
237623,Fabio,Leite,Psychology,3.5,2.8,10,-1
1082582,Asiya,Daud,Political Science,3.4,2.1,10,-1
971136,Erica,Vogel,Anthropology,4.7,1.7,3,-1
154487,Ronald L.,Meyer,Biology,4.2,2.4,44,-1
643424,Sally,Dickerson,Psychology,4.7,2.5,13,-1
519325,Anna,Cavness,Writing,4.4,3.3,20,-1
1455240,Parvin,Shahrestani,Biological Sciences,5,1.7,6,-1
1523109,Andrew,Mastronarde,Psychology & Social Behavior,4.9,1.6,5,-1
1423571,Victoria,Beard,Social Science,2.9,3.6,17,-1
1190937,Ethan,Namvar,Finance,3.7,3.3,15,-1
1707535,Yucheng,HU,Mathematics,4,2,1,-1
1307918,Reza,Seyyedali,Mathematics,3.6,2.6,21,-1
356511,Timothy M.,Tift,Education,4.9,1.5,16,-1
967328,Joseph,Jenkins,English,4.6,2.9,9,-1
1005058,Pathik,Wadhwa,Psychology,3.7,2.7,3,-1
1112480,John,Crooks,Music,2.2,2.6,5,-1
1553736,Rosanna,Nunan,English,3.3,2.5,2,-1
1419337,Glenn Allen,Trager,Social Ecology Administration,4.5,2,2,-1
279822,David,Brownstone,Economics,1.7,3.9,42,-1
424853,Said,Elghobashi,Engineering,2.7,3.7,32,-1
1281518,Paul,Johnson,Spanish,4.5,3,4,-1
143547,Anna,Gonosova,Humanities,3.3,3.5,26,-1
1705252,James,McAlexander,Business,3.5,2.5,2,-1
1550054,Lei,Zhang,Mathematics,3,2.7,3,-1
1701458,Ryan,Popov,Writing,4.8,3,2,-1
1194595,Larry,Crystal,Mathematics,3.3,3.3,4,-1
995267,Kim,O'Neil,Writing,5,2.1,12,-1
1699798,Bron,Tamulis,Political Science,4.8,2,2,-1
1590635,Carolyn,Zambrano,Social Science,5,1,1,-1
838089,Jennifer,Savage,Economics,4.6,2.3,16,-1
1246700,Matthew,Jung,Education,4.5,2.8,4,-1
1694374,Nathan,Collins,Political Science,4,3,3,-1
1725861,Carly,Maris,Classics,4.5,2,1,-1
980790,Dimitri,Bogazianos,Criminal Justice,5,2,3,-1
1553288,James,Stobaugh,Social Science,1.5,2,2,-1
409922,Judith,Kimura,Languages,4.3,2.5,11,-1
1653684,Miguel,Murillo,Writing,1.8,4,5,-1
1662531,Ladan,Masoudie,Business,4.3,2.3,3,-1
1527559,Megan,Flynn,Dance,5,1,2,-1
860043,Nathan,Jones,Political Science,4,2.8,8,-1
419016,K.,Kypriotakis,Mathematics,4.4,2.6,10,-1
1715131,Vanessa,Garcia,Journalism,5,4,1,-1
576030,Deborah,Khoshaba,Psychology,4.5,1.9,20,-1
371329,Simona,Moti,Languages,4.7,2.4,14,-1
1503977,Sherine,El Hag,Economics,3.4,2.3,12,-1
1659387,Mark,Wilson,Logic & Philosophy,3,1,2,-1
342380,Brian,Thill,Humanities,4.1,3.5,41,-1
1623531,Christoph,Weiss,Mathematics,4,3.3,3,-1
1477911,Joshua,Gladieux,Political Science,3,4,2,-1
929282,Wendy,Piquemal,Humanities,3.6,2.4,8,-1
1661492,Kumar,Wickramsinghe,Electrical Engineering,2.8,1.3,3,-1
37771,Larry,Chrystal,Mathematics,2.7,3.8,180,-1
712965,Donald,Patterson,Computer Science,4.9,2.8,4,-1
1245574,Dima,Sinapova,Mathematics,3.1,3.6,15,-1
1237931,Luke,William,English,4.8,2.5,2,-1
1078389,Ron,Carlson,Writing,4.5,3,2,-1
1032348,M.,Pangilinan,Writing,3.8,3.4,14,-1
1301568,Luke,Reader,Humanities,3.1,3.1,10,-1
215583,Robert W.,Byde,Psychology,4.5,2.5,73,-1
1373853,Ben,Woodson,Writing,4.6,2.3,4,-1
1659591,Jennifer,Kosakowski,Composition,4.8,3,3,-1
1589591,Yu,Zhang,Management,1.8,3.7,3,-1
596074,Deborah,Vargas,Ethnic Studies,4.3,1.9,7,-1
1649846,Yuanchang,Sun,Mathematics,4.4,2.6,5,-1
1701592,Scott,Klinger,Studio Art,4.5,4,1,-1
1701660,David,Saldana,Sociology,4,1,1,-1
1104503,Carl,Cotman,Biological Sciences,4.5,2,1,-1
1514544,Gunther,Uhlmann,Mathematics,5,1.5,2,-1
1656142,Brian,Rogers,Philosophy,4.8,3,2,-1
1700881,Susan,Obarski,Humanities,5,2,1,-1
1413833,X,Zhu,Writing,3.3,2.5,2,-1
1690731,Brian,Chipman,Biological Sciences,3,1,1,-1
1700661,Ashley,Dressel,Writing,5,2,1,-1
1257734,Hillary,Branman,Writing,4.4,3,9,-1
1625003,Jayeeta,Gosh,Chemistry,1.3,3.4,5,-1
1515391,Anjali,Parasnis-Samar,Writing,4.3,2.5,2,-1
1687040,Jessica,Ordaz,Social Science,2,2.5,2,-1
1503635,David,Hernandez,Writing,4.8,2,6,-1
1698545,Nydia,Durazo,Spanish,5,2,1,-1
1625362,Jayeeta,Ghosh,Chemistry,2.6,3.8,10,-1
1662451,Tom,Occhipinti,Mathematics,4.7,2.7,3,-1
1655587,Katherine,Ryan,English,4.3,3,2,-1
440208,Luis,Suarez-Villa,Geography,2.9,2,7,-1
1693348,Robert,Reed,Biological Sciences,4.5,2,1,-1
1680935,Charlie,Baecker,Business,4,4,1,-1
398622,Michael,Martinez,Education,3.2,3.1,30,-1
1495559,Rebecca,Beck,Writing,4.6,4.8,8,-1
1310037,Mabel,Cortes,Biological Sciences,4.8,3,4,-1
1547938,Erick,Peterson,Economics,1,4,1,-1
1387032,Mike,Liaw,Writing,2.2,4.3,3,-1
1501871,Jordan,Stanton,Humanities,1.5,4.3,6,-1
105385,Keith,Bangs,Theater,4.1,2.2,12,-1
299686,Nuccia,Malinverni,Humanities,3.9,3.5,28,-1
895375,Robert,Campbell,Mathematics,3.9,3.1,7,-1
1346687,Deborah,Avant,Political Science,3.3,2.3,6,-1
552235,Stanford,Storey,Management,3.8,2.1,14,-1
525342,Tom,Hitchner,Writing,3.4,3.6,9,-1
1679245,Ann,Burkle,Not Specified,5,4,1,-1
1650268,Sarah,Beadle,Art,5,2,1,-1
377978,Suzanne,Sim,Computer Science,1.9,3.5,44,-1
1204847,Allison,Miller,Studio Art,2.3,4.2,6,-1
1253766,Xiangrong,Li,Mathematics,2.3,3.1,7,-1
1543475,David,Kang,Management,4.2,2.4,5,-1
1646684,Amy,Shimshon-Santo,Education,2.5,3.5,2,-1
1670332,Cara,Watkin,Writing,3.5,3,1,-1
1268304,Ameeth,Vijay,Writing,2.8,3.3,6,-1
1550393,Timothy,Goddard,Criminal Justice,4.5,3,4,-1
1067782,Frances,Jurnak,Biological Sciences,2,4.5,2,-1
1666171,Kelsey,Norman,Political Science,3,3,1,-1
166891,Vivian R.,Folkenflik,Humanities,4.1,2.7,18,-1
1664587,William,Yessen,Mathematics,5,3,1,-1
1467071,R,Lejano,Not Specified,3,2,1,-1
1662147,Wayne,Lalicon,Not Specified,1,5,1,-1
1327782,A.,Rubado-Mejia,Writing,4,3,1,-1
584089,Greg,Feldmus,Economics,3.9,3.1,14,-1
1502855,Tetsuro,Namba,Writing,4,2.7,3,-1
1658381,Jung,Song,Chemistry,5,3,1,-1
1658994,Ryan,Shirah,Political Science,2,5,1,-1
1147982,Daniel,Wolf,Economics,1,3.8,5,-1
1180588,Edward,Pinuelas,Comparative Literature,4,3.6,5,-1
62776,Simin,Shoari,Engineering,3.1,3.2,24,-1
1505351,Randy,Myers,Sociology,4.2,2.8,5,-1
1264784,Douglas,Winther,Art History,5,1,1,-1
1020272,C,Hilderbrand,Humanities,3.3,2.5,2,-1
1093560,Scot,Samuelson,Mechanical Engineering,3,4.5,4,-1
759134,Michelle,Yates,Writing,4.8,3,5,-1
1413685,Adriana,Alexander,Writing,2.2,2.7,3,-1
1577831,James,Anderson,Studio Art,5,1,1,-1
135724,Richard,Kroll,English,3.7,3.6,40,-1
1606609,Julie,Wells,Biological Sciences,3.7,3,3,-1
909598,Ban,Al-Ani,Computer Science,2.9,3.3,9,-1
1553910,Nam,HO,Chemistry,5,1,1,-1
1117819,J,Kang,Engineering,5,1,1,-1
579467,Kimberley,Lakes,Health Sciences,4.8,2,2,-1
855038,Jennifer,Locke,English,4,3.6,11,-1
584254,Peter,Li,Mathematics,3.7,3.1,12,-1
1646243,Joel,Sheldon,Mathematics,3,5,1,-1
897262,Tau-Mu,Yi,Biological Sciences,3.6,3.5,55,-1
1635475,Susan,Haynie,Management,1,3.5,2,-1
1310290,Robert,Werth,Criminal Justice,4.7,3.5,6,-1
251907,James,Arvo,Engineering,4.6,2.7,27,-1
1290839,C,Balance,Asian Studies,3.3,3.3,10,50
1425444,Rita,Shah,Criminal Justice,4,2.3,3,-1
1633345,Robert,Allen,Earth Science,4,1,1,-1
1426850,Vuslat,Demirkoparan,Writing,3.3,3,2,-1
1617938,Matthew,Weiss,Physics & Astronomy,5,2.8,4,-1
239268,James V.,Lambers,Mathematics,4.7,1.9,61,-1
80764,Joseph,Kasof,Psychology,3.6,2.7,42,-1
1455761,David,Tannenbaum,Psychology & Social Behavior,4.5,2.3,3,-1
1616739,Justin,Mark,Psychology & Social Behavior,3.5,2,1,-1
1619169,Larry,Cabral,Ecology & Evolutionary Biology,4.5,2,1,-1
1101039,Christopher,Lauderdale,Biological Sciences,4.3,1.7,6,-1
1076680,Josh,Gellers,Social Science,5,2.2,6,-1
747978,Mark,Leach,Social Science,2.2,3,5,-1
1449433,Abraham,Romney,Comparative Literature,4,2.8,6,-1
238399,Jeanne,Bickford,Criminal Justice,3.8,1.9,37,-1
1468999,Jasmine,Kerrissey,Writing,4.8,1.5,2,-1
1545148,Judy,Joshua,Writing,4.8,3,2,-1
1443900,Kim,Yunho,Mathematics,1.6,4.6,5,-1
158625,Sheila,Vaughn,Psychology,3.3,2.6,52,-1
1478598,Brian,Marion,Psychology,5,2.7,3,-1
406636,John,Lowengrub,Mathematics,4.3,3.5,2,-1
1142965,Valerie,Hall,Education,3.7,2.3,3,-1
816136,Jae Shil,Kim,Linguistics,3.1,3.1,11,-1
1602833,Joshua,Hernsberger,Business,5,3,1,-1
1550239,Erica,Bochanty-Aguero,Film,2,4,1,-1
2196,Michael,Clark,English,3.6,3.2,25,-1
209113,Dina Lynn,Al-Kassim,Comparative Literature,3.1,4.2,21,-1
357517,Penelope R.,Chiappe,Education,3.4,2.8,18,-1
1545012,Marie Charlotte,Henderson,Education,4.5,2,1,-1
504840,Yi-Zhou,Liu,Writing,3.6,3.1,14,-1
1593142,Sarah,Smith,Criminal Justice,5,1,1,-1
1063526,Engel,Szwaja-Franken,Foreign Languages,3.3,4,9,-1
236617,Lina Haddad,Kreidie,Social Science,3.2,2.7,45,-1
970664,Eric,Knowles,Psychology,4.4,2.1,13,-1
1112723,Rebecca,Shapiro,Chemistry,5,2,7,-1
1478595,Tayopa,Mogilner,Psychology,4.8,2,2,-1
1475672,James,Tierney,Economics,2.8,3.5,2,-1
1419720,Danielle,Tinkoff,Writing,3.2,3.4,5,-1
488891,Raul,Fernandez,Ethnic Studies,4.2,1.2,16,-1
1366234,Zhenzhen,Zheng,Mathematics,2.6,3,10,-1
169756,Patricia L.,Hartz,Humanities,4.4,2.6,54,-1
464068,Kayoko,Okada,Psychology,2.9,4.2,12,-1
1589587,Lori,Smith,Accounting,2,4,1,-1
1186691,Nicola,Squartini,Mathematics,2.6,3.1,24,-1
168621,Patricia,Schneider-Zioga,Languages,4.1,2.3,17,-1
1014348,Melanie,Horn-Mallers,Psychology,3,2.8,8,-1
1573549,Tomasz,Owerkowicz,Ecology & Evolutionary Biology,1,4.5,2,-1
376779,Edward,Schumann,Criminal Justice,3.9,2,54,-1
1588134,Gerardo,Arellano,Latin American Studies,4.5,2,1,-1
1587448,Christine,Hegel,Criminal Justice,1,4,1,-1
1587762,Marlon,Gruen,History,4,2,1,-1
1553146,Samantha,Cohen,English,4.2,2.3,3,-1
1019124,Robert,Mancuso,Management,2.8,3,2,-1
1515390,John,Kim,Writing,5,1,3,-1
1111950,Denise,Spampinato,Writing,1.7,4.8,9,-1
529212,Benjamin,Sullivan,Classics,4.7,2.8,9,-1
1557543,Glenn,Kessler,Comparative Literature,4.5,2,1,-1
1003150,Selim,Shahine,Anthropology,4.3,2.4,14,-1
75475,Ken,Pomeranz,History,3,3,24,-1
786286,Justin,Walensky,Chemistry,4.8,1.8,24,-1
91367,Jianjun,Xu,Mathematics,2.5,2.7,47,-1
1004197,Paul,Kasper,Spanish,4.6,2,9,-1
370351,Nicole,Woods,Art History,4.6,2.5,16,-1
1238853,Samuel,Jaffee,Spanish,3.8,3.7,7,-1
1565120,Jonathan,Lam,Chemistry,4.5,4,1,-1
1162418,Thomas,Carew,Neurobiology & Behavior,5,1,4,-1
1465083,Ted,Figinski,Economics,3.8,2,2,-1
819903,Margaret,Murata,Music,3,4,4,-1
1331167,Marlon,Boarnet,"Planning, Policy & Design",4,3,2,-1
106651,Kenneth C.,Janda,Chemistry,2.8,2.6,55,-1
511585,Ralph Benjamin,Jester,Anthropology,2.5,3,23,-1
1180587,Kimberly,Beil,Art History,3.9,2,5,-1
1262257,Liming,Wang,Mathematics,3.8,2.6,10,-1
296443,Peter J.,Bryant,Biology,3.5,2.3,47,-1
604001,Elizabeth,Barton,Physics,4.1,2.9,10,-1
201589,Elizabeth Mathews,Losh,Humanities,4.2,2.8,14,-1
1427030,Michael Q.,Nguyen,University Studies,4.5,3,3,-1
1548441,Hongyu,Liu,Mathematics,1,3.3,3,-1
911058,Lindsay,Holowach,History,4.6,1.8,11,-1
1057359,Emily,Colbert,Spanish,3.9,2.5,8,-1
1523670,Blair,Davis,Art,4,2,1,-1
1379821,M.,Lonner,Studio Art,5,4,1,-1
1548551,Amrit,Dhillon,Environmental Studies,5,3,1,-1
1547736,Dan,Berlau,Biological Sciences,5,3,1,-1
967460,Martin,Valle,Spanish,4.9,2.2,5,-1
1361135,Itzel,Olivares,Spanish,3.8,4,2,-1
132069,John,Liu,Social Science,3.9,2.8,81,-1
756802,Sam,Arkin,Writing,3.8,1.9,10,-1
1545009,Claudia,Piñeda-Mendoza,Education,3,4,1,-1
1545007,Virginia,Panish,Education,5,3,1,-1
1167673,Randy,Pogorzelski,History,3.9,2.3,21,-1
161843,Janet,Neary,English,4.6,3.8,8,-1
1301852,Angela,Garcia,Anthropology,4,2.3,23,-1
782904,Christopher Martin,Ograin,Mathematics,4.9,2.1,15,-1
1481454,Kamlesh,Dookayka,Physics & Astronomy,5,2,1,-1
1421758,Nicolas,Deplanche,French,3,2.5,2,-1
1532313,Rebecca,Marino,Psychology,4.5,2,1,-1
1117034,Jie,Liu,Mathematics,1,4.8,5,-1
1227216,Jeffrey,Russell,Dance,3.8,3.3,3,-1
1527616,Patrick,Blong,Writing,1.5,3,1,-1
1238854,Lourdes,Reyes,Spanish,3.7,3.3,3,-1
1099808,Gary,Hartenburg,Philosophy,4.3,4,4,-1
1438071,Grace,Chee,History,4.5,3,1,-1
823674,Lan,Huang,Biological Sciences,3.1,3.3,8,-1
802787,Laura,Sextro,History,3.7,3.8,5,-1
1518203,Elysia,Poggi-Davis,Not Specified,2.5,3,1,-1
382194,Carol,Whalen,Social Science,4,3.7,13,-1
181923,Eric Neil,Strand,English,3.5,2.9,23,-1
952877,Zacchary,Fisk,Physics,1.3,3.4,9,-1
437859,Haris,Catrakis,Engineering,3.6,2.4,22,-1
575015,William,Armstrong,Management,2.8,3.5,17,-1
1114848,Francesca,Santoro L'Hoir,Classics,3.8,2.8,5,-1
1505856,Kristin,Behfar,Management,5,2,1,-1
1269487,Allan,MacVicar,French,4.8,2,2,-1
1412019,Jonathan,Fine,German,2.5,2,1,-1
1213371,Gray,Hilmerson,Writing,4.5,3,4,-1
1266915,Daniel,Borses,History,5,3,1,-1
1224124,Nathaniel,Bishop,Writing,2.8,2.8,6,-1
1391270,Ramya,Ghosh,Economics,4.3,2.2,12,-1
419506,Sarah,Cohen,Writing,4.5,2.1,8,-1
1478603,Assal,Habibi,Psychology,4.5,2,1,-1
1334657,Lili,Lebenzon,Spanish,3.9,2.3,4,-1
1473043,Anna,Cai,Mathematics,2.8,3,2,-1
1110103,Jim,Watson,International Studies,3.5,3,3,-1
1335221,Janice,Wong,Chemistry,4.5,4,1,-1
1148715,Natasha,Emmerson,Social Ecology Administration,3.3,3.7,16,-1
1046115,Luke,Reid,Writing,3.9,2.8,9,-1
267594,Anthony A.,James,Biology,2.7,3.2,23,-1
578625,Cameron,Talley,Criminal Justice,3.5,2.6,42,-1
1478318,Michael,Murray,Criminal Justice,5,3,2,-1
1260055,Anna,Guercio,Writing,3.5,3.8,9,-1
1092852,Thomas,Stubblefield,Art History,4.6,2.4,9,-1
279321,Kitty C.,Calavita,Criminal Justice,4.5,2.9,31,-1
1280295,Mandy,Mount,Sociology,5,4,1,-1
1454213,Mike,Powe,Social Science,4.8,2,4,-1
956018,Bing,Cheng,Mathematics,3,4.2,53,-1
69956,Tomas,Lang,Engineering,1.9,4.6,45,-1
1478600,Maryam,Abdullah,Psychology,2,2,1,-1
238045,Douglas R.,White,Anthropology,1.9,2.7,7,-1
1408724,Curt,Sobolewski,Sociology,4.5,1.8,4,-1
1278709,Dave,Halgren,German,2.8,4.3,3,-1
1466993,Douglas,Bornemann,Biological Sciences,2,5,1,-1
858272,Kelly,Ramsey,Political Science,3.5,2,2,-1
1181934,Jennifer,Beagin,Writing,4.7,1.8,6,-1
1002224,Krystal Reiko,Hauseur,Art History,4.3,2.2,6,-1
1114413,Juan,Urbina,Spanish,4.3,2.3,6,-1
1333602,Colby,Nixon,Spanish,4.7,2.3,3,-1
1464373,Jenny Hardison,Clark,Biology,4,4,1,-1
1330152,Josh,Whitney,Mathematics,4.5,2.5,2,-1
735889,Amina,Yassine,Spanish,4.4,2.7,16,-1
508878,Emma Virginia (Ginger),Hill,Art History,4.8,2.5,6,-1
1475294,Tim,Allen,Biological Sciences,4.5,4,1,-1
1278051,Edwin,Tan,Social Science,3.5,3.2,5,-1
1474317,Ryan,Kendall,Economics,4,2,1,-1
541400,Charles,Leinenweber,Sociology,4.1,2.6,20,-1
1043828,Barry,Smith,Mathematics,4.3,3.9,8,-1
1472791,Denise,Robb,Political Science,4,1,1,-1
569156,Ellen,Greenberger,Psychology,2.6,3.4,21,-1
1335431,Elizabeth,Bevans,Writing,4.5,3,1,-1
161249,James,Yeh,Mathematics,2.9,2.3,14,-1
1288903,Jose,Munoz,Social Science,3.5,2.2,5,-1
1116427,Tim,Seiber,Film,4.5,2.3,3,-1
965472,Jodie,Gates,Dance,4,4,1,-1
1447331,Frislea,Florvilus,Dramatic Arts,5,4,1,-1
1335283,Will,Jou,Political Science,4.5,3,1,-1
1267441,Amanda,Moore,Anthropology,3.6,2.1,8,-1
1129984,Michael,Hampson,Political Science,3.3,2.5,2,-1
379902,Matt,Sumell,English,4.8,2.4,12,-1
271425,Timothy,Tackett,History,4.5,2.6,14,-1
368262,Erik,Rangno,English,4.2,3.2,19,-1
1099686,Madeline,Baer,Political Science,4.4,3.3,4,-1
1070071,Tathagata,Dasgupta,Business,3.5,3,1,-1
1318981,Arden,Stern,Film,4,4,1,-1
1461968,Nanao,Akanuma,Anthropology,1,5,1,-1
1195455,Dorian,Bell,French,4.6,2.8,4,-1
769274,Janice,Gregory,Humanities,5,2.6,5,-1
960630,Cynthia,Quintero,Spanish,4.3,2.9,8,-1
285628,Marigee,Bacolod,Economics,2.9,3.5,50,-1
1065797,Greg,Knese,Mathematics,4.5,2.8,21,-1
1062076,Annie,Moore,English,3.8,3.8,6,-1
1181432,Ying,Li,Mathematics,4.8,1.8,4,-1
1170975,Lynn,Pazzani-Raitt,Criminal Justice,1.7,4.3,11,-1
1193338,Silvius,Klien,Mathematics,3.8,3,2,-1
1375461,T.,Pawlowski,Writing,5,2.5,2,-1
862764,Amy,Alexander,Political Science,5,1.5,4,-1
1311470,George,Ng,Economics,4.3,2.8,5,-1
578372,Max,Winter,Writing,5,2.5,6,-1
1265728,Mary,Hubermann,German,3,1,1,-1
711522,Zouhair,Tamsamani,Mathematics,2.5,3,50,-1
235973,Alexander V.,Sadovsky,Mathematics,2.8,3.1,17,-1
243540,Linda F.,Bauer,Fine Arts,4.4,3.6,5,-1
1447661,Lisa,Binder,Writing,5,2,1,-1
1395403,Zainab,Cheema,Writing,2.6,3.8,4,-1
1255943,Rainer,Reinscheid,Biology,2.5,1,1,-1
1258528,Laurence,Mueller,Ecology & Evolutionary Biology,2.2,2.7,14,-1
815062,Lindsay,Puente,Comparative Literature,2.8,4.3,8,-1
1378423,Anna,Palomar,Spanish,5,1,1,-1
175091,Elizabeth Ann,Wiatr,Humanities,2.9,4,36,-1
818032,Matthew,Harrison,Writing,4.3,2.6,14,-1
810720,Judy,Hollingshead,Psychology,3.5,2.6,7,-1
917180,Silvius,Klein,Mathematics,3.9,3.3,35,-1
1391287,Ronald J.,Stern,Mathematics,2.3,3.7,3,-1
465792,Victorina,Lefebvre,Languages,4.7,1.8,5,-1
976748,Christopher,Stout,Political Science,4.3,3.7,3,-1
650200,Nelly,Gertsberg,Psychology,3.3,2.5,2,-1
1059961,Roberta,Seid,Political Science,3,2.2,5,-1
1431019,Saba,Ozyurt,Writing,2.5,2,1,-1
1388139,Thomas,Doyle,Political Science,4.3,3.7,3,-1
357330,Nanette L.,Fornabai,Languages,3,3.5,17,-1
752039,Edward,Fowler,Asian Studies,4.7,1.7,3,-1
419464,Megan,Nowell,English,3.4,3.7,23,-1
1371168,Doug,Otte,Chemistry,4.9,2.8,11,-1
218667,Lynn,Mally,History,4.6,2.6,16,-1
1359701,Dennis,Popovec,Management,3.5,3.3,3,-1
1212817,Christina,Conroy,Philosophy,4.8,2.7,3,-1
759634,Ted,Wrigley,Social Science,1.7,3.1,43,-1
587903,Suzanne,Gearhart,French,2.2,3.6,8,-1
1411471,Samantha,Zeitlin,Biomedical,3.5,2.5,2,-1
98431,Timur,Oikberg,Mathematics,2.5,3.8,12,-1
1359698,Ronald,Stern,Mathematics,3.1,3.8,4,-1
369766,Kim,Burge,Education,4.4,1.3,7,-1
1229366,Wilfred,Recker,Civil Engineering,3.8,3.3,4,-1
779315,Erin,Hourigan,German,4.8,2.3,3,-1
1382844,Kimberly,Cassibry,History,4,4,2,-1
359253,Samuel,Mendez,Economics,2.3,2.3,27,-1
1018030,Rudi,Berkelhamer,University Studies,3.8,1.3,4,-1
857687,Peter D.,Moore,Humanities,3.7,3.1,15,-1
1402560,Denny,Popovec,Accounting,4.5,2.3,6,-1
1217925,Laura,Hogan,Writing,3,4,1,-1
1124193,Bowen,Slate-Greene,Writing,2.9,3.5,4,-1
73246,Lawrence A.,Howard,Psychology,3.2,2.4,47,-1
763587,Sandra,Zito,History,3.8,2.3,3,-1
1180599,Anastasia,Tosouni,Criminal Justice,4.1,2,4,-1
1405758,Ryan,Letcavage,Physics & Astronomy,5,1,1,-1
1376454,Doug,Kiclowicz,Writing,4.5,3,1,-1
1143065,Charlene,Engle,Political Science,4.8,2.7,3,-1
1032351,R.,Schoenbeck,Writing,3.6,3,7,-1
1243544,Charles,Bailey,Film,4.8,3,3,-1
773224,Carolyn,Boyd,History,4.1,2.8,6,-1
599881,Eric,Higgins,Physics,4.5,3.5,4,-1
98340,Rudi,Berkelhamer,Biology,2.9,3.2,26,-1
532875,Daniel,Healion,Chemistry,3,3.8,5,-1
1046926,Victoria,Hsieh,Writing,4,3,4,-1
576325,Sarah,Leibovitz-Dambre,French,4.2,2.9,9,-1
1293310,Racheli,Morris,Spanish,5,1.3,3,-1
1403156,Stephen,Dischiavi,Dance,4,2,1,-1
759159,Lara,Deeb,Women's Studies,3.4,3.4,8,-1
631234,Michelle,Cho,Writing,4.6,2.2,9,-1
365060,Lahela Chiara,Minerbi,Languages,3.7,2.7,17,-1
1076713,Deanna,Avetisian,Mathematics,4.5,2,3,-1
382974,Jessica,Poulin,Biology,4.5,3.5,4,-1
1153439,Mary,Trent,Art History,4.4,4,7,-1
1304629,Marcus,Civin,Writing,4.8,2,2,-1
325371,Carrie,Brachmann,Biology,3.1,3.4,29,-1
582968,Patrick,Keller,Writing,3.2,3.3,14,-1
294728,Nasrollah,Ahadiat,Economics,2.3,3.2,30,-1
1144771,Michael,Landis,Sociology,4,1,2,-1
177731,Jennifer A.,Robinson,Criminal Justice,3,3.4,58,-1
826712,Grant,Shibuya,Chemistry,4.5,2.9,13,-1
1234748,Jessica,Ostrower,Art History,3.3,3.4,5,-1
498737,Jason,Keller,Art History,3.9,3.1,8,-1
591479,Robert,Colson,Writing,3.1,3.3,15,-1
79436,Charles,Otwell,Philosophy,3.1,2.8,25,-1
860993,William,Hoffman,Environmental Studies,4.6,3,7,-1
972408,Dennis,Lopez,Writing,4.7,2.8,6,-1
1152629,Margarita,Lopez,Latin American Studies,4.3,1.5,4,-1
608897,Danielle,Vellucci,Chemistry,5,1.4,5,-1
1044037,Norman,Rosenberg,History,2.6,2.9,13,-1
1261438,Jaime,Rodriguez,History,2.5,3,2,-1
176889,Sara Joyce,Robinson,English,4.8,2.4,14,-1
546584,Mark,Bullio,Philosophy,4.5,2.3,11,-1
1219816,Peng,Song,Mathematics,3.8,1.8,12,-1
464627,Masanobu,Shinozuka,Engineering,3.8,2.2,5,-1
1246699,Francesca,Del Gobbo,Linguistics,4.1,2.3,4,-1
1105801,Donovan,Sherman,Dramatic Arts,3.5,4,7,-1
88688,Pai,Chou,Engineering,3.1,4.1,29,-1
1238149,Mami,Usui,Social Science,2.3,3,3,-1
869464,Hamed,Khalkhali,Engineering,4.7,3,3,-1
1093801,Daniel,Moorhead,Dramatic Arts,4.3,2.7,3,-1
1260684,Maggie,Parkins,Music,4.8,3,2,-1
361879,Katrina Marie,Harack,Writing,3.7,3.1,16,-1
611181,Ingrid,Ruf,Biological Sciences,4.1,2.4,9,-1
802458,Jenny,Liou,Writing,3.3,2.8,4,-1
892235,Kelsy,Kretschmer,Social Science,3.7,3.7,3,-1
630636,Peggy,Mycek,Psychology,4.5,2,2,-1
634808,David,Fitoussi,Management,3.2,2.6,11,-1
118850,David,Johnson,Biology,2.2,3.9,62,-1
1153044,Marie,Bergamasco,Theater,4.5,1.5,2,-1
321138,Kathleen L.,Dallaire,Sociology,3.5,1.7,74,-1
772979,Felix,Grun,Biological Sciences,4.1,3.3,15,-1
1286851,Gavin,Lee,Criminal Justice,4.8,3,2,-1
824715,Jeff,Matayoshi,Mathematics,4.3,2.5,6,-1
1297332,Payel,Chowdhury,Economics,2,5,1,-1
1108966,Taieb,Berrada,French,3.6,4.4,8,-1
1211692,James,Negen,Psychology,2.5,2.3,3,-1
882239,Elaine,Wong,Mathematics,4.9,2.5,4,-1
149921,Philip,Nickel,Philosophy,3.6,3,24,-1
1089314,M,Yockey,Film,3.5,3.4,8,-1
1115294,R,Dibble,Management,4,2.1,7,-1
1142005,S,Chi,Accounting,2,2.3,3,-1
1090415,David,Burns,Studio Art,4.9,2,4,-1
160408,Matt,Nelson,Humanities,3.3,4.4,14,-1
1239992,George,Stuckey,East Asian Lang. & Literature,1.8,3.5,2,-1
1305388,Erin,Kent,Public Health,5,1,1,-1
956466,Nuan,Gao,History,3.3,2.3,6,-1
1111907,Jeffrey,Tsai,Economics,3.8,2,3,-1
1257863,Ingolf,Warnke,Chemistry,4.3,1.5,2,-1
1012539,Melanie,Mallers,Psychology,3.8,3,4,-1
1160331,Lena,Firestone,Writing,3.8,2.7,3,-1
1294383,Annabel,Lee,Economics,5,2,1,-1
1266920,Nicole,Barnes,History,5,2,1,-1
862412,Becki,Scola,Political Science,4.9,2,5,-1
1009676,Diane,Hayashino,Psychology,4.3,3,3,-1
322860,Jonathan M.,Hall,Comparative Literature,4.6,2.4,18,-1
767789,Graham,Mueller,Mathematics,3.2,2.8,6,-1
1255628,Debra,Freas,Languages,4.5,1.5,2,-1
895941,Vasan,Venugopalan,Chemical Engineering,2.5,4.3,3,-1
629508,Kristin,Collins,Education,3.3,3.2,11,-1
917201,Doug,Ryals,Humanities,4.5,2.4,19,-1
409904,Patrick,Farmer,Chemistry,2.3,3.9,31,-1
904650,Allison,Kroll,English,4.3,1.6,11,-1
1296384,April,Friges,Studio Art,5,2,1,-1
1244971,Jessica,Scully,Engineering,3.2,3.3,3,-1
656918,Kyle,Wanberg,Writing,3.4,3.1,15,-1
1262856,Brad,Corso,Physics & Astronomy,5,2.5,2,-1
944573,Jason,Sellers,History,4.6,2.1,7,-1
1298369,Polina,Kroik,Writing,5,3,1,-1
86415,Philip,Minehan,History,4.2,3,7,-1
626156,Frances,Chance,Biological Sciences,3.8,2.9,12,-1
631902,Julianne,Ohlander,Criminal Justice,4.1,2.3,7,-1
584556,Bobby,McDonie,Writing,3.4,2.9,10,-1
1193395,Vito,Iacovino,Mathematics,1.1,4.7,24,-1
648767,Mark,Sacks,Law,4.9,2.6,7,-1
136296,Tim,Osborne,Science,4,3.2,26,-1
178648,R. Hank,Stevens,Social Science,2.4,2.7,26,-1
953281,Shing Yu,Leung,Mathematics,4.7,3.3,3,-1
1295982,Micah,Alpaugh,History,4.5,2,1,-1
637833,Stephanie,Dialto,Political Science,4.1,3.3,9,-1
1160700,Maya,Schindler,Art,3.2,3.4,5,-1
1180547,Lisa,Mohanty,Economics,3.8,2.5,8,-1
1016313,Tim,Wigal,Psychology,2.1,4,4,-1
622992,Garrett,Sadler,Physics,5,2.3,3,-1
1126683,Jay,Simon,Management,1.5,3.7,3,-1
807882,Shengli,Kong,Mathematics,4,1.4,44,-1
369217,Aaron,Winter,Writing,4.8,2.9,12,-1
1038114,Roger,Von Dippe,Art History,4.5,2,1,-1
632717,Guillermo,Narvaez,Anthropology,1.5,3,7,-1
110914,Allison,Benis,English,4.9,2.2,24,-1
459709,Eugene,Park,History,4,2.8,24,-1
153149,Andrew Jowdy,Collins,English,4.6,2.3,4,-1
1940299,Katie,McClelland,Writing,4,3,1,-1
1933609,Miles,Kubota,Chemistry,4.5,4,1,-1
2024167,Linda,Pimes,Spanish,4,3,1,-1
1965187,Martha,Feldman ,Public Health,2,4,1,-1
1070216,T,Huynh,Management,5,4,1,100
2021874,Susanne,Rafelski,Biological Sciences,5,4,1,-1
1930701,Jared,Wiig,Biological Sciences,4.5,3,1,-1
3609090,Benjamin,Walker,Mathematics,0,0,0,-1
3093236,Madeline,Hurst,English,0,0,0,-1
3089151,Dara,Sorkin,Public Health,0,0,0,-1
3081491,Danielle,Hanson,English,0,0,0,-1
3108802,Bryon,Garner,Social Science,0,0,0,-1
3107316,Xizheng,Wang,Mechanical Engineering,0,0,0,-1
3082249,Sylvia ,Croese,Social Science,0,0,0,-1
3077715,Vojislav,Stamenkovic,Engineering,0,0,0,-1
3019971,Yanning,Chen ,Engineering,0,0,0,-1
3018934,Glaydah ,Namukasa,Writing,0,0,0,-1
2997318,Sanjeev,Dewan,Informatics,0,0,0,-1
2997183,Sophie,Zaiijer,Biology,0,0,0,-1
3154416,Boris,Vaisband,Engineering,0,0,0,-1
3125961,Izzy,Ginnett,Physics & Astronomy,0,0,0,-1
3156866,Zebulon ,Zang,Art,0,0,0,-1
3128017,Manuel,Segura,Computer Science,0,0,0,-1
3146036,Jason,Ferguson,Law,0,0,0,-1
2847578,Hiroki,Nishikawa,Computer Science,0,0,0,-1
2886251,Benjamin,Genta,Philosophy,0,0,0,-1
2871859,Mateo ,Orozco,Sociology,0,0,0,-1
2620608,Kyle,Li,Computer Science,0,0,0,-1
2575647,Jack,Lubin,Physics & Astronomy,0,0,0,-1
2573050,Russ,Nelson,Business,0,0,0,-1
2567398,Leticia,Garcia,Writing,0,0,0,-1
2717477,Zheng,Sun,Finance,0,0,0,-1
2708035,Cinquin,Bardwell,Biological Sciences,0,0,0,-1
2694296,Priya,Ranjan,Economics,0,0,0,-1
2701480,Barbara,Dosher,Cognitive Science,0,0,0,-1
2992623,Omar,Hamid,Chemical Engineering,0,0,0,-1
2763726,Meryem,Kamil,Film,0,0,0,-1
2746809,Jim,Egan,Anthropology,0,0,0,-1
2737869,Glen,Schrank,Business,0,0,0,-1
2734406,Jing,Zhuang,Humanities,0,0,0,-1
2775690,Rajeev,Tyagi,Business,0,0,0,-1
2811733,Mahmoud,Abdelgalil,Mechanical Engineering,0,0,0,-1
2806295,Christopher,Halbrook,Biological Sciences,0,0,0,-1
2803229,AndreacuteKeiji,Kunigami,Film,0,0,0,-1
2823004,Tiffany,Zhu,Philosophy,0,0,0,-1
2808957,Kevin,Kadowaki,Logic & Philosophy,0,0,0,-1
2890317,Modeste,Kenne,Computer Science,0,0,0,-1
2876683,Jonas,Ho,Economics,0,0,0,-1
2925610,Adriana,Chávez De la  Peña,Social Science,0,0,0,-1
2604334,Robert,Dong,Mathematics,0,0,0,-1
2532895,Veronica,Vieira,Public Health,0,0,0,-1
2531830,Vincent,McDonell,Mechanical Engineering,0,0,0,-1
2507890,kimia,montazeri,Mechanical Engineering,0,0,0,-1
2353679,Liam,Campbell,Neurobiology & Behavior,0,0,0,-1
2456868,Jody,Quis,Psychology,0,0,0,-1
2402699,Sam,Chen,Writing,0,0,0,-1
2482681,Yao,Pei,Foreign Languages,0,0,0,-1
2481073,Aaron,Werth,Accounting,0,0,0,-1
2500350,Cristina,Del Campo Campos,Business,0,0,0,-1
2513682,Andrea,Cano,English As A Second Language,0,0,0,-1
2434783,Olivia,Humphrey,Writing,0,0,0,-1
2426454,Michael,Robinson-Dorn,Law,0,0,0,-1
2356794,Guoqing Harry,Xu,Cognitive Science,0,0,0,-1
2280237,Kirsty,Singer,Comparative Literature,0,0,0,-1
2267492,Bobby,Rodriguez,Music,0,0,0,-1
2216716,Kim,Sung,Law,0,0,0,-1
2155310,Mohammad,Jarrad,Women's Studies,0,0,0,-1
1909117,Thomas,Radmilovich,Social Science,0,0,0,-1
1970830,Jon,Shubin,Women's Studies,0,0,0,-1
1946195,david,snow,Sociology,0,0,0,-1
1943113,Michael,Ryan,Writing,0,0,0,-1
2029026,Jeffrey,Muir,History,0,0,0,-1
2004585,Chris,Hoo,Materials Engineering,0,0,0,-1
1987152,D.,Lei,Dramatic Arts,0,0,0,-1
1986371,Padman,Nagenthiram,Electrical Engineering,0,0,0,-1
2073606,Kyoung-Sook,Moon,Mathematics,0,0,0,-1
2024057,Siddharth,Parameswaran,Physics  Astronomy,0,0,0,-1
2544100,Rudy,Vega,Art,0,0,0,-1
2509253,Christoph,Weiszlig,Mathematics,0,0,0,-1
2550516,Nicolas,Oshita,Criminal Justice,0,0,0,-1
2548888,David,Boute,Physics & Astronomy,0,0,0,-1
2351856,Kevin,Payumo,Physics & Astronomy,0,0,0,-1
2349454,Brittany,Olayele,Writing,0,0,0,-1
2326662,Scott,Ploen,Mechanical Engineering,0,0,0,-1
2320822,Kreshnik,Begolli,Psychology,0,0,0,-1
1256905,Krystle,Sherta,Counseling,0,0,0,-1
983872,Ieat,Poosay,Culinary Arts,0,0,0,-1
1120903,Ernest,Mejia,Biological Sciences,0,0,0,-1
1755162,Clifford,Anderson-Bergman,Statistics,0,0,0,-1
1263198,Joyce,Campell,Art,0,0,0,-1
1260296,Joyce,Campbell,Studio Art,0,0,0,-1
1522557,Trevor,Cornell,Chemistry,0,0,0,-1
1512882,Elysia,Davis,Psychology & Social Behavior,0,0,0,-1
1504973,Zhiying,Sun,Mathematics,0,0,0,-1
1502977,Shannon,Cuykendall,Dance,0,0,0,-1
1178249,Carlene,Bonnivier,English,0,0,0,-1
1222241,Julia,Obert,Writing,0,0,0,-1
1826726,Anne,Calof,Biological Sciences,0,0,0,-1
2120953,Emily,Thuma,Humanities,0,0,0,-1
2113306,Alyssa,Heckmann,Criminology,0,0,0,-1
1103655,Peter,Schweikert,Economics,0,0,0,-1
1032907,Christopherson,Jefferson,Social Science,0,0,0,-1
1320027,A.,Perloff,Writing,0,0,0,-1
1318820,Peggy,Zoccola,Psychology,0,0,0,-1
1384695,Chad,Kid,Philosophy,0,0,0,-1
1478602,Jessamy,Norton-Ford,Psychology,0,0,0,-1
1007839,Kim,Bailey,Sociology,0,0,0,-1
1005237,Mucciaro,Thomas,Chemistry,0,0,0,-1
1017693,Mark,Rosen,Medicine,0,0,0,-1
1587614,Melanie,Horn Mallers,Psychology & Social Behavior,0,0,0,-1
1310134,Leon,Mha,Biological Sciences,0,0,0,-1
1297002,Misty,May,Animal Science,0,0,0,-1
1384078,Christine,Everaert,Global Studies,0,0,0,-1
1555930,Rachel,Hinton,Writing,0,0,0,-1
1551790,William,Tone,Philosophy,0,0,0,-1
1542332,Howard,Tucker,Mathematics,0,0,0,-1
3157267,Timothy,Cho,Mathematics,0,0,0,-1
3059143,Yee-Kwan,Wong,Chinese,0,0,0,-1
3272611,Vidhisha,Mahesh,Writing,0,0,0,-1
3109105,Toshiki,Tajima,Physics & Astronomy,0,0,0,-1
3107621,Victoria ,Liu,Engineering,0,0,0,-1
3105528,Chasia,Jeffries,Writing,0,0,0,-1
3127103,Carolyn,Coles,"Criminology, Law & Society",0,0,0,-1
3140205,Cecilia,Martinez-Gomez,Biology,0,0,0,-1
3080804,Liliana,Jones,Spanish,0,0,0,-1
3077991,Diego,Fan,English,0,0,0,-1
3072839,Kate,McCullin,Film,0,0,0,-1
3017925,Frank,Davis,Criminology,0,0,0,-1
3034006,Julian,Smith-Newman,Literature,0,0,0,-1
3024149,Kristin,Fung,Biology,0,0,0,-1
3003167,Christie,Craig,Writing,0,0,0,-1
2997718,Neena,Sathi,Business,0,0,0,-1
2997315,"Kut ""Rick""",So,Business,0,0,0,-1
3088101,Jasmine ,Osei-Enin,Biology,0,0,0,-1
3093569,Matthew,Sheldon,Chemistry,0,0,0,-1
3084935,Ian,Larson,Information Science,0,0,0,-1
3084421,Andrew,Dang,Biology,0,0,0,-1
3083953,Meredith,Lee,German,0,0,0,-1
3083664,Maxim,Shcherbakov,Electrical Engineering,0,0,0,-1
2650998,Anne Marie,McEvoy,Education,0,0,0,-1
2100084,Kasra,Kakavand,Mechanical Engineering,0,0,0,-1
2661991,Xuxu,Song,German,0,0,0,-1
2779547,Avipsa,Roy,Urban Planning,0,0,0,-1
2766179,Darren,Stoddart,Management,0,0,0,-1
2708036,Bardwell,Cinquin,Biological Sciences,0,0,0,-1
2704991,Jian-yu,Ke,Business,0,0,0,-1
2638910,Tim,Melvin,Creative Writing,0,0,0,-1
2620950,Isabel,Gonzales,Political Science,0,0,0,-1
2617198,Fernando,Quintino,Mathematics,0,0,0,-1
2625898,Rohan,Mannem,Computer Science,0,0,0,-1
1261483,Jacques,Derrida,Humanities,0,0,0,-1
2523090,ti,Ge,Chemistry,0,0,0,-1
2575744,Chuansheng,Chen,Psychology & Social Behavior,0,0,0,-1
2540520,Nicole,Wakida,Biological Sciences,0,0,0,-1
1419994,Chiem,Edwin,Electrical Engineering,0,0,0,-1
2860186,Kwasi,Connor,Biology,0,0,0,-1
2860406,Yin,Liao,Mathematics,0,0,0,-1
2884955,Tianding,He,Dramatic Arts,0,0,0,-1
2884306,Wenjun,Fan,Mathematics,0,0,0,-1
2911042,Vojislav,Stamenkovic,Chemical Engineering,0,0,0,-1
2972931,Lee,Purvey,Humanities,0,0,0,-1
2959239,Christopher ,Becerra,Education,0,0,0,-1
2839108,Yiping,Cai,Global Studies,0,0,0,-1
2924409,In Ah,Kim,Anthropology,0,0,0,-1
2916372,Josh,Arimond,Education,0,0,0,-1
2611372,Aurora Garcia,Itzel,Philosophy,0,0,0,-1
2610176,Jung In,Park,Nursing,0,0,0,-1
2404452,Kelly,Ward,Sociology,0,0,0,-1
2415779,Felix,Hosiadi,Chinese,0,0,0,-1
2346024,Isabelle,Cecilia,Women's Studies,0,0,0,-1
2434897,Anissa,Chaouchi,French,0,0,0,-1
927633,Kyle,Holmes,English,0,0,0,-1
2002070,Linda,Tseng,Civil Engineering,0,0,0,-1
1994977,Daniel,Domzalski,Writing,0,0,0,-1
2227600,Paul,Tait,Physics  Astronomy,0,0,0,-1
1621781,Lisa,Sparks,Medicine,0,0,0,-1
1607845,Joshua,Clark,Social Science,0,0,0,-1
1674414,Manuel,Porto,Medicine,0,0,0,-1
1787953,Robert,Nyenhuis,Political Science,0,0,0,-1
1696800,Samir,Haddad,Education,0,0,0,-1
1700877,Elizabeth,Sowers,Sociology,0,0,0,-1
1561992,Joyce,Kim,Academic Services,0,0,0,-1
1556505,Sarkis,Khoury,Business,0,0,0,-1
1548163,Orene Denise,Delany-Ullman,Writing,0,0,0,-1
1543951,Amelia,Brasher,Writing,0,0,0,-1
1540431,Michael,Koncewicz,History,0,0,0,-1
2370874,Aijaz,Ahmad,Comparative Literature,0,0,0,-1
2243688,Scott,Lee,Electrical Engineering,0,0,0,-1
1917522,Anupam,Srivastava,Civil Engineering,0,0,0,-1
1881649,Emily,Jackson,Spanish,0,0,0,-1
1877403,Victor,Wu,Computer Information Systems,0,0,0,-1
1860654,Jerrod,Anderson,Economics,0,0,0,-1
2132899,Andrew,Tonkovich,Writing,0,0,0,-1
2107660,Alejandro,Komai,Economics,0,0,0,-1
1803494,Albert,Zlotnik,Medicine,0,0,0,-1
1414296,Chuan,Zhang,Materials Engineering,0,0,0,-1
1387351,L.,Mahmud Abdelwa,Women's Studies,0,0,0,-1
1261408,James,McGaugh,Neurobiology & Behavior,0,0,0,-1
1262419,Carmen,Badea,Computer Science,0,0,0,-1
1261284,Etienne,Balibar,Humanities,0,0,0,-1
1237954,David,Farmer,English,0,0,0,-1
1140079,Beverly,Andrews,Economics,0,0,0,-1
1086110,J,Freeman,Chemistry,0,0,0,-1
1167550,C. Stephen,Bucknam,Civil Engineering,0,0,0,-1
2277918,Kyle,Canavera,Computer Science,0,0,0,-1
1465085,Elizabeth,Chiarello,Sociology,0,0,0,-1
1309221,Daisy,Reyes,Sociology,0,0,0,-1
1001012,D,Saharyildizi,Biological Sciences,0,0,0,-1
925445,Ruben,Ochoa,Studio Art,0,0,0,-1
3164127,Lena ,Shi,Education,0,0,0,-1
3166046,Thomas,Lester,Urban Planning,0,0,0,-1
2993243,Coleman,Collins,Art,0,0,0,-1
2993143,Marion,White,Humanities,0,0,0,-1
3020091,Pia,Dietze,Psychology,0,0,0,-1
3084098,Blake,Dicosola,Informatics,0,0,0,-1
3155003,Sharece,Boghozian,Humanities,0,0,0,-1
3112421,James (Cody),McCord,Physics & Astronomy,0,0,0,-1
3109186,Rory,O'Connell,Philosophy,0,0,0,-1
3126457,Brynna,Seligman,Chemistry,0,0,0,-1
3119441,Suvesh,Balasubramanian,Business,0,0,0,-1
3118001,Helena,Garcia Escudero,Physics & Astronomy,0,0,0,-1
3117916,Hoang,Dang,Chemistry,0,0,0,-1
3077965,Zygmunt,Pizlo,Psychology,0,0,0,-1
3074312,Daniel,Tracht,Economics,0,0,0,-1
2703247,Giulia,Vittori,Italian,0,0,0,-1
2511923,Adam,Barry,Law,0,0,0,-1
2597360,Brittany,Deneau,Business,0,0,0,-1
1566576,Michelle,Khine,Biomedical,0,0,0,-1
2578573,Irani,Irani,Computer Science,0,0,0,-1
2574599,Amy,Castro,Psychology & Social Behavior,0,0,0,-1
2762610,Isak,Bosman,Computer Science,0,0,0,-1
2748998,Daniella,Chavez,Creative Writing,0,0,0,-1
2740544,John,Joseph,Business,0,0,0,-1
2738991,Shawn,Andrews,Business,0,0,0,-1
2723852,Kevin,Cao,Biological Sciences,0,0,0,-1
2712813,Biblia,Cha,Public Health,0,0,0,-1
2654744,Krissia,Martinez,Psychology & Social Behavior,0,0,0,-1
2985281,John,Luo,Medicine,0,0,0,-1
2983038,Shi,Li,Physics & Astronomy,0,0,0,-1
2982508,Edward,Hughes,Business,0,0,0,-1
2852755,Laura ,Klein,French,0,0,0,-1
2887955,Maria,Rebolleda-Gomez,Biology,0,0,0,-1
2884937,Tianding,He,Theater,0,0,0,-1
2888934, Kelsey ,Weymouth-Little,Sociology,0,0,0,-1
2604899,Adrien,Peltzer,Mathematics,0,0,0,-1
2808414,Khalid,Rafique,Engineering,0,0,0,-1
2805119,Natalie,Shapero,English,0,0,0,-1
2804662,March,Boedihardjo,Mathematics,0,0,0,-1
3134899,Daye,Nam,Informatics,0,0,0,-1
3140701,Schaab,Andreas,Economics,0,0,0,-1
2971355,Andreas,de Barros,Education,0,0,0,-1
2929851,Deborah,Tonne,Mathematics,0,0,0,-1
2523683,Kristina,Winbladh,Computer Science,0,0,0,-1
2449413,Emre,Neftci,Cognitive Science,0,0,0,-1
2475669,Barry,Nerhus,Science,0,0,0,-1
2475487,Shanna,Quigley,Humanities,0,0,0,-1
2351341,Simcha,Gross,Religion,0,0,0,-1
2288542,Juliet,Norton,Computer Science,0,0,0,-1
2291696,Juliet,Norton,Information Science,0,0,0,-1
2389595,Zac,Stone,Criminology Law amp Society,0,0,0,-1
2345855,Michael,Ponton,Information Science,0,0,0,-1
2305306,Efi,Foufoula-Georgiou,Engineering,0,0,0,-1
2314986,Jessica,Donckels,Psychology & Social Behavior,0,0,0,-1
2262030,Stephen,Weller,Ecology  Evolutionary Biology,0,0,0,-1
2386431,David,Escofet-Martin,Mechanical Engineering,0,0,0,-1
2493773,Andy,Chen,Chinese,0,0,0,-1
2438571,Marian,Gilton,Logic & Philosophy,0,0,0,-1
2429474,Eric,Saltzman,Earth Science,0,0,0,-1
2432505,L.,Goldberg,Writing,0,0,0,-1
2408102,Raymond,Watkins,Mathematics,0,0,0,-1
1701187,Jimmy,Bany,Sociology,0,0,0,-1
2069198,s ,gross ,Biological Sciences,0,0,0,-1
2047339,Christina,Hernandez,Business,0,0,0,-1
2045055,Amanda,Brindly,Chemistry,0,0,0,-1
2040524,Kevin,Lara,Management,0,0,0,-1
2039798,Joseph,Rinehart,Biomedical,0,0,0,-1
2067462,Luis,Villarreal,Biological Sciences,0,0,0,-1
1662148,Eric,Mosinger,Not Specified,0,0,0,-1
2091767,Nanneh,Chehras,Economics,0,0,0,-1
1961261,Pragya,Trivedi,Writing,0,0,0,-1
1626518,Robert,Coleman,Cognitive Science,0,0,0,-1
1738163,Rainer,Reinscheid,Chemistry,0,0,0,-1
1754198,Shayne,Ryerson,Mathematics,0,0,0,-1
1536679,David,Busse,Psychology & Social Behavior,0,0,0,-1
1502769,Regan,Norris,Writing,0,0,0,-1
1318648,Willy,Jou,Political Science,0,0,0,-1
1906824,Lisa,Horiuchi,Writing,0,0,0,-1
1280525,Bob,Jones,Aerospace Studies,0,0,0,-1
1587251,Abed,Awad,Languages,0,0,0,-1
1585464,David,Tren,Art,0,0,0,-1
1797190,Mahsa,Rouhanizadeh,Biomedical,0,0,0,-1
1483084,Amanda,Walker,Music,0,0,0,-1
1146413,Esther,Chang,Psychology,0,0,0,-1
1124447,Vivek,Pai,Economics,0,0,0,-1
1118330,Molly,Burke,Biology,0,0,0,-1
502069,Lee,Shapiro,Biology,0,0,0,-1
3111250,Aaron,Barth,Physics & Astronomy,0,0,0,-1
3108194,Laurel,Brigham,Ecology & Evolutionary Biology,0,0,0,-1
3107401,Daniel ,Spiegel,Mathematics,0,0,0,-1
3106153,Susan ,Samueli ,Public Health,0,0,0,-1
3142861,Tom,Stroiber,Mathematics,0,0,0,-1
3136328,Isabel,Almeida,Psychology,0,0,0,-1
3151379,Homayoun ,Yousefi'zadeh,Electrical Engineering,0,0,0,-1
3157921,QI,Song,Engineering,0,0,0,-1
3057051,Pedro,Texieira,Mathematics,0,0,0,-1
2998477,Arlene ,Yalcin,English,0,0,0,-1
3104426,Christopher,Martinez,Engineering,0,0,0,-1
3081991,Kenny,Easwaran,Philosophy,0,0,0,-1
3078401,Jeremy,Yeaton,Linguistics,0,0,0,-1
3080400,Kenny,Easwaran,Logic & Philosophy,0,0,0,-1
3097176,Olivia,Silke,Psychology & Social Behavior,0,0,0,-1
2572842,Stephen,Cooke,Accounting,0,0,0,-1
2572040,Jordan,Castro,Chemistry,0,0,0,-1
2715567,Mohammed,Alnemari,Computer Science,0,0,0,-1
2711291,Jose,Torres,"Criminology, Law & Society",0,0,0,-1
2705548,Karl,Schafer,Philosophy,0,0,0,-1
2762051,JEAN,F.,History,0,0,0,-1
2944730,Pim,Oomen,Biomedical,0,0,0,-1
2972938,Lee,Purvey,History,0,0,0,-1
2822811,Dan,Mazzacane,Writing,0,0,0,-1
2821006,Guy,Zimmerman,Dramatic Arts,0,0,0,-1
2820118,Georgia,Lundon,Writing,0,0,0,-1
2851877,Nuin Hui,Ge,Chemistry,0,0,0,-1
2861932,Yin Ting,Liao,Mathematics,0,0,0,-1
2810230,Tanuj,Raut,Philosophy,0,0,0,-1
2808995,Maureen,Fowler,English,0,0,0,-1
2807932,Biswadeep,Maity,Computer Science,0,0,0,-1
2812818,Vincent,Vigil,Social Science,0,0,0,-1
2916923,Jesus,Verdugo,Computer Science,0,0,0,-1
2899428,Andrea,Ordaz,Fine Arts,0,0,0,-1
2887786,Thomas,Milner,Engineering,0,0,0,-1
2887129,Carrie,Wang,Management,0,0,0,-1
2675981,Tim,Rupert,Materials Engineering,0,0,0,-1
2651766,Brian,Flores,Writing,0,0,0,-1
2651017,Samantha,McDonald,Information Science,0,0,0,-1
1782522,Brittany,Liu,Psychology & Social Behavior,0,0,0,-1
2412080,Riley,Okumura,Classics,0,0,0,-1
2448201,Hwawon,Seo,"Criminology, Law & Society",0,0,0,-1
2451820,Amanda,Chung,Chemistry,0,0,0,-1
2428882,Michelia,Dam,Chemistry,0,0,0,-1
2481511,bui.l,bui,International Studies,0,0,0,-1
2382847,Ryan,Sauchelli,Political Science,0,0,0,-1
2239516,Tony,Mok,Mathematics,0,0,0,-1
2271482,Ahrar,Siavash,Biomedical,0,0,0,-1
2382508,John,Kaufman,Academic Services,0,0,0,-1
2384875,Doncan,Ben,English,0,0,0,-1
2383466,Kate,Lokshin,Psychology & Social Behavior,0,0,0,-1
2981827,D.,Calderon,Sociology,0,0,0,-1
2781960,Mark,Krueger,Finance,0,0,0,-1
2780284,Prami,Sengupta,Social Science,0,0,0,-1
2615630,Emily,Kane,Earth Science,0,0,0,-1
2615252,Minh,Cao,Management,0,0,0,-1
2613464,Lily,Zhu,Management,0,0,0,-1
2612924,Venkata,Narra,Engineering,0,0,0,-1
2609084,Simon,Davies,Biology,0,0,0,-1
2572842,Stephen,Cooke,Accounting,0,0,0,-1
2572040,Jordan,Castro,Chemistry,0,0,0,-1
2641661,Robert,Galle,Business,0,0,0,-1
2510684,Thais,Bouchereau,Academic Services,0,0,0,-1
2517000,Alessandra,Martini,Biology,0,0,0,-1
2515845,Anteater,Peter,Mathematics,0,0,0,-1
2520076,Yama,Akbari,Medicine,0,0,0,-1
2591918,David,Yang,Business,0,0,0,-1
2336775,Collin,Helstien,Computer Science,0,0,0,-1
2281306,Alexander,Luttmann,Economics,0,0,0,-1
2280716,Nathaniel,Cayanan,English As A Second Language,0,0,0,-1
2363307,alice,wang,Art,0,0,0,-1
2473684,Grace,Lin,Education,0,0,0,-1
2499540,Lawrence,Wilk,Business,0,0,0,-1
2352956,Greg,Lauro,Logic & Philosophy,0,0,0,-1
2352742,John,Graham,Management,0,0,0,-1
2341700,Harold,Dyck,Statistics,0,0,0,-1
1793493,Kurt,Hessinger,Social Science,0,0,0,-1
2178662,Pau,Piff,Psychology  Social Behavior,0,0,0,-1
2223246,Tom,Trogdon,Mathematics,0,0,0,-1
2163883,Edward,Savitz,General Studies,0,0,0,-1
2159007,Katherine,Harker,Biological Sciences,0,0,0,-1
1123050,Angela,Daley,History,0,0,0,-1
1176331,Bruce,Hemmer,Political Science,0,0,0,-1
1573914,Gregory,Ridgeway,Criminal Justice,0,0,0,-1
1567391,Tara,Akkari,Criminal Justice,0,0,0,-1
1547965,Neil,Dhingra,Medicine,0,0,0,-1
1539803,Susan,Elliott Sim,Informatics,0,0,0,-1
1314705,Michail,Korniotis,Mathematics,0,0,0,-1
1334377,Wayne,Wright,Logic & Philosophy,0,0,0,-1
1324791,Richard,Perry,Social Ecology Administration,0,0,0,-1
1805467,Mark,Fisher,Political Science,0,0,0,-1
1255596,John,Porter,Materials Engineering,0,0,0,-1
1254091,Javier,De Luis,Engineering,0,0,0,-1
1246357,Stacie,McCormick,English,0,0,0,-1
1030080,,Boute,Physics,0,0,0,-1
1032954,Sara,Kirker,Writing,0,0,0,-1
1619574,Eliezer,Nussbaum,Medicine,0,0,0,-1
1888549,Alexander,Jabbari,Writing,0,0,0,-1
2107892,Tyler,Boston,Economics,0,0,0,-1
1696099,Cassandra,Burke,Chemistry,0,0,0,-1
1388063,Douglas,McBroom,Mathematics,0,0,0,-1
1382067,Yldydt,Yldydt,Gerontology,0,0,0,-1
1416471,Haelim,Park,Economics,0,0,0,-1
1967231,Oren ,Izenburg,Humanities,0,0,0,-1
1956143,Miguel ,Lejeune,Management,0,0,0,-1
2030596,Amber,Tierney,Sociology,0,0,0,-1
2028537,aaron,barth,Physics  Astronomy,0,0,0,-1
2018110, Christophe,Magnan,Computer Science,0,0,0,-1
1988647,Kelly,Downey,Computer Science,0,0,0,-1
2045111,armin,schwegler,Spanish,0,0,0,-1
2044456,Joe,Moeller,Mathematics,0,0,0,-1
2091851,Ali,Mousavi,History,0,0,0,-1
2079624,Keith,Moore,Management,0,0,0,-1
2021682,Marc,Carreras Sospedra,Mechanical Engineering,0,0,0,-1
804906,Sabrina,Austin,Criminal Justice,0,0,0,-1
3024177,H.,Dang,Chemistry,0,0,0,-1
3022599,Jason,Weber,Computer Science,0,0,0,-1
2996546,Ben,Morehouse,Biology,0,0,0,-1
3129461,Hannah,Pfister,Writing,0,0,0,-1
3120308,Haleigh,Marcello,History,0,0,0,-1
3119603,Helena,Escuerdo,Physics & Astronomy,0,0,0,-1
3118002,Helena,Escudero,Physics & Astronomy,0,0,0,-1
3117146,Cheuk Eric,Yau,Mathematics,0,0,0,-1
3116224,Dae Seok,Eom,Biology,0,0,0,-1
3077992,Digang,Fan,English,0,0,0,-1
3071427,Isaias,Contreras,Social Ecology Administration,0,0,0,-1
3071429,Isaias,Contreras,Psychology,0,0,0,-1
3071225,John,Nelson-Mondragon,Economics,0,0,0,-1
3089037,Bin,Nan,Statistics,0,0,0,-1
3086235,Franco,Wong,Accounting,0,0,0,-1
3107750,Rajee,Samarasinghe,Film,0,0,0,-1
3095166,Olivia ,Silke,Psychology,0,0,0,-1
3018383,Anita,Famili,Law,0,0,0,-1
3022917,Matthew ,Renner ,Criminal Justice,0,0,0,-1
2775695,Roy,Virgen,Business,0,0,0,-1
2674285,Thomas,Cosgrove,Writing,0,0,0,-1
2749941,Chirstopher,Vanover,Accounting,0,0,0,-1
2744956,Gulnaz,Shalgumbayeva,Mathematics,0,0,0,-1
2727681,Philip,Kiser,Pharmaceutical Sciences,0,0,0,-1
2707943,Mohammad,Alabdullah,Physics & Astronomy,0,0,0,-1
2712519,Shichen,Tang,Mathematics,0,0,0,-1
2710541,Thomas,Taylor,Public Health,0,0,0,-1
2679714,Gwendolen,Pare,Spanish,0,0,0,-1
2925494,robert,Wood,English,0,0,0,-1
2774446,Adriana,Rincon,Physics amp Astronomy,0,0,0,-1
2946186,Sang,Jun,Computer Science,0,0,0,-1
2891084,Thomas,Burke,Writing,0,0,0,-1
2953131,Maxim,SHCHERBAKOV,Engineering,0,0,0,-1
2941456,Bryce,Mander,Psychiatry & Human Behavior,0,0,0,-1
2847864,Steven,Nave,German,0,0,0,-1
2812888,Christi,McGowan,Law,0,0,0,-1
2811162,Jennifer,Villoria,Chemistry,0,0,0,-1
2806251,Matthew,Cheung,Mathematics,0,0,0,-1
2607832,Michael,McNally,Civil Engineering,0,0,0,-1
2597209,Kai,Yan,Computer Science,0,0,0,-1
2981799,Jinwon,Park,Management,0,0,0,-1
2980889,Gustavo,Carlo,Education,0,0,0,-1
2972208,Maura,Allaire,Urban Planning,0,0,0,-1
2991530,Andrei ,Shkel,Engineering,0,0,0,-1
2991332,Mindy,Nicewonger,Earth Science,0,0,0,-1
2529434,Jake,Dogias,Dramatic Arts,0,0,0,-1
2665263,Steven,Frank,Biological Sciences,0,0,0,-1
2578371,Stewart,Sutton,Informatics,0,0,0,-1
2565300,Richard,Schoen,Mathematics,0,0,0,-1
2415783,Ryan,Koordi,Engineering,0,0,0,-1
2346585,Olufunmilayo,Arewa,Law,0,0,0,-1
2345831,David,Savlowitz,Business,0,0,0,-1
2276278,Kevin,Chen,Chemistry,0,0,0,-1
2377425,Shauhin,Talesh,Law,0,0,0,-1
2161519,Ralph,Hosoki,Sociology,0,0,0,-1
2160141,Joanne,Christopherson,Sociology,0,0,0,-1
1827223,Brian,Gillespie,Social Science,0,0,0,-1
1339981,Fbywhhquqsc,Gwmfsftgrtxpnsfajpr,Geography,0,0,0,-1
2384179,Gena,Guisar,Planning Policy amp Design,0,0,0,-1
2383523,Anjelica,Cespedes,Social Ecology Administration,0,0,0,-1
2458205,Michael,Spano,Chemistry,0,0,0,-1
2232709,Jennifer,Pastor,Art,0,0,0,-1
2406715,Juli,Carson,Art,0,0,0,-1
2340764,Provencher,Ken,Film,0,0,0,-1
2335694,Jean,Saphores,Engineering,0,0,0,-1
2329668,Nicholas,Scurich,Psychology amp Social Behavior,0,0,0,-1
1519665,Richard,Lettieri,Psychology,0,0,0,-1
1405500,De Guzman,Jayson,Biological Sciences,0,0,0,-1
1030299,Kirsten,Lodgard,Physics & Astronomy,0,0,0,-1
1142111,Luz,Horta-Oseguera,University Studies,0,0,0,-1
1104114,T,Phan,Asian Studies,0,0,0,-1
1958884,John,Funk,English,0,0,0,-1
1309551,Lyly,Tran,Biological Sciences,0,0,0,-1
1328175,Michael,Campos,Biomedical,0,0,0,-1
1326526,Roger,Arashingham,Chemistry,0,0,0,-1
1326267,Ullman,Delany,Writing,0,0,0,-1
1325212,Kristen,Schwarz,Writing,0,0,0,-1
1461767,Stephen,Buchwald,Information Science,0,0,0,-1
1454472,Hans U.,Bernard,Biological Sciences,0,0,0,-1
2120039,Bozhena,Bidyuk,Computer Science,0,0,0,-1
1431893,Cortney,Hughes,Women's Studies,0,0,0,-1
1922261,Henry,Sobel,Physics  Astronomy,0,0,0,-1
1915969,Kimberly,McCarthy,Business,0,0,0,-1
1225329,James,Hateley,Mathematics,0,0,0,-1
1220164,Dong,Jun,Art,0,0,0,-1
1175779,Toai,Nguyen,Biological Sciences,0,0,0,-1
1157639,Lisa,Garbrecht,Education,0,0,0,-1
1181199,Suzanne,Bolding,Humanities,0,0,0,-1
1182416,John,Snyder,Physics & Astronomy,0,0,0,-1
2106565,Ali,Kassir,Mathematics,0,0,0,-1
1578962,Grace,Tonner,Law,0,0,0,-1
1699802,Kathryn,Cooper,Political Science,0,0,0,-1
1232809,Anne,Dolan,Anthropology,0,0,0,-1
